קרטריון,סוג_מוסד,שם_מרכז_רפואי,תחום התמחות,תת מחלקה,אתר_מחלקה,תואר (ד׳׳ר/פרופסור) מנהל המחלקה,שם מנהל/ת המערך/מחלקה,מייל מנהל/ת המערך/מחלקה,מספר טלפון מנהל/ת המערך/מחלקה,תואר (מר/גב׳/ ד׳׳ר/פרופסור) של איש קשר במחלקה,תפקיד איש קשר,שם איש קשר,מייל איש קשר,מספר טלפון איש קשר,כמה מילים על המערך,מספר_בכירים,DUNS100,לינק להגשת מועמדות,משך_התמחות_רשמי,משך_ממוצע_בפועל,זמן_המתנה_חציוני_לתקן,מספר המתקבלים שדיווחו שמצאו מיד התמחות,מספר המתקבלים שדיווחו שמצאו עד חצי שנה,מספר המתקבלים שדיווחו שמצאו עד שנה,מספר המתקבלים שדיווחו שמצאו עד שנתיים,מספר המתקבלים שדיווחו שמצאו אחרי שנתיים,שכר_לא_פריפריה,שכר_פריפריה,פער_שכר_פריפריה,מספר_מתמחים,מספר נשים,אחוז_נשים,מספר גברים,אחוז_גברים,מעבר_שלב_א,מדד_שחיקה,מספר פרסומים מחלקתי,מעבר_שלב_ב,מספר מתמחים חדשים 2020,מספר מתמחים חדשים 2021,מספר מתמחים חדשים 2020,מספר מתמחים חדשים 2021,מספר מתמחים חדשים 2022,מספר מתמחים חדשים 2023,מספר מתמחים חדשים 2024,צפי תקנים חדשים ב2026,מספר אלקטיביסטים חציוני
מקור הנתונים,,,,,רשת,רשת,רשת,רשת,רשת,רשת,רשת,רשת,רשת,רשת,רשת,רשת,רשת,,משך_התמחות_רשמי,משך_ממוצע_בפועל,זמן_המתנה_חציוני_לתקן,מספר המתקבלים שדיווחו שמצאו מיד התמחות,מספר המתקבלים שדיווחו שמצאו עד חצי שנה,מספר המתקבלים שדיווחו שמצאו עד שנה,מספר המתקבלים שדיווחו שמצאו עד שנתיים,מספר המתקבלים שדיווחו שמצאו אחרי שנתיים,שכר_לא_פריפריה,שכר_פריפריה,פער_שכר_פריפריה,מספר_מתמחים,,אחוז_נשים,,אחוז_גברים,מעבר_שלב_א,מדד_שחיקה,מספר פרסומים מחלקתי,מעבר_שלב_ב,מספר מתמחים חדשים 2020,מספר מתמחים חדשים 2021,מספר מתמחים חדשים 2020,מספר מתמחים חדשים 2021,מספר מתמחים חדשים 2022,מספר מתמחים חדשים 2023,מספר מתמחים חדשים 2024,צפי תקנים חדשים ב2026,מספר אלקטיביסטים חציוני
,קופ''ח,אסיא ש.בריאות קהילתיים,רפואת המשפחה,,https://www.assiamd.co.il/about/,,,,,,,,,,,,,,4,130,21,1,2,3,1,1,"16,954.00","19,965.92","3,011.92",41,16,39.02%,25,60.98%,63.45%,3.9,,71.60%,1,4,3,3,4,1,1,1 - 4,
,קופ''ח,שירותי בריאות כללית,רפואת המשפחה,,https://www.clalit.co.il/he/info/career/Pages/family_docs.aspx,,,,,,,,,,,,,,4,60,7,204,272,132,82,41,"16,954.00","19,965.92","3,011.92",808,384,48.36%,410,51.64%,63.45%,3.9,,71.60%,99,97,113,141,149,135,106,103 - 138,
,קופ''ח,מכבי שירותי בריאות,רפואת המשפחה,,https://www.maccabi4u.co.il/careers/specialization_family/info/family_medicine/,,,,,,,,,,,,,,4,56,5,97,153,52,18,4,"16,954.00","19,965.92","3,011.92",271,169,63.06%,99,36.94%,63.45%,3.9,,71.60%,35,36,34,34,65,52,69,35 - 59,
,קופ''ח,"קופ""ח לאומית",רפואת המשפחה,,https://www.leumit.co.il/jobs/family-medicine-residency/family-department/,,,,,,,,,,,,,,4,58,16,3,14,23,13,9,"16,954.00","19,965.92","3,011.92",51,19,37.25%,32,62.75%,63.45%,3.9,,71.60%,5,10,10,13,7,6,11,7 - 11,
,קופ''ח,"קופ""ח מאוחדת",רפואת המשפחה,,https://www.meuhedet.co.il/%D7%93%D7%A8%D7%95%D7%A9%D7%99%D7%9D/%D7%A7%D7%A8%D7%99%D7%99%D7%A8%D7%94-%D7%91%D7%9E%D7%90%D7%95%D7%97%D7%93%D7%AA/%D7%94%D7%AA%D7%9E%D7%97%D7%95%D7%AA-%D7%91%D7%A8%D7%A4%D7%95%D7%90%D7%AA-%D7%9E%D7%A9%D7%A4%D7%97%D7%94/,,,,,,,,,,,,,,4,53,10,23,43,22,18,8,"16,954.00","19,965.92","3,011.92",116,47,40.87%,68,59.13%,63.45%,3.9,,71.60%,9,16,13,22,22,16,30,15 - 22,
,ברה''נ,"מרכז לבה""נ גהה",פסיכיאטריה,,https://hospitals.clalit.co.il/geha/he/stud/Pages/psychiatry.aspx,,,,,,,,,,,,,,4.5,70,4,13,9,2,0,2,"16,954.00","19,965.92","3,011.92",26,14,53.85%,12,46.15%,78.17%,4.7,,62.28%,3,3,3,3,3,5,5,3 - 4,
,ברה''נ,"מרכז לבה""נ שלוותה",פסיכיאטריה,,https://hospitals.clalit.co.il/shalvata/he/residency/Pages/psychiatry_training.aspx,,,,,,,,,,,,,,4.5,70,3,21,19,4,0,1,"16,954.00","19,965.92","3,011.92",37,16,43.24%,21,56.76%,78.17%,4.7,,62.28%,4,3,5,9,5,7,6,5 - 7,
,ברה''נ,"מרכז לבה""נ מזור",פסיכיאטריה,,https://www.gov.il/he/departments/mazor-health-center/govil-landing-page,,,,,,,,,,,,,,4.5,69,4,11,5,3,1,0,"16,954.00","19,965.92","3,011.92",44,26,61.90%,16,38.10%,78.17%,4.7,,62.28%,5,5,5,2,3,3,4,3 - 5,
,ברה''נ,"מרכז לבה""נ באר שבע",פסיכיאטריה,,,,,,,,,,,,,,,,4.5,84,5,9,10,4,0,1,"16,954.00","19,965.92","3,011.92",45,16,41.03%,23,58.97%,78.17%,4.7,,62.28%,5,5,4,4,3,5,3,4 - 5,
,ברה''נ,מרחבים - המרכז הרפואי לטיפול במוח ובנפש באר יעקב נס ציונה,פסיכיאטריה,,https://www.gov.il/he/departments/mental-health-center-beer-yaacov-ness-ziona/govil-landing-page,,,,,,,,,,,,,,4.5,66,3,30,18,14,4,2,"16,954.00","19,965.92","3,011.92",52,23,45.10%,28,54.90%,78.17%,4.7,,62.28%,6,7,11,2,9,15,11,7 - 11,
,ברה''נ,"מרכז לבה""נ מעלה הכרמל",פסיכיאטריה,,https://www.tiratcarmel-med.org.il/,,,,,,,,,,,,,,4.5,70,5,2,6,6,1,4,"16,954.00","19,965.92","3,011.92",36,19,57.58%,14,42.42%,78.17%,4.7,,62.28%,1,4,1,5,4,5,2,2 - 5,
,ברה''נ,"מרכז לבה""נ שער מנשה",פסיכיאטריה,,https://www.shaar-menashe.org/,,,,,,,,,,,,,,4.5,86,3,5,15,10,3,1,"16,954.00","19,965.92","3,011.92",58,19,34.55%,36,65.45%,78.17%,4.7,,62.28%,1,4,1,5,7,6,9,3 - 7,
,ברה''נ,"מרכז לבה""נ אברבנאל",פסיכיאטריה,,https://www.gov.il/he/departments/mental-health-center-abarbanel/govil-landing-page,,,,,,,,,,,,,,4.5,99,9,3,2,5,2,1,"16,954.00","19,965.92","3,011.92",34,11,34.38%,21,65.63%,78.17%,4.7,,62.28%,7,1,1,3,3,3,3,2 - 3,
,ברה''נ,"מרכז לבה""נ לב השרון",פסיכיאטריה,,https://www.lev-hasharon.co.il/?page_id=853,,,,,,,,,,"פסיכיאטריה היא תחום התמחות ברפואה העוסק באבחון וטיפול של הפרעות נפשיות. עבודתו של הפסיכיאטר מחייבת מבט ביו-פסיכו-סוציאלי מקיף המבוסס על מחקר מדעי מתחומי מדעי המוח, הרפואה, פסיכולוגיה, סוציולוגיה ועוד. המרכז הרפואי לבריאות הנפש לב השרון מצטיין במגוון תחומי התמחות קליניים ומחקריים: פסיכיאטריה אקוטית, פסיכיאטריה משפטית, פסיכו-גריאטריה, התמכרויות ותחלואה כפולה, טראומה, גריה מוחית ושיקום. במהלך ההתמחות נחשפים המתמחים למגוון תחומים אלו תחת הדרכתם של מיטב המומחים בתחום.
המרכז לבריאות הנפש לב השרון הינו מרכז רפואי מוביל בהכשרת מתמחים בתחום הפסיכיאטריה, עם 100% הצלחה במבחני שלב ב’ בארבע השנים האחרונות.מה כוללת תכנית ההכשרה בלב השרון?

– הדרכות פרטניות בניהול מקרה פסיכיאטרי
– הדרכות פרטניות בפסיכותרפיה דינמית
– הדרכות קבוצתיות בטיפול קוגניטיבי-התנהגותי
– מנטור אישי למהלך ההתמחות
– סמינר מתמחים שבועי
– סמינר מחקר שבועי
– הדרכה בביצוע מחקר במדעי יסוד
– הכנה לבחינות התמחות (שלב א’ ושלב ב’)
– יציאה ללימודי המשך בפסיכיאטריה
– יציאה לכנסים בישראל ובחו”ל

הנהלת בית החולים מסייעת לכל מתמחה בבניית תכנית קריירה אישית אשר מאפשרת התפתחות בתחומי התמקצעות ספציפיים אליהם נחשפים מתמחי בית החולים. בשנים האחרות אחוזי המעבר בבחינות ההתמחות גבוהים ביותר, ומרבית מסיימי ההתמחות בבית החולים המשיכו לתפקידים בכירים במרכז.

בית חולים “לב השרון”, הממוקם בפרדסיה, סמוך לנתניה, נכלל בהסכם הרופאים 2011 ובהסכם מענקי פריפריה.",,,,4.5,56,3,8,8,4,0,0,"16,954.00","19,965.92","3,011.92",32,14,51.85%,13,48.15%,78.17%,4.7,,62.28%,3,3,3,4,3,4,6,3 - 4,
,ברה''נ,"מרכז לבה""נ ירושלים (כפר שאול ואיתנים)",פסיכיאטריה,,http://www.psjer.org.il/?CategoryID=254,,,,,,,,,,,,,,4.5,63,4,5,1,2,0,0,"16,954.00","19,965.92","3,011.92",40,15,39.47%,23,60.53%,78.17%,4.7,,62.28%,1,7,4,2,5,5,2,2 - 5,
,ברה''נ,"מרכז בריאות הנפש רמת חן ע""ש בריל",פסיכיאטריה,,,,,,,,,,,,,,,,4.5,51,4,3,6,0,0,0,"16,954.00","19,965.92","3,011.92",10,6,60.00%,4,40.00%,78.17%,4.7,,62.28%,1,1,1,1,3,1,2,1 - 2,
,ברה''נ,"מרכז לבה""נ גהה",פסיכיאטריה של הילד והמתבגר,,https://hospitals.clalit.co.il/geha/he/stud/Pages/psychiatry.aspx,,,,,,,,,,,,,,5,76,4,8,9,1,1,1,"16,954.00","19,965.92","3,011.92",24,13,54.17%,11,45.83%,#DIV/0!,4.5,,73.37%,2,1,0,2,7,3,4,2 - 4,
,ברה''נ,"מרכז לבה""נ שלוותה",פסיכיאטריה של הילד והמתבגר,,https://hospitals.clalit.co.il/shalvata/he/residency/Pages/psychiatry_training.aspx,,,,,,,,,,,,,,5,68,3,10,9,3,0,0,"16,954.00","19,965.92","3,011.92",14,12,85.71%,2,14.29%,#DIV/0!,4.5,,73.37%,1,5,0,1,5,4,1,1 - 5,
,ברה''נ,"מרכז לבה""נ באר שבע",פסיכיאטריה של הילד והמתבגר,,,,,,,,,,,,,,,,5,#DIV/0!,1,5,1,2,0,0,"16,954.00","19,965.92","3,011.92",7,0,0.00%,5,100.00%,#DIV/0!,4.5,,73.37%,0,2,0,1,1,0,2,0 - 2,
,ברה''נ,מרחבים - המרכז הרפואי לטיפול במוח ובנפש באר יעקב נס ציונה,פסיכיאטריה של הילד והמתבגר,,https://www.gov.il/he/departments/mental-health-center-beer-yaacov-ness-ziona/govil-landing-page,,,,,,,,,,,,,,5,#DIV/0!,1,7,6,1,0,0,"16,954.00","19,965.92","3,011.92",7,6,85.71%,1,14.29%,#DIV/0!,4.5,,73.37%,0,0,0,3,4,3,3,0 - 3,
,ברה''נ,"מרכז לבה""נ מעלה הכרמל",פסיכיאטריה של הילד והמתבגר,,https://www.tiratcarmel-med.org.il/,,,,,,,,,,,,,,5,85,10,2,3,2,0,0,"16,954.00","19,965.92","3,011.92",12,6,50.00%,6,50.00%,#DIV/0!,4.5,,73.37%,2,2,0,0,2,2,3,1 - 2,
,ברה''נ,"מרכז לבה""נ אברבנאל",פסיכיאטריה של הילד והמתבגר,,https://www.gov.il/he/departments/mental-health-center-abarbanel/govil-landing-page,,,,,,,,,,,,,,5,68,5,0,3,1,0,0,"16,954.00","19,965.92","3,011.92",11,5,45.45%,6,54.55%,#DIV/0!,4.5,,73.37%,1,1,1,1,0,2,1,1 - 1,
,ברה''נ,"מרכז לבה""נ ירושלים (כפר שאול ואיתנים)",פסיכיאטריה של הילד והמתבגר,,http://www.psjer.org.il/?CategoryID=254,,,,,,,,,,,,,,5,67,12,2,0,0,2,0,"16,954.00","19,965.92","3,011.92",8,6,75.00%,2,25.00%,#DIV/0!,4.5,,73.37%,0,1,0,1,1,3,2,1 - 2,
,ברה''נ,"מרכז בריאות הנפש רמת חן ע""ש בריל",פסיכיאטריה של הילד והמתבגר,,,,,,,,,,,,,,,,5,#DIV/0!,28,2,1,2,0,0,"16,954.00","19,965.92","3,011.92",5,5,100.00%,0,0.00%,#DIV/0!,4.5,,73.37%,0,0,0,2,3,0,0,0 - 1,
,גריאטרי/שיקומי,מ.גריאטרי שהם,גריאטריה,,https://www.shoham-medical.org.il/about-shoham/%d7%94%d7%aa%d7%9e%d7%97%d7%95%d7%aa-%d7%91-%d7%a9%d7%94%d7%9d/,,,,,,,,,,"המרכז הרפואי ""שהם"" מסונף לבית הספר לרפואה של הטכניון ומוכר להתמחות בגריאטריה על ידי המועצה המדעית של משרד הבריאות.
מדי שנה מכשירים ב""שהם"" קבוצות של סטודנטים לרפואה וסטאז'רים מהארץ ומחו""ל.
המדריכים של בית החולים מוערכים מאוד על ידי סטודנטים ומוסדות להשכלה גבוהה ומקבלים ציוני הערכה גבוהים מספר שנים ברציפות.
המתמחים בבית החולים זוכים לליווי אישי, הכוונה והוראה מתמשכת, ואחוזי המעבר בבחינות סיום ההתמחות הינם גבוהים. בסיום ההתמחות הרופאים משתלבים במהירות בתפקידי מפתח במערכת הבריאות.
",,,,4.5,70,13,4,3,12,7,1,"16,954.00","19,965.92","3,011.92",41,18,45.00%,22,55.00%,35.32%,4.1,,65.59%,4,3,3,6,8,5,5,4 - 6,
,גריאטרי/שיקומי,מרכז רפואי רעות,גריאטריה,,,,,,,,,,,,,,,,4.5,59,24,1,2,3,2,2,"16,954.00","19,965.92","3,011.92",6,2,33.33%,4,66.67%,35.32%,4.1,,65.59%,0,2,3,2,2,1,0,1 - 2,
,גריאטרי/שיקומי,"ביה""ח הרצוג",גריאטריה,,,,,,,,,,,,,,,,4.5,#DIV/0!,21,0,1,6,9,5,"16,954.00","19,965.92","3,011.92",43,8,18.60%,35,81.40%,35.32%,4.1,,65.59%,1,1,3,1,9,9,8,1 - 9,
,גריאטרי/שיקומי,מ.גריאטרי פלימן,גריאטריה,,,,,,,,,,,,,,,,4.5,59,16,4,8,8,7,5,"16,954.00","19,965.92","3,011.92",38,16,44.44%,20,55.56%,35.32%,4.1,,65.59%,4,4,5,7,4,6,5,4 - 6,
,גריאטרי/שיקומי,מ.גריאטרי בית רבקה,גריאטריה,,,,,,,,,,,,,,,,4.5,128,17,3,4,2,6,1,"16,954.00","19,965.92","3,011.92",16,6,40.00%,9,60.00%,35.32%,4.1,,65.59%,1,3,3,5,2,1,4,2 - 4,
,גריאטרי/שיקומי,מ.גריאטרי שמואל הרופא,גריאטריה,,,,,,,,,,,,,,,,4.5,64,12,5,9,10,7,5,"16,954.00","19,965.92","3,011.92",102,37,39.36%,57,60.64%,35.32%,4.1,,65.59%,7,7,6,7,11,1,9,7 - 8,
,גריאטרי/שיקומי,מרכז גריאטרי נאות המושבה,גריאטריה,,,,,,,,,,,,,,,,4.5,#DIV/0!,23,0,0,4,6,4,"16,954.00","19,965.92","3,011.92",19,2,10.53%,17,89.47%,35.32%,4.1,,65.59%,0,1,1,5,2,3,7,1 - 4,
,גריאטרי/שיקומי,מ.גריאטרי הרצפלד,גריאטריה,,,,,,,,,,,,,,,,4.5,#DIV/0!,16,5,5,3,2,3,"16,954.00","19,965.92","3,011.92",35,11,31.43%,24,68.57%,35.32%,4.1,,65.59%,0,1,2,5,2,1,8,1 - 4,
,גריאטרי/שיקומי,בית בלב ראשון לציון,גריאטריה,,,,,,,,,,,,,,,,4.5,#DIV/0!,31,0,1,1,1,3,"16,954.00","19,965.92","3,011.92",6,2,33.33%,4,66.67%,35.32%,4.1,,65.59%,0,0,0,0,0,0,0,0 - 0,
,גריאטרי/שיקומי,מ.גריאטרי נתניה,גריאטריה,,,,,,,,,,,,,,,,4.5,82,19,2,0,2,4,2,"16,954.00","19,965.92","3,011.92",30,15,51.72%,14,48.28%,35.32%,4.1,,65.59%,3,1,5,4,2,2,4,2 - 4,
,גריאטרי/שיקומי,עדי נגב - נחלת עדן,רפואה פיזיקלית ושיקום,,,,,,,,,,,,,,,,4,#DIV/0!,32,0,0,3,0,0,"16,954.00","19,965.92","3,011.92",3,1,33.33%,2,66.67%,43.49%,4.6,,44.61%,0,0,0,1,2,0,0,0 - 1,
,שיקומי,"ביה""ח לוינשטיין",רפואה פיזיקלית ושיקום,,,,,,,,,,,,,,,,4,48,9,16,11,7,6,3,"16,954.00","19,965.92","3,011.92",48,23,48.94%,24,51.06%,43.49%,4.6,,44.61%,3,4,8,5,6,4,12,4 - 7,
,מ''ר מוגבל,"ביה""ח הצרפתי",רפואת ילדים,,https://saint-vincent-hospital.org/%d7%9e%d7%97%d7%9c%d7%a7%d7%aa-%d7%99%d7%9c%d7%93%d7%99%d7%9d/,ד׳׳ר,בשארה מנסור,,,,,,,,"מערך הילדים בבית החולים הצרפתי בנצרת כולל: מחלקת ילדים והיא מחלקת אשפוז ילדים הגדולה בין בתי החולים בעיר נצרת, מחלקת טיפול נמרץ ילדים, כירורגיה- ילדים, אורתופדיה -ילדים מלר""ד ילדים, מרכז סכרת והשמנת יתר-ילדים, המכון להתפתחות הילד ומרפאות הכוללת: קרדיולוגיה ילדים, גסטרואנטורולוגיה ילדים, ריאות ילדים, נוירולוגיה ילדים, נפרולוגיה ילדים, המטולוגיה ילדים, אנדוקרינולוגיה ילדים ואלרגיה  -אימונולוגיה ילדים.",,,,4.5,77,20,2,4,18,8,7,"16,954.00","19,965.92","3,011.92",36,7,20.00%,28,80.00%,84.92%,4.6,,88.27%,2,7,8,2,7,6,8,4 - 8,
,מ''ר מוגבל,"ביה""ח הצרפתי",יילוד וגינקולוגיה,,https://saint-vincent-hospital.org/%d7%9e%d7%97%d7%9c%d7%a7%d7%aa-%d7%a0%d7%a9%d7%99%d7%9d-%d7%95%d7%99%d7%95%d7%9c%d7%93%d7%95%d7%aa/,ד׳׳ר,איאד שהשאן,,,,,,,,,,,,6,80,10,0,3,4,2,0,"16,954.00","19,965.92","3,011.92",14,8,61.54%,5,38.46%,74.40%,4.7,,82.48%,0,1,2,1,1,3,2,1 - 2,
,מ''ר מוגבל,"ביה""ח הצרפתי",אף אוזן גרון,,https://saint-vincent-hospital.org/%d7%9e%d7%97%d7%9c%d7%a7%d7%aa-%d7%90%d7%a3-%d7%90%d7%95%d7%96%d7%9f-%d7%92%d7%a8%d7%95%d7%9f/,ד׳׳ר,סולימאן זערורה,,,,,,,,,,,,6,102,8,0,5,0,2,1,"16,954.00","19,965.92","3,011.92",8,0,0.00%,8,100.00%,80.08%,4.8,,76.61%,1,1,1,1,2,1,1,1 - 1,
,מ''ר מוגבל,"ביה""ח הצרפתי",מחלות עיניים,,https://saint-vincent-hospital.org/%d7%9e%d7%97%d7%9c%d7%a7%d7%aa-%d7%a2%d7%99%d7%a0%d7%99%d7%99%d7%9d/,ד׳׳ר,נאיל מזאוי,,,,,,,,,,,,5,75,20,0,0,3,3,4,"16,954.00","19,965.92","3,011.92",8,2,25.00%,6,75.00%,76.38%,4.5,,71.61%,2,1,2,1,2,1,2,1 - 2,
,מ''ר מוגבל,"ביה""ח יוספטל",פנימית,,,,,,,,,,,,,,,,4,132,13,0,1,1,1,0,"16,954.00","19,965.92","3,011.92",5,2,40.00%,3,60.00%,53.19%,4.9,,74.85%,0,0,0,0,1,1,1,0 - 1,
,מ''ר מוגבל,"ביה""ח יוספטל",כירורגיה כללית,,,,,,,,,,,,,,,,6,#DIV/0!,23,1,2,1,2,1,"16,954.00","19,965.92","3,011.92",8,0,0.00%,8,100.00%,84.75%,5,,68.56%,0,0,0,0,2,3,3,0 - 3,
,מ''ר מוגבל,"ביה""ח המשפחה הקדושה",יילוד וגינקולוגיה,,https://hfhosp.org/he/%D7%9E%D7%97%D7%9C%D7%A7%D7%95%D7%AA/%D7%90%D7%92%D7%A3-%D7%A0%D7%A9%D7%99%D7%9D-%D7%95%D7%99%D7%95%D7%9C%D7%93%D7%95%D7%AA,פרופ׳,ראיד סלים,r.salim@hfhosp.org,,,,,,,"צוות מחלקת נשים ויולדות בבית חולים המשפחה הקדושה שמח וגאה להעניק לך טיפול אישי מקיף ומקצועי המבוסס על רפואה מתקדמת, מבוססת ראיות, עם תנאי אשפוז חדישים ומרווחים.

הטיפולים המקיפים במחלקת נשים ויולדות כוללים בין היתר: מעקבי הריון, לידות רגילות, ולידות בניתוח קיסרי, טיפולים בילודים ופגים, רפואת נשים הכוללת בין היתר כירורגיה אנדוסקופית וכירורגיה פתוחה, אורו-גניקולוגיה, רפואת צוואר הרחם, יחידת אולטרה-סאונד עם המכשור התקדם בעולם, ומרפאות נשים ייעודיות. המחלקה גם מעניקה קורסי הכנה ללידה רגילה ולידה בניתוח קיסרי.

הצוות מורכב מרופאות ורופאים בכירים, בעלי תחומי התמחות ייעודיים וניסיון מקצועי רב בתחומים שלהם. במחלקה מתמחות ומתמחים מעולים בשלבי התמחות שונים, מיילדות ואחיות ותיקות, צוותים מקצועיים נוספים בתחום הפסיכולוגיה, עבודה סוציאלית, פיזיותרפיה, הדרכות להנקה, ותזונה. בנוסף, במשך כל שעות היממה, ישנו רופא מרדים ייעודי למתן אפידורל, וחדר ניתוח ייעודי, פנוי, וזמין, לכל פעולה או ניתוח דחוף.",15,,,6,132,9,1,2,3,2,0,"16,954.00","19,965.92","3,011.92",22,18,81.82%,4,18.18%,74.40%,4.7,,82.48%,0,0,2,2,4,5,2,1 - 3,
,מ''ר מוגבל,"ביה""ח המשפחה הקדושה",אורתופדיה,,https://hfhosp.org/he/%D7%9E%D7%97%D7%9C%D7%A7%D7%95%D7%AA/%D7%90%D7%95%D7%A8%D7%AA%D7%95%D7%A4%D7%93%D7%99%D7%94,ד׳׳ר,מרואן חדאד,,,,,,,,"המחלקה האורתופדית בניהולו של ד""ר מרואן חדאד, מומחה כתף ומרפק, כוללת מספר רופאים בכירים בתחום בנוסף מתמחים.
מאז מעבר ד""ר חדאד לנצרת וניהול המחלקה שהחל בפברואר 2020, נרכש ציוד חדש וחדיש שמאפשר לנו להתמודד עם כל הבעיות האורתופדיות.
המחלקה משתתפת במספר מחקרים ארציים ובינלאומיים. המחלקה משמשת כמרכז הדרכה לחברת INTEGRA  חברת CONMED האמריקאיות בתחום ניתוח קרעים בכתף והחלפת כתפיים.
במהלך שנת 2020 הוקם במחלקה שירות חדש לטיפול בבעיות כף הרגל והקרסול בראשות ד""ר בלאל חטיב, שנועד לתקן את העיוותים בכף רגל בצורה מזערית בלי צורך בחתכים גדולים, דבר שמשפר את התוצאות מקצר את תקופת השיקום.
בזכות השילוב של מספר מנתחי ברכיים, ד""ר מוחמד יונס וד""ר מרואן גנטוס, ספורטאים עם פציעות ברכיים יכולים למצוא מענה טיפולי לבעיות שלהם.",5,,,6,#DIV/0!,19,0,0,0,5,2,"16,954.00","19,965.92","3,011.92",8,0,0.00%,8,100.00%,70.66%,5.2,,69.70%,0,0,2,1,1,4,0,0 - 2,
,מ''ר מוגבל,"ביה""ח המשפחה הקדושה",רדיולוגיה (דימות),,https://hfhosp.org/he/%D7%9E%D7%9B%D7%95%D7%A0%D7%99%D7%9D/%D7%A8%D7%A0%D7%98%D7%92%D7%9F-ct-us-%D7%A6%D7%A4%D7%99%D7%A4%D7%95%D7%AA-%D7%94%D7%A2%D7%A6%D7%9D,ד׳׳ר,זאהי אבו נסאר,,,,,מזכירות המחלקה,xray@hfhosp.org,,,,,,5,68,44,0,0,0,1,2,"16,954.00","19,965.92","3,011.92",3,0,0.00%,3,100.00%,78.40%,4.7,,73.50%,1,0,0,0,0,3,0,0 - 1,
,מ''ר מוגבל,"ביה""ח המשפחה הקדושה",כירורגיה כללית,,https://hfhosp.org/he/%D7%9E%D7%97%D7%9C%D7%A7%D7%95%D7%AA/%D7%9E%D7%A2%D7%A8%D7%9A-%D7%9C%D7%9B%D7%99%D7%A8%D7%95%D7%A8%D7%92%D7%99%D7%94-%D7%9B%D7%9C%D7%9C%D7%99%D7%AA,פרופ׳,נאסר סקרן,n.sakran@hfhosp.org,,,,,,,"המחלקה בראשותו של פרופ' נאסר סקרן, מעניקה מגוון רחב של תחומים בתחום הכירורגיה הכללית, בניתוחים פתוחים ובניתוחים לפרוסקופיים (זעיר פולשני) מתקדמים.  תנאי האשפוז נוחים ובסטנדרט גבוה.
בסמוך למחלקה כירורגית ישנן מרפאות חוץ:
מרפאת שד ייחודית
מרפאה אונקו-כירורגית קולורקטלית ופרוקטולוגית
מרפאה בריאטרית (טיפול כירורגי בהשמנת יתר חולנית).
במערך הכירורגי מתבצעים ניתוחים אלקטיביים ודחופים, וביניהם ניתוחים למחלות ממאירות ושפירות.",,,,6,#DIV/0!,20,0,0,2,1,0,"16,954.00","19,965.92","3,011.92",7,2,28.57%,5,71.43%,84.75%,5,,68.56%,0,0,0,0,4,2,0,0 - 1,
,מ''ר מוגבל,"ביה""ח המשפחה הקדושה",גריאטריה,,https://hfhosp.org/he/%D7%90%D7%92%D7%A3-%D7%92%D7%A8%D7%99%D7%90%D7%98%D7%A8%D7%99,ד׳׳ר,בהא פרנסיס,baha.f@hfhosp.org,,,,,,,"בית חולים המשפחה הקדושה, מסונף לבית ספר לרפואה של הגליל- בר אילן. בבית החולים ישנו מערך גריאטרי, שכולל מספר תחומי הגריאטריה לטיפול בגיל המבוגר, והינו היחיד במינו בכל אזור הצפון, שמהווה מערך גריאטרי בתוך בית חולים כללי עם כל השירותים הרפואיים הזמינים למטופל הגריאטרי בתוך בית חולים.
המערך הגריאטרי כולל מחלקות אשפוז (מונשמים כרוניים, סיעוד מורכב, ובקרוב- שיקום גריאטרי), מרפאה גריאטרית, שירות של ייעוץ גריאטרי וייעוץ פליאטיבי בכל בית החולים למאושפזים הקשישים.
במערך פועלים צוותים רב מקצועיים של רופאים, סיעוד ומקצועות הבריאות כולל פיזיותרפיה, ריפוי בעיסוק, תזונה קלינית, קלינאי תקשורת ושירות סוציאלי, פסיכולוגית קלינית ומדריכות תעסוקה ועוד. כל הצוותים עברו הכשרה ייעודית לטיפול בצרכי המטופלים המבוגרים שלרוב סובלים ממספר מחלות ובעיות בריאותיות, מלווה בירידה תפקודית וקוגניטיבית ונפשית זמנית או ממושכת.
המערך מהווה שדה קליני ואקדמי להכשרת צוותים מכל התחומים כולל סיעוד ורפואה. לאחרונה, קיבל המערך הכרה רשמית בהתמחות בגריאטריה ממשרד הבריאות החל מ אוגוסט 2023, ומכשיר כעת רופאים מתמחים בתחום הגריאטרי. בנוסף, המערך מלמד סטודנטים לרפואה מאוניברסיטת בר אילן ואוניברסיטת אבו דיס, כמו כן סטודנטים לסיעוד מכל אזור הצפון בתחום גריאטריה ועל בסיסי.",,,,4.5,#DIV/0!,24,0,0,2,1,1,"16,954.00","19,965.92","3,011.92",6,0,0.00%,6,100.00%,35.32%,4.1,,65.59%,0,0,0,0,0,4,2,0 - 1,
,מ''ר מוגבל,"ביה""ח המשפחה הקדושה",פנימית,,https://hfhosp.org/he/%D7%9E%D7%97%D7%9C%D7%A7%D7%95%D7%AA/%D7%9E%D7%97%D7%9C%D7%A7%D7%94-%D7%A4%D7%A0%D7%99%D7%9E%D7%99%D7%AA,ד׳׳ר,עומר אבו אלהיג'א,omar99nnn274@hotmail.com,,,,מזכירות המחלקה,,04-6508935,"מחלקה הפנימית מטפלת בחולים עם המגוון הרחב של המחלות ברפואה פנימית כמו מחלות זיהומיות, לב, דרכי עיכול, דרכי נשימה, סיבוכי סוכרת, מחלות דם ואחרות.
המחלקה מעניקה למטופליה את כל המשאבים לבירור, אבחון וטיפול ברוב המצבים הרפואיים הקיימים, תוך שמירה על כבוד, פרטיות ונוחות המטופל ומשפחתו, לאחרונה המחלקה חגגה התחדשות מרעננת אחרי עבודות שיפוץ והרחבה מקיפות שיעניקו למטופלים את מיטב תנאי האשפוז.
צוות המחלקה כולל רופאים מומחים ברפואה פנימית ובעוד מספר תת התמחויות, רופאים מתמחים, צוות סיעודי מיומן וצוות תומך של עוזרי אחיות, פיזיותרפיסטים, תזונאית קלינית ועובדת סוציאלית.
המחלקה הפנימית היא מחלקה אקדמית, מוכרת להתמחות ברפואה פנימית, מוכרת לביצוע סטאז' ברפואה. המחלקה מסונפת לביה""ס לרפואה שבגליל (בר-אילן) ואוניברסיטת אבו דיס ירושלים, ומקיימת הוראה קלינית לסטודנטים לרפואה. כמו כן המחלקה מכשירה סטודנטים לסיעוד.
המחלקה מקיימת פעילות של מחקרים קליניים והדרכה בעבודות גמר למתמחים וסטודנטים לרפואה.
במחלקה פנימית בית חולים משפחה קדושה נצרת ישנם 28 מיטות תקן, כאשר התפוסה נעה בין 80-100%, ממוצע ימי האישפוז הוא 2.5 ימים. וזה בגלל הבירור וזמינות הבדיקות המהירות .",,,,4,53,14,2,3,1,7,2,"16,954.00","19,965.92","3,011.92",21,0,0.00%,19,100.00%,53.19%,4.9,,74.85%,0,3,3,4,3,5,1,2 - 4,
,מ''ר מוגבל,"ביה""ח אי.מ.מ.ס הסקוטי",יילוד וגינקולוגיה,,https://nazhosp.com/department/%d8%a7%d9%84%d9%86%d8%b3%d8%a7%d8%a1-%d9%88%d8%a7%d9%84%d8%aa%d9%88%d9%84%d9%8a%d8%af/?lang=he,ד׳׳ר,ניבאל ח'מאיסי,nibalkha@gmail.com,,,,,,,,,,,6,94,23,0,0,3,6,3,"16,954.00","19,965.92","3,011.92",14,12,85.71%,2,14.29%,74.40%,4.7,,82.48%,2,1,4,1,0,4,1,1 - 3,
,מ''ר מוגבל,"ביה""ח אי.מ.מ.ס הסקוטי",אורתופדיה,,https://nazhosp.com/department/%d9%82%d8%b3%d9%85-%d8%ac%d8%b1%d8%a7%d8%ad%d8%a9-%d8%a7%d9%84%d8%b9%d8%b8%d8%a7%d9%85/?lang=he,ד׳׳ר,מוקבל שלח,,,,,,,,,,,,6,84,9,0,4,3,3,2,"16,954.00","19,965.92","3,011.92",16,1,6.25%,15,93.75%,70.66%,5.2,,69.70%,1,4,0,0,2,3,1,1 - 3,
,מ''ר מוגבל,"ביה""ח אי.מ.מ.ס הסקוטי",כירורגיה אורולוגית,,https://nazhosp.com/department/%d9%82%d8%b3%d9%85-%d8%a7%d9%84%d9%85%d8%b3%d8%a7%d9%84%d9%83-%d8%a7%d9%84%d8%a8%d9%88%d9%84%d9%8a%d8%a9/?lang=he,ד׳׳ר,שאדי בדעאן,,,,,,,,"המחלקה לאורולוגיה מטפלת במחלות אורולוגיות אצל גברים ונשים. אנו עוסקים בכל הנושא הקרנה, אבחון וטיפול כירורגי של מומים מולדים ומחלות אורולגיות, בנוסף לאיברי המערכת האורולוגית הגברית המכילה את  דרכי השתן, הכליות, שלפוחית השתן ופוליפ.  ואת איבר המין הגברי כולל את הערמונית, האשכים ואת הפין.",,,,6,#DIV/0!,11,0,0,1,1,0,"16,954.00","19,965.92","3,011.92",2,1,50.00%,1,50.00%,67.19%,5,,74.33%,0,1,0,0,1,0,1,0 - 1,
,מ''ר מוגבל,"ביה""ח אי.מ.מ.ס הסקוטי",פנימית,,https://nazhosp.com/department/%d8%a7%d9%84%d8%a7%d9%85%d8%b1%d8%a7%d8%b6-%d8%a7%d9%84%d8%af%d8%a7%d8%ae%d9%84%d9%8a%d8%a9/?lang=he,ד׳׳ר,עאמר ספורי,,,,,,,,"אחת המחלקות הכי ותיקות בבית החולים, הנותנת שירותים רפואיים למגוון מחלות פנימיות.
המחלקה מוכרת להתמחות.
בתוך המחלקה הצוות דואג לאבחן ולטפל בחולים, ומעניקים את הטיפולים המתאימים לכל אחת ואחד.
החל מבדיקות דם, צילומי רנטגן ואולטרהסאונד, בדיקות אקו לב, ותפקודי נשימה…",,,,4,62,12,4,3,2,3,0,"16,954.00","19,965.92","3,011.92",9,1,11.11%,8,88.89%,53.19%,4.9,,74.85%,4,1,5,2,4,0,3,2 - 4,
,מ''ר מוגבל,"ביה""ח אי.מ.מ.ס הסקוטי",רפואה דחופה,,https://nazhosp.com/department/%d9%82%d8%b3%d9%85-%d8%a7%d9%84%d8%b7%d9%88%d8%a7%d8%b1%d8%a6/?lang=he,ד׳׳ר, נג'יב נסראללה,,,,,,,,"היחידה לרפואה דחופה עובדת 24 שעות כל ימי השבוע, ומעניקה שירותים לעשרות אלפי מטופלים בשנה, היחידה בעלת 23 מיטות, שתיים מהן למצבי טראומה.
במהלך הטיפול צריך להיות רק מלווה אחד לכל מטופל.
ראוי לציין שהמיון קיבל מקום שני בשביעות רצון הציבור בסקר שערך משרד הבריאות, כזמן המתנה קצר יחסית לשאר המיונים בארץ.",,,,4.5,#DIV/0!,8,0,2,1,0,0,"16,954.00","19,965.92","3,011.92",3,1,33.33%,2,66.67%,66.27%,4.5,,75.55%,0,0,1,1,1,0,1,0 - 1,
,מ''ר מוגבל,"ביה""ח אי.מ.מ.ס הסקוטי",פתולוגיה,,,,,,,,,,,,,,,,5,#DIV/0!,20,1,0,0,0,0,"16,954.00","19,965.92","3,011.92",0,0,#DIV/0!,0,#DIV/0!,56.12%,4.5,,58.07%,0,1,0,0,0,0,0,0 - 0,
,מ''ר מוגבל,"ביה""ח אי.מ.מ.ס הסקוטי",כירורגיה כללית,,https://nazhosp.com/department/%d8%a7%d9%84%d8%ac%d8%b1%d8%a7%d8%ad%d8%a9-%d8%a7%d9%84%d8%b9%d8%a7%d9%85%d8%a9/?lang=he,ד׳׳ר,ויסאם עבוד,wisam.abbud@biu.ac.il,,,,,,,,,,,6,76,11,0,1,4,0,1,"16,954.00","19,965.92","3,011.92",7,2,28.57%,5,71.43%,84.75%,5,,68.56%,0,2,0,2,1,0,2,0 - 2,
,מ''ר מוגבל,"ביה""ח אי.מ.מ.ס הסקוטי",הרדמה,,https://nazhosp.com/department/%d9%88%d8%ad%d8%af%d8%a9-%d8%a7%d9%84%d8%aa%d8%ae%d8%af%d9%8a%d8%b1/?lang=he,ד׳׳ר,ריאד טועמה,,,,,,,,"מחלקת ההרדמה נותנת יעוץ ושירות הרדמה לניתוחים לכל מחלקות הכירורגיה בבית החולים. בנוסף לחדרי לידה, וטיפול ושיכוך כאבים שונים כגון כאבי עמוד השדרה הכרוניים וכאבים אחרי הניתוחים..
קיבלה המחלקה היכרות להתמחות בתחום ההרדמה שנת 2018.",,,,5,#DIV/0!,15,1,1,0,2,0,"16,954.00","19,965.92","3,011.92",3,0,0.00%,3,100.00%,52.75%,4.5,,61.25%,1,0,0,2,0,0,0,0 - 1,
,מ''ר מוגבל,"ביה""ח אי.מ.מ.ס הסקוטי",רפואת ילדים,,,,,,,,,,,,,,,,4.5,#DIV/0!,39,0,0,1,0,0,"16,954.00","19,965.92","3,011.92",1,1,100.00%,0,0.00%,84.92%,4.6,,88.27%,0,0,0,1,0,0,0,0 - 0,
,מ''ר מוגבל,"ביה""ח אי.מ.מ.ס הסקוטי",רדיולוגיה (דימות),,https://nazhosp.com/department/%d7%9e%d7%97%d7%9c%d7%a7%d7%aa-%d7%a8%d7%93%d7%99%d7%95%d7%9c%d7%95%d7%92%d7%99%d7%94/?lang=he,ד׳׳ר,סוהיל ערטול,,546694492,,,,,,"המחלקה נותנת שירות לחולים מתוך בית החולים ומחוץ לו…
קיבלה לאחרונה אישור והכרה להתמחות ע""י משרד הבריאות, בהדרכת סטודנטים בתחום.",,,,5,69,13,1,1,2,0,0,"16,954.00","19,965.92","3,011.92",5,1,20.00%,4,80.00%,78.40%,4.7,,73.50%,1,0,0,0,2,0,3,0 - 2,
,מ''ר מוגבל,מרכז שניידר לילדים,רפואה דחופה,,https://www.schneider.org.il/?CategoryID=839&ArticleID=2427,ד׳׳ר,רון ברנט,,,,,מזכירות המחלקה,,03-9253777,"המחלקה לרפואה דחופה בשניידר היא הגדולה בישראל לילדים וצומת ראשי במרכז הרפואי שלנו. הצוות הרפואי מטפל במגוון בעיות דחופות בילדים, אשר נזקקים לעזרה בשל מחלה או בעקבות חבלה. המחלקה פועלת ללא הפסקה - 24 שעות ביממה, שבעה ימים בשבוע ו־365 ימים בשנה - ומעניקה שירותים רפואיים לתינוקות, פעוטות ילדים ובני נוער עד גיל 18. צוות הרופאים והאחיות במחלקה התמחה ברפואת ילדים דחופה, קשוב תמיד לצורכיהם המיוחדים של הילדים והוריהם ושם לו למטרה להפחית למינימום את האשפוזים המיותרים.",,,,4.5,#DIV/0!,#N/A,2,0,0,0,0,"16,954.00","19,965.92","3,011.92",1,0,#DIV/0!,0,#DIV/0!,66.27%,4.5,,75.55%,2,2,1,0,3,1,2,1 - 2,
,מ''ר מוגבל,מרכז שניידר לילדים,רפואת ילדים,בית חולים- מחלקה א,https://www.schneider.org.il/?CategoryID=839&ArticleID=2410&dbsAuthToken=,פרופ׳,גילת לבני ,livni.gilat@gmail.com,,,,,,,"מחלקת ילדים א' מטפלת בילדים עם מגוון בעיות רפואיות, המופנים לאשפוז ממקומות שונים בארץ. אבן יסוד במחלקה היא יחס חם, אישי ואמפתי לכל ילד ולמשפחתו. הצוות הרפואי במחלקה רכש מיומנות מיוחדת בטיפול במחלות זיהומיות, תוך בחינה מתמדת של חיסונים ותכשירים אנטיביוטיים חדשים, כדי לתת לילדים את הטיפולים החדשניים ביותר",,,,4.5,62,4,76,43,12,2,0,"16,954.00","19,965.92","3,011.92",104,69,66.99%,34,33.01%,84.92%,4.6,,88.27%,16,18,15,25,21,22,28,17 - 24,
,מ''ר מוגבל,מרכז שניידר לילדים,רפואת ילדים,בית חולים-מחלקה ב,https://www.schneider.org.il/?CategoryID=839&ArticleID=2424,פרופ׳,עודד שוירמן,odedshv@clalit.org.il,,,,,,,"מחלקת ילדים ב' מטפלת בילדים עם מגוון בעיות רפואיות, המופנים לאשפוז ממקומות שונים בארץ. הצוות הרפואי במחלקה רכש מיומנות מיוחדת בטיפול בילדים מורכבים, במחלות זיהומיות בילדים, בחולים עם חסר חיסוני ומחלות אלרגיות. במחלקה מאושפזים גם ילדים העומדים בפני השתלת תאי אב או מח",,,,4.5,62,4,76,43,12,2,0,"16,954.00","19,965.92","3,011.92",104,69,66.99%,34,33.01%,84.92%,4.6,,88.27%,16,18,15,25,21,22,28,17 - 24,
,מ''ר מוגבל,מרכז שניידר לילדים,רפואת ילדים,בית חולים-מחלקה ג,https://www.schneider.org.il/?CategoryID=839&ArticleID=2415&dbsAuthToken=,פרופ׳,עירית קראוזה ,,,,,מזכירות המחלקה,,03-9253775,"מחלקת ילדים ג' מטפלת בילדים המופנים לאשפוז ממקומות שונים בארץ, בשל מגוון מחלות ובעיות רפואיות. המחלקה מרכזת אשפוז של ילדים מושתלי איברים, הצוות הרפואי והסיעודי בה רכש ניסיון ומיומנות מיוחדת בטיפול בהם. המחלקה היא היחידה בארץ בה מאושפזים ילדים לפני ואחרי השתלת כבד, ומטופלים בה מרבית הילדים מושתלי הכליה בארץ. מחלקת ילדים ג' עוסקת בהרחבה במחקר קליני בנושאים מגוונים ברפואת ילדים, לרבות זיהומים מולדים ב-CMV, השתלות איברים ואי ספיקה כלייתית. הצוות הרב תחומי במחלקת ילדים ג' פועל במקצועיות, בחום ובאמפתיה לילד המטופל ובני משפחתו. המחקר והוראת דור הרופאים הבא מהווה את אבני היסוד לרפואה האיכותית הניתנת במחלקה.",,,,4.5,62,4,76,43,12,2,0,"16,954.00","19,965.92","3,011.92",104,69,66.99%,34,33.01%,84.92%,4.6,,88.27%,16,18,15,25,21,22,28,17 - 24,
,מ''ר מוגבל,מרכז שניידר לילדים,רפואת ילדים,בית חולים-מחלקה ד,https://www.schneider.org.il/?CategoryID=839&ArticleID=6109&dbsAuthToken=,פרופ׳,דריו פרייס,prais@tauex.tau.ac.il,,,,,,,"מחלקת ילדים ד' מטפלת בילדים מגיל לידה ועד 18, המתמודדים עם עם מגוון בעיות רפואיות, ביניהן מחלות כרוניות ומורכבות. הילדים המטופלים במחלקה מגיעים ממקומות שונים בארץ. מחלקת ילדים ד' היא המחלקה החדשה ביותר שנפתחה בבניין הזכוכית בשניידר, ושימשה כמחלקת השבים, בה טופלו ילדים, אמהות, חיילות ואזרחים שחזרו מהשבי בעזה. מחלקת ילדים ד' מעניקה מעטפת טיפולית מקצועית, מנוסה, חמה ואישית לכל הילדים המטופלים ובני משפחתם.",,,,4.5,62,4,76,43,12,2,0,"16,954.00","19,965.92","3,011.92",104,69,66.99%,34,33.01%,84.92%,4.6,,88.27%,16,18,15,25,21,22,28,17 - 24,
,מ''ר מוגבל,מרכז שניידר לילדים,פסיכיאטריה של הילד והמתבגר,,https://www.schneider.org.il/?CategoryID=839&ArticleID=2431#14,ד׳׳ר,נועה בן-ארויה מילשטיין,noaben@tauex.tau.ac.il,,,,,,,"מערך בריאות הנפש מתמחה באבחון, ייעוץ וטיפול בילדים ובני נוער הסובלים מהפרעות פסיכיאטריות והתפתחותיות בגילאי 6-18. המערך פועל בהתאם להנחיות הרפורמה בבריאות הנפש מאז יולי 2015. שיטות הטיפול במחלקה משלבות בין פסיכיאטריה, פסיכולוגיה ורפואת ילדים. במסגרת המערך פועלות מרפאות בתחומים שונים של פסיכולוגיה ופסיכיאטריה ויחידת אשפוז",,,,5,77,5,5,3,2,0,0,"16,954.00","19,965.92","3,011.92",14,12,85.71%,2,14.29%,#DIV/0!,4.5,,73.37%,2,1,0,1,1,4,3,1 - 3,
,מ''ר קטן,"ביה""ח השרון מרכז רפואי רבין",אורתופדיה,,https://hospitals.clalit.co.il/rabin/he/departments-and-clinics/orthopedics/Pages/orthopedic_department_hasharon.aspx,ד׳׳ר,מוסטפא יאסין,Mustafay@clalit.org.il,,,,,,,"​המחלקה לאורתופדיה בניהולו של ד""ר מוסטפא יאסין, עוסקת במגוון רחב של כל תחומי האורתופדיה.

טיפול במקרים של טראומה אורתופדית וטיפול בשברים מורכבים, תוך שימוש במקבעים ייעודיים פנימיים ומקבעים חיצוניים.
ניתוחים של החלפת מפרקי הירך והברך בשיטות מתקדמות ובשימוש במשתלים חדישים ובגישות שונות וניתוחי החלפה חלקית של הברך (UKR+TKR+THR+SHOULDER ARTHROPLASTY).
ניתוחים של הקרסול ושל כף הרגל. טיפול בעיוותים של כף הרגל, שחזור רצועות וקיבועים. 
טיפול בכף רגל סוכרתית ופצעים קשיי ריפוי תוך שימוש במגוון רחב של אמצעי טיפול מתקדמים.
כירורגית עמוד שדרה, טיפול בשברים, קיבוע חוליות עמוד שדרה צווארי ומתני, הזרקות צמנט לחוליות, הזרקות שורשיות לעצבים והזרקות למפרקים הפגועים בעמוד השדרה.
רפואת ספורט וניתוחי ארטרוסקופיות - ארטרוסקופיות של מפרק ירך, ברך וקרסול ושחזור רצועות.
ניתוחי כתף, החלפה וארטרוסקופיות של כתף.
בנוסף לכך קיים שיתוף פעולה וקשר הדוק עם המכון לפיזיותרפיה במסגרתו ניתן במחלקה טיפול פיזיותרפי לחולים המאושפזים וטיפול המשכי אמבולטורי במכון לפי הצורך.
רופאי המחלקה לאורתופדיה גם נותנים שירות במסגרת מרפאות החוץ של בית החולים בתחומים מגוונים הכוללים: מרפאת מפרקים, מרפאה לאורתופדיה כללית, מרפאת כתף, מרפאת עמוד שדרה, מרפאת כף רגל, מרפאת פצעים, מרפאת כף יד, מרפאת היחידה לארתרוסקופיה ולרפואת ספורט, מרפאה טרום ניתוחית ומרפאת חיילים.",,,,6,75,7,1,5,2,2,1,"16,954.00","19,965.92","3,011.92",10,1,10.00%,9,90.00%,70.66%,5.2,,69.70%,1,2,2,3,1,0,0,1 - 2,
,מ''ר קטן,"ביה""ח השרון מרכז רפואי רבין",הרדמה,,https://hospitals.clalit.co.il/rabin/he/departments-and-clinics/anesthesiology-introduction/Pages/anesthesiology_hasharon.aspx,ד׳׳ר,איליה צ'ורני,iliach@clalit.org.il,,,,,,,"מחלקת הרדמה מאיישת 12 עמדות הרדמה ובנוסף עמדות השגחה והתאוששות, טיפול בכאב והכנה לניתוח לפי הסדר הבא:

8 חדרי ניתוח באתר המרכזי
1 חדר ניתוח ביחידה לארטרוסקופיה.
1 חדר ניתוח לניתוחי עיניים
1 חדר ניתוח ביחידת הלייזר
1 חדר פעולות באנדוסקופיה מונחית הדמיה (קרדיולוגיה, כלי דם, אורתופדיה)
הכנה לבדיקות פולשניות בגסטרואנטרולוגיה.
הפעלת חדרי התאוששות.
טיפול בכאב חד שלאחר ניתוח 24 שעות ביממה.
בדיקה והכנת חולים לפני ניתוח במסגרת היחידה הטרום ניתוחית.",,,,5,70,4,2,7,3,1,0,"16,954.00","19,965.92","3,011.92",11,4,36.36%,7,63.64%,52.75%,4.5,,61.25%,0,3,1,3,0,0,3,0 - 3,
,מ''ר קטן,"ביה""ח השרון מרכז רפואי רבין",רפואה דחופה,,https://hospitals.clalit.co.il/rabin/he/departments-and-clinics/emergency-medicine/Pages/emergency_medicine_department_hasharon.aspx,ד׳׳ר,ינון לישצינסקי,ynonl@clalit.org.il,,,,,,,"המחלקה לרפואה דחופה (מלר''ד), מהווה את שער הכניסה הראשי של בית החולים לכל המקרים הדחופים ולכל המקרים שבהם הרופא בקהילה זקוק לייעוץ נוסף.
מחלקת המיון פועלת לפי תקן איכות בינלאומי ISO-9002 והיא מוכרת להתמחות ע''י המועצה המדעית של ההסתדרות הרפואית. במחלקה לרפואה דחופה מותקן מכשיר אק''ג ממוחשב עם מאגר של כ-190,000 תרשימי א.ק.ג, כך שתוך דקות ניתן להשוות בין תרשים חדש לתרשים קודם ובכך לשפר את הטיפול הקרדיאלי בחולים הפונים אלינו, להציל חיים או לחילופין לחסוך אשפוזים מיותרים.
המחלקה מצטיינת בזמן שהייה קצר ביותר ובירור וטיפול מהירים ביותר.
המחלקה זכתה בפרסי הצטיינות ובציונים מהגבוהים ביותר בסקרי שביעות רצון לקוחות.
במחלקה עמדות לבדיקה ולטיפול בחולים, חדר הלם לטיפול בחולים קשים ואגף אורתופדי נפרד לטיפול בחולים אורתופדיים ובפגיעות שלד.",,,,4.5,68,2,5,1,1,0,0,"16,954.00","19,965.92","3,011.92",6,2,33.33%,4,66.67%,66.27%,4.5,,75.55%,1,1,1,2,1,0,1,1 - 1,
,מ''ר קטן,"ביה""ח השרון מרכז רפואי רבין",פנימית,בית חולים- מחלקה א,,,,,,,,,,,,,,,4,59,4,15,12,6,4,1,"16,954.00","19,965.92","3,011.92",34,14,41.18%,20,58.82%,53.19%,4.9,,74.85%,1,8,9,5,5,5,6,5 - 7,
,מ''ר קטן,"ביה""ח השרון מרכז רפואי רבין",פנימית,בית חולים-מחלקה ב,https://hospitals.clalit.co.il/rabin/he/departments-and-clinics/medicine/Pages/internal_b_dept_hasharon.aspx,ד׳׳ר,דנה מרקוביץ,danam@clalit.org.il,,,,,,,"במחלקה מאושפזים חולים עם מכלול של בעיות בתחום הרפואה הפנימית (מחלות לב, ריאות, כליות, וכו'). רוב החולים במחלקה מאושפזים כחולים דחופים, אש מגיעים דרך חדר המיון (המחלקה לרפואה דחופה). חלק מהחולים מופנה ע""י רופאי המשפחה או דרך מרפאה פנימית מייעצת של המחלקה להמשך בירור מקיף יותר של מחלתם, בנוסף המחלקה מעניקה ייעוצים לחולים המאושפזים במחלקות כירורגיות בבית החולים ומקבלת מהם חולים להמשך אשפוז בהתאם לצורך. במחלקה 12 מיטות אשפוז ובנוסף יחידה בת 3 מיטות ייעודיות לבידוד חולים מדוכאי חיסון, כגון: מושתלי כליה, חולים לאחר טיפולים כימיים ועוד.
במחלקה חדר אחד לטיפול מוגבר – בחולים מונשמים, או בחולים מורכבים הזקוקים לטיפול ולניטור אינטנסיבי.    
במחלקה מתקיים נוהל בו בן משפחה משתתף בביקור הרופאים. נוהל זה מאפשר קשר טוב יותר וקבלת אינפורמציה בזמן הביקור מהצוות המטפל.​​​​",,,,4,59,4,15,12,6,4,1,"16,954.00","19,965.92","3,011.92",34,14,41.18%,20,58.82%,53.19%,4.9,,74.85%,1,8,9,5,5,5,6,5 - 7,
,מ''ר קטן,"ביה""ח השרון מרכז רפואי רבין",פנימית,בית חולים-מחלקה ג,https://hospitals.clalit.co.il/rabin/he/departments-and-clinics/medicine/Pages/internal_c_dept_hasharon.aspx,ד׳׳ר, יבגני ברקוב,,,,,,,,"המחלקה משמשת כמחלקה פנימית המאשפזת חולים דחופים מהמיון וכן חולים מורכבים לבירור ולטיפול בתיאום עם רופאי הקהילה. המחלקה מסונפת לבית הספר לרפואה באוניברסיטת תל-אביב ועוסקת בפעילות נרחבת ואינטנסיבית ללימוד סטודנטים לרפואה ולסיעוד.

המחלקה נמצאת בקשר הדוק עם מרפאות שירותי בריאות כללית באזור פ""ת (כגון: מרפאות אורלנסקי, רמת-ורבר, רוטשילד-ראשונית וכפר קאסם). רופאי המחלקה נפגשים עם רופאי המרפאות לדיונים על מקרים קליניים ולעדכון בספרות הרפואית.

תחומי הרפואה הייחודיים של המחלקה הינם מחלות לב ומחלות ריאה.
צוות המחלקה נמצא בקשר הדוק עם מכון הלב והיחידה לטיפול נמרץ לב, וכן עם מכון הריאות. המחלקה הינה בעלת התמקצעות גם בתחום הגריאטריה - במחלקה עובדת רופאה בכירה שהינה בעלת מומחיות בפנימית ובגריאטריה וכן אחות בכירה שעברה הכשרה על-בסיסית בתחום זה. כמו כן, רופאי המחלקה מרכזים את הוועדה לויסות חולים כרוניים.",,,,4,59,4,15,12,6,4,1,"16,954.00","19,965.92","3,011.92",34,14,41.18%,20,58.82%,53.19%,4.9,,74.85%,1,8,9,5,5,5,6,5 - 7,
,מ''ר קטן,"ביה""ח השרון מרכז רפואי רבין",פנימית,בית חולים-מחלקה ד,https://hospitals.clalit.co.il/rabin/he/departments-and-clinics/medicine/Pages/internal_d_dept_hasharon.aspx,פרופ׳,דרור דיקר,drord@clalit.org.il,,,,,,,"המחלקה, הממוקמת באגף ד', מטפלת בחולים המציגים בעיות בתחום הרפואה הפנימית על שלל גווניה תוך התמקדות על איתור, מניעה וטיפול בגורמי סיכון למחלת לב וכלי דם טרשתית. בשנים האחרונות התמקצעה המחלקה והיא בין המובילות בארץ, בטיפול בחולים עם מחלת ההשמנה וכן בחולים סוכרתיים, תוך ניהול מרפאה הנותנת מענה כוללני לחולים מטבוליים. לצורך טיפול מיטבי בחולה המחלקה מסתייעת בתוכנת מחשב חדשנית וייחודית העוזרת בניהול הכוללני של חיי החולה במחלקה.

להמשך שמירת הקשר והמעקב הרפואי עם החולה מפעילה המחלקה מספר מרפאות:

מרפאת עודף משקל וסיבוכיו: המרפאה נותנת מענה כוללני לבעיית מחלת ההשמנה, החל מסדנאות להפחתת משקל דרך ייעוץ לטיפול תרופתי וכלה בניתוחים בריאטריים.
מרפאת גורמי סיכון למחלת כלי דם טרשתית ותסמונת מטבולית.
מרפאת מעקב אחר חולי המחלקה ששוחררו.",,,,4,59,4,15,12,6,4,1,"16,954.00","19,965.92","3,011.92",34,14,41.18%,20,58.82%,53.19%,4.9,,74.85%,1,8,9,5,5,5,6,5 - 7,
,מ''ר קטן,"ביה""ח השרון מרכז רפואי רבין",פנימית,בית חולים-מחלקה ה,,,,,,,,,,,,,,,4,59,4,15,12,6,4,1,"16,954.00","19,965.92","3,011.92",34,14,41.18%,20,58.82%,53.19%,4.9,,74.85%,1,8,9,5,5,5,6,5 - 7,
,מ''ר קטן,"ביה""ח השרון מרכז רפואי רבין",כירורגיה כללית,,https://hospitals.clalit.co.il/rabin/he/departments-and-clinics/surgery/Pages/surgery_a_dept_hasharon.aspx,ד׳׳ר,נידאל עיסא,nidalissa@clalit.org.il,,,,,,,"המערך הכירורגי בבי""ח השרון הינו מהמרכזים המובילים בארץ בטיפול ובחדשנות רפואית. המערך מהווה מרכז הפנייה למטופלים רבים מהארץ. במערך מתבצעים מגוון ניתוחים כולל ניתוחים לפרוסקופיים, וניתוחים בגישה פתוחה. לרשות המנתחים עומד חדרי ניתוח חדשים, ציוד טכנולוגי ואמצעי עזר חדשניים מהמתקדמים בעולם. המערך מורכב משתי מחלקות כירורגיה א' וכירורגיה ב'.

כירורגיה כללית - המערך עוסק בכירורגיה כללית העוסקת בניתוחי מערכת העיכול (גידולים שפירים וממאירים) ניתוחי בקע (הרניה) לסוגיהם, ניתוחי שד, ניתוחי כיס מרה, ניתוחי מערכת העיכול העליונה – ושט , קיבה ותריסריון, ניתוחי מערכת העיכול התחתונה – מעי גס, רקטום ופרוקטולוגיה. 
ניתוחים לפרוסקופים - המערך מתמחה בניתוחים בשיטה הלפרוסקופית המתקדמת: ניתוחי מעי גס, ניתוחי כיס מרה כריתות קיבה, תיקוני בקע, מניעת רפלוקס ובקע סרעפתי.
ניתוחי TEM - תחום ייחודי בו עוסק המערך הוא ניתוחי TEM- TRANS ANAL MICROSURGERY שיטה לכריתת תהליכים (פוליפים וגידולים שטחיים) ברקטום דרך פי הטבעת בטכניקה מיקרוכירורגיה זעיר פולשנית ועל ידי כך, חוסכת בצורך לניתוחי בטן גדולים. המערך הוא היחיד בארץ ובכללית המבצע ניתוחים אלה.
כירורגיה בריאטרית - המערך מתמחה גם בתחום הכירורגיה הבאריאטרית (ניתוחים לפרוסקופים לקיצור קיבה) המרכז כולל: צוות רב מקצועי לטיפול בהשמנה ובהשלכותיה. המרכז מציע אפשרויות טיפול בהתאמה אישית, לרבות טיפולים תרופתיים וניתוחיים עם תמיכה ומעקב סדיר. שילוב הטיפול הרב מקצועי והכוללני תורם לתוצאות מיטביות וארוכות טווח לקידום בריאות.
כירורגיה של השד – יחידה זו מרכזת בתוכה את כל הבדיקות הנדרשות לבירור ממצאים בשד. ביחידה רופאים ממומחים, עם התמקצעות בתחום כירורגית השד ואחות מתאמת השד. במסגרת היחידה מתבצע בירור של ממצאים שאובחנו בבדיקות הדמיה ו/או בבדיקה גופנית.
ניתוחי שד, כוללים ניתוחים מורכבים מסוג oncoplasty ושחזורים, בשיתוף עם המחלקה לכירורגיה פלסטית. כולל מעקב אחר חולות לאחר ניתוח.
במסגרת המערך פועלות בבית החולים מרפאות כלליות ומרפאות ייחודיות לכל יחידה לבירור ולאבחון מטופלים חדשים ולמעקב אחרי חולים שנותחו בבית החולים.
רופאי המחלקה מבצעים מרפאות מרובות במסגרת הקהילה : בפ""ת – מרפאת רוטשילד, רמת גן, מרפאת הרצל.

המחלקה משתתפת בסבב הוראה למתמחים בכירורגיה כללית של מרכז רפואי רבין.",,,,6,#DIV/0!,19,1,3,1,2,1,"16,954.00","19,965.92","3,011.92",8,3,37.50%,5,62.50%,84.75%,5,,68.56%,0,1,0,1,3,1,1,1 - 1,
,מ''ר קטן,"ביה""ח השרון מרכז רפואי רבין",מחלות עיניים,רבין,,,,,,,,,,,,,,,5,#DIV/0!,18,0,1,0,0,0,"16,954.00","19,965.92","3,011.92",0,0,#DIV/0!,0,#DIV/0!,76.38%,4.5,,71.61%,0,1,0,0,0,0,0,0 - 0,
,מ''ר קטן,"ביה""ח השרון מרכז רפואי רבין",כירורגיה אורולוגית,רבין,,,,,,,,,,,,,,,6,#DIV/0!,4,0,0,0,0,0,"16,954.00","19,965.92","3,011.92",0,0,#DIV/0!,0,#DIV/0!,67.19%,5,,74.33%,1,0,0,0,0,0,0,0 - 0,
,מ''ר קטן,׳0504048312,פתולוגיה,רבין,,,,,,,,,,,,,,,5,#DIV/0!,#N/A,0,0,0,0,0,"16,954.00","19,965.92","3,011.92",0,0,#DIV/0!,0,#DIV/0!,56.12%,4.5,,58.07%,0,0,0,0,0,0,0,0 - 0,
,מ''ר קטן,"ביה""ח השרון מרכז רפואי רבין",רדיולוגיה (דימות),רבין,,,,,,,,,,,,,,,5,#DIV/0!,6,3,1,3,1,1,"16,954.00","19,965.92","3,011.92",8,4,50.00%,4,50.00%,78.40%,4.7,,73.50%,1,1,1,0,3,2,1,1 - 2,
,מ''ר קטן,"ביה""ח מעיני הישועה",פסיכיאטריה,,https://www.mymc.co.il/mental-health/#departments,פרופ׳,ישראל שטראוס,,,,,,,,"גדלותה וערכיה של חברה נמדדים לפי האופן שבו היא מטפלת בחלשים""

חזון זה הינו המוטו המלווה את המרכז לבריאות הנפש במרכז הרפואי מעיני הישועה, מיומו הראשון. המערך, שהינו מהגדולים והמובילים בארץ, פועל כולו מתוך כבוד עמוק לכל אחד ואחת מהמטופלים המגיעים אליו ובהתאם לקווים המנחים של ערך קדושת חיי האדם.
מרכז בריאות הנפש של מעיני הישועה הינו היחיד בארץ שהינו על אזורי, והוא מתבלט בייחודיותו באופי הטיפול, בהתאמה התרבותית, בהיקף הפעילות ובזמינות השירותים.",,,,4.5,89,3,2,2,0,0,0,"16,954.00","19,965.92","3,011.92",7,3,42.86%,4,57.14%,78.17%,4.7,,62.28%,0,0,1,1,0,0,6,0 - 1,
,מ''ר קטן,"ביה""ח מעיני הישועה",רפואת ילדים,,https://www.mymc.co.il/children-wing/#medicalStaff,ד׳׳ר,יורם בן יהודה,,,,,,,,"מחלקת הילדים במעיני הישועה מספקת מענה רפואי מקיף, מעמיק ומקצועי למגוון מחלות הילדים הנפוצות.
המחלקה מסונפת לאוניברסיטת תל אביב ומוכרת להתמחות מלאה ברפואת ילדים. צוות הרופאים באגף, בראשותו של פרופ' סומך, מונה מומחים ותיקים ברפואת ילדים ויועצים בכירים בתחומים נוספים בהתאם לצורך, כגון: אף אוזן גרון, אורתופדיה, כירורגיה, נוירולוגיה, קרדיולוגיה ועוד, הן מבית החולים והן מחוצה לו. 

חלק מהקהילה – אשפוז קרוב לבית, כמו בבית.

כחלק ממרכז רפואי קהילתי המחובר להווי הקהילה ומעורה בה, הצוות הרפואי והסיעודי במחלקת הילדים מעניק שירות קשוב ורגיש המותאם לרוח ההלכה ויוצר עבור הילדים סביבה נעימה ובטוחה שאליה הם רגילים.",,,,4.5,57,8,3,8,4,2,3,"16,954.00","19,965.92","3,011.92",19,10,52.63%,9,47.37%,84.92%,4.6,,88.27%,6,4,1,5,4,6,4,4 - 6,
,מ''ר קטן,"ביה""ח מעיני הישועה",יילוד וגינקולוגיה,,https://woman.mymc.co.il/,פרופ׳,אריאל מני,shunit@gmail.com,,,,,,,,,,,6,69,9,3,16,11,7,0,"16,954.00","19,965.92","3,011.92",35,34,97.14%,1,2.86%,74.40%,4.7,,82.48%,4,4,2,4,8,7,8,4 - 8,
,מ''ר קטן,"ביה""ח מעיני הישועה",פנימית,,https://www.mymc.co.il/wings/internal-affairs-division/#medicalStaff,פרופ׳,תומר אבני,tomerav@mhmc.co.il,,,,,,,"המחלקה לרפואה פנימית עוסקת באבחון ובטיפול במגוון מחלות פנימיות כגון: מחלות לב, ריאות, מחלות זיהומיות, מחלות מטבוליות, כבד ועוד. למחלקה שיתוף פעולה הדוק עם מחלקות נוספות במעיני הישועה, ובמידת הצורך חולים ממחלקות אלה מועברים אליה להמשך טיפול. חלק מהחדרים במחלקה הינם חדרים לטיפול מוגבר המיועדים לחולים הזקוקים לניתוח ולטיפול אינטנסיבי יותר.
בחדרים אלה ציוד רפואי נוסף, לרבות מוניטורים ומכונות הנשמה לכל מיטה, ונוכחות קבועה של צוות סיעודי בחדר – זאת לצד ביקורי רופאים תכופים.
צוות הרופאים הבכירים במחלקה כולל מומחים ויועצים בכירים מתחומים שונים כגון: קרדיולוגיה, נוירולוגיה, נפרולוגיה, המטולוגיה ועוד.",,,,4,54,14,2,7,3,2,5,"16,954.00","19,965.92","3,011.92",23,4,17.39%,19,82.61%,53.19%,4.9,,74.85%,2,2,4,2,6,4,5,2 - 5,
,מ''ר קטן,"ביה""ח מעיני הישועה",הרדמה,,https://www.mymc.co.il/main-departments/operating-rooms/,פרופ׳, נתן וקסלר,,,,,,,,"בחדרי הניתוח של בית החולים מעיני הישועה מבוצעים ניתוחים למאושפזים במחלקות השונות, לחולים שהופנו מחדר המיון או עקב טראומה, וניתוחים הנקבעים מראש במגוון תחומים. צוות חדרי הניתוח כולל רופאים בכירים, צוות אחיות מקצועיות, וצוות מרדימים מיומן כולל מנהל הרדמה לילדים ומנהל הרדמה מיילדותית.

במתחם ישנם 6 חדרי ניתוח, 4 מתוכם חודשו בשנים האחרונות, ולצדם חדר פעולות, חדר אשפוז יום וחדרי התאוששות. מתחם חדרי הניתוח ממוגן ומאפשר המשך פעילות רציפה גם בעת מלחמה. כדי לספק זמינות מקסימלית לניתוחי חירום לצד הניתוחים הנקבעים מראש, מתחם חדרי הניתוח פעיל 24/7 ובמידת הצורך אנו מפעילים משמרות מתוגברות.",,,,5,63,8,0,1,3,1,0,"16,954.00","19,965.92","3,011.92",8,1,12.50%,7,87.50%,52.75%,4.5,,61.25%,0,1,1,0,2,2,1,1 - 2,
,מ''ר קטן,"ביה""ח מעיני הישועה",כירורגיה כללית,,https://www.mymc.co.il/main-departments/surgical-department/,ד׳׳ר,גרסטנהבר פביאן,,,,,,,,"המחלקה הכירורגית במרכז הרפואי מעיני הישועה מהווה מרכז מוביל לניתוחים ולטיפולים מתקדמים, ע""י צוות מומחים בכירים.
המחלקה, המהווה חלק בלתי נפרד מהחטיבה הכירורגית באיכילוב,
מפעילה מרפאות מתמחות במגוון תחומים, בהן מבצע הצוות אבחון, טיפול,
ניתוח ומעקב בטכנולוגיות מתקדמות.
המענה הרפואי המקיף כולל ליווי מותאם אישית למטופלים, גם בשלבי ההחלמה והשיקום. 

המחלקה פועלת במסגרת הסכם שיתוף הפעולה המקצועי בין המרכז הרפואי מעיני הישועה לבית החולים איכילוב, המאפשר למטופלים ליהנות ממגוון רחב של שירותים וטיפולים ע""י הרופאים המומחים בישראל בזמינות תורים גבוהה. הניתוחים מתבצעים",,,,6,#DIV/0!,29,0,0,1,0,0,"16,954.00","19,965.92","3,011.92",2,1,50.00%,1,50.00%,84.75%,5,,68.56%,0,1,0,0,0,1,0,0 - 1,
,מ''ר קטן,"ביה""ח הדסה הר הצופים",רפואת ילדים,,https://he.hadassah.org.il/children/peds-ht/,ד׳׳ר,רבקה ברוקס,,,,,,,,"מחלקת הילדים בהדסה הר-הצופים היא מחלקת אשפוז ילדים הגדולה ביותר בירושלים. המחלקה נותנת שירותים רפואיים לילדי אזור ירושלים רבתי. המחלקה ממוקמת בצפון ירושלים, אזור המאוכלס בעיקר על-ידי משפחות צעירות ומרובות ילדים.",,,,4.5,58,3,17,9,6,3,0,"16,954.00","19,965.92","3,011.92",37,22,59.46%,15,40.54%,84.92%,4.6,,88.27%,4,4,2,7,5,5,6,4 - 6,
,מ''ר קטן,"ביה""ח הדסה הר הצופים",פנימית,,https://he.hadassah.org.il/medicine-specialization/specialization-in-internal-medicinems/,פרופ׳,מרדכי מושקט,muszkat@hadassah.org.il,,גב׳,מזכירת המחלקה,איילת יגן,ayeletyagen@hadassah.org.il,0504048312,"המחלקה הפנימית בהדסה הר-הצופים כוללת מחלקת אשפוז הכוללת 52 מיטות, מהן 8 מיטות טיפול מוגבר, יחידת אשפוז יום.

הצוות הרפואי הבכיר מהווה חלק אינטגרלי מצוות המחלקה, בעלי מומחיות-על בשלל תחומי הרפואה הפנימית, המבצעים את חודשי ה- Attending  שלהם ברוטציה במחלקה, וכן זמינים באופן מלא בשאר הזמן. באופן זה המטופל נמצא במרכז העשייה הקלינית במחלקה, והמומחים מתפקדים כצוות רב- מקצועי. בנוסף לפעילותם במחלקה, מומחים אלו מקיימים מרפאות בתחומם.",,,,4,58,3,15,8,5,2,0,"16,954.00","19,965.92","3,011.92",22,5,22.73%,17,77.27%,53.19%,4.9,,74.85%,5,2,4,3,4,7,2,3 - 5,
,מ''ר קטן,"ביה""ח הדסה הר הצופים",רפואה פיזיקלית ושיקום,,https://he.hadassah.org.il/medicine-specialization/physical-medicine-rehabilitation/,פרופ׳,איזבלה שוורץ,isabellas@hadassah.org.il ,,ד׳׳ר,רופאה בכירה,שיר שבת,sheersha@hadassah.org.il,,"המחלקה לרפואה פיזיקלית ושיקום בבית החולים הדסה הר הצופים נוסדה בשנת 1940, והייתה למחלקה הראשונה בתחום זה שהוקמה במדינת ישראל. מדובר במחלקה אקדמאית עם מוניטין קליני מוביל, המסונפת לפקולטה לרפואה של האוניברסיטה העברית, ומלמדת בכל שנה את כלל הסטודנטים לרפואה בשנה החמישית ללימודיהם.",,,,4,92,3,5,2,6,1,1,"16,954.00","19,965.92","3,011.92",10,7,70.00%,3,30.00%,43.49%,4.6,,44.61%,3,1,1,2,1,1,6,1 - 3,
,מ''ר קטן,"ביה""ח הדסה הר הצופים",גריאטריה,,,,,,,,,,,,,,,,4.5,49,32,2,3,1,5,3,"16,954.00","19,965.92","3,011.92",17,6,35.29%,11,64.71%,35.32%,4.1,,65.59%,0,2,1,2,5,1,4,1 - 3,
,מ''ר קטן,"ביה""ח הדסה הר הצופים",יילוד וגינקולוגיה,,https://he.hadassah.org.il/medicine-specialization/specialization-in-obstetrics-and-gynecology/,ד׳׳ר,יובל לביא,lyuval@hadassah.org.il,,,,,,,"המערך למיילדות וגינקולוגיה בקמפוס הר הצופים נודע במוניטין שלו כמוביל בתחום רפואת הנשים בישראל ומציע חשיפה קלינית משמעותית. המחלקה נחשבת לחלוצה בטיפולים חדשניים ובמחקר בתחום בריאות האישה ומתמחה במגוון רחב של טיפולים ושירותים, כולל ניתוחים גינקולוגיים מתקדמים, אורוגינקולוגיה, טיפולי פוריות, וטיפולים בהריון ולידה זאת תוך מתן שירותים ייחודיים בתחומים השונים.

המערך הוכיח איכות ומצוינות בתחום הקליניים השונים ולכן זכינו באישור המועצה המדעית לקיום 3 מסלולים של התמחויות-על: אורוגינקולוגיה, רפואת אם עובר ופריון.",,,,6,80,4,7,9,2,1,0,"16,954.00","19,965.92","3,011.92",27,21,77.78%,6,22.22%,74.40%,4.7,,82.48%,2,4,3,2,3,4,6,3 - 4,
,מ''ר קטן,"ביה""ח הדסה הר הצופים",רפואה דחופה,,https://he.hadassah.org.il/medicine-specialization/ms-emergency-medicine/,ד׳׳ר,שאדן סלאמה,SHADEN@HADASSAH.ORG.IL,,גב׳,מזכירת המחלקה,לינוי דהן,linoyd@hadassah.org.il,025844588,"במחלקה לרפואה דחופה בבית חולים הדסה הר הצופים נמצאים רופאים מומחים בהובלתה של ד""ר שאדן סלאמה

צוות המחלקה מורכב מ כ-15 רופאים מומחים ומתמחים. ישנם 2 עמיתי רופא ו-מעל 50 אחים ואחיות (מהן אחוז גבוה לאחר קורס על בסיסי ברפואה דחופה).

במחלקה מועסקים גם מוקדנים ,מנהלנים, סטודנטים, טכנאים, ועוד. בנוסף, במחלקה מתקיימים ייעוצים על ידי רופאים ממחלקות שונות דיסציפלינות: מכירורגיה, אורתופדיה, נוירולוגיה, קרדיולוגיה, נשים ועוד.",,,,4.5,67,24,5,1,0,1,2,"16,954.00","19,965.92","3,011.92",5,3,60.00%,2,40.00%,66.27%,4.5,,75.55%,2,2,1,1,2,1,1,1 - 2,
,מ''ר קטן,"ביה""ח הדסה הר הצופים",כירורגיה כללית,,https://he.hadassah.org.il/medicine-specialization/general-surgery-ms/,פרופ׳,"חגי מזא""ה", hmazeh@hadassah.org.il,,ד׳׳ר,רופא בכיר,אסף קידר, asafk@hadassah.org.il,,"המחלקה לכירורגיה כללית בבית החולים ""הדסה"" הר הצופים היא מהוותיקות בארץ. המחלקה נוסדה עוד בשנת 1928 ומעמידה מסורת של מצוינות קלינית ואקדמית.

המחלקה מציעה שירותי אבחון, ניתוח וטיפול בתר ניתוחי בטכניקות מתקדמות ובשיטות חדשניות. במחלקה רופאים בכירים המומחים בתחומים שונים ובהתאם לכך המחלקה מציעה טיפול מתקדם ומיטבי בנושאים אלו.

המחלקה מובילה במחקר קליני ומעבדתי מגוון ובנושאים שונים ומפרסמת את עבודותיה באופן תדיר בעיתונים מובילים בעולם.

הוראת מתמחים וסטודנטים הינה חלק אינטגרלי וחשוב מעבודת המחלקה ובוגרי המחלקה משתבצים בתפקידים מובילים במחלקות ברחבי הארץ.  ",,,,6,#DIV/0!,3,5,1,0,0,0,"16,954.00","19,965.92","3,011.92",10,3,33.33%,6,66.67%,84.75%,5,,68.56%,1,0,1,1,1,1,1,1 - 1,
,מ''ר קטן,"ביה""ח הדסה הר הצופים",מחלות עיניים,משולב הדסות,https://he.hadassah.org.il/medicine-specialization/ophthalmology/,פרופ׳,איתי חוברס,Eyes@hadassah.org.il,,,,,,,"מערך העיניים במרכז הרפואי הדסה הוקם בשנת 1918, וכיום מתהדר בצוות מומחים גדול בכל תתי-ההתמחויות של רפואת העיניים, בהן פלסטיקה של העין, קרנית, גלאוקומה, רשתית, אובאיטיס, נוירואופתלמולוגיה, גידולים בעיניים, רפואת עיניים ילדים ופזילה, וכן שיקום ראייה ירודה.

המערך, בו פועלים למעלה מ-50 רופאים ועימם צוות מקצועי תומך של אופטומטריסטים, אחיות, טכנאים, יועצי גנטיקה ועובדים סוציאליים, מציע שירות מקיף ברמה בין-לאומית במרפאות ובחדרי הניתוח, במחקר ובהוראה. במערך מבוצעים ניתוחים מתקדמים ביותר שבהם נעשה שימוש במכשירי דימות המתקדמים ובציוד מיקרו-כירורגי חדיש ופורץ דרך.",,,,5,#DIV/0!,#N/A,0,0,0,0,0,"16,954.00","19,965.92","3,011.92",0,0,#DIV/0!,0,#DIV/0!,76.38%,4.5,,71.61%,0,0,0,0,0,0,0,0 - 0,
,מ''ר קטן,"ביה""ח הדסה הר הצופים",אורתופדיה,משולב הדסות,https://he.hadassah.org.il/medicine-specialization/orthopedics/,פרופ׳,רם מושיוב,,,גב׳,,הילה סנדורי, hilas@hadassah.org.il,,"המערך האורתופדי בהדסה, פועל באופן אחוד בשני הקמפוסים: עין-כרם והר-הצופים.

המערך כולל 9 יחידות בעלות עצמאות קלינית.

המערך מוכר כמוביל בארץ ובעולם וגאה להשתייך, בין היתר, לארגון המרכזים האורתופדיים המובילים בעולם: ISOC (International Society of Orthopaedic Centers), ומעניק טיפול איכותי ומתקדם במגוון התחומים באורתופדיה.

המערך חורט על דגלו מצוינות קלינית ואקדמית – מחקר והוראה.",,,,6,#DIV/0!,#N/A,0,0,0,0,0,"16,954.00","19,965.92","3,011.92",2,1,50.00%,1,50.00%,70.66%,5.2,,69.70%,0,0,0,0,0,0,0,0 - 0,
,מ''ר קטן,"ביה""ח הדסה הר הצופים",הרדמה,,https://he.hadassah.org.il/anesthesia/department-anesthesia/,ד׳׳ר,אריאל אמרי רונן,,,,,,,,"אגף ההרדמה, טיפול נמרץ ורפואת הכאב של המרכז הרפואי הדסה (קמפוס עין כרם וקמפוס הר הצופים) כולל כ-120 רופאים מרדימים, רופאי טיפול נמרץ ורופאים מומחים ברפואת כאב. זהו האגף הרפואי הגדול ביותר בהדסה.
מלבד התמחות בהרדמה, האגף מוכר גם כהתמחות-על במקצועות הכאב והטיפול הנמרץ, ואף מקיים תוכניות להשתלמות עמיתים (fellowship) בהרדמה מיילדותית ובהרדמת ילדים.
הרופאים המרדימים אחראים לכלל הטיפול במטופלים הזקוקים לניתוח או להליך המבוצע בהרדמה במרכז הרפואי הדסה.",,,,5,#DIV/0!,8,3,1,1,0,0,"16,954.00","19,965.92","3,011.92",10,3,30.00%,7,70.00%,52.75%,4.5,,61.25%,0,0,0,2,1,2,1,0 - 2,
,מ''ר קטן,"ביה""ח הדסה הר הצופים",רדיולוגיה (דימות),משולב הדסות,https://he.hadassah.org.il/medicine-specialization/imaging-medicine/,פרופ׳, סוסנה יעקב,,,גב׳,מזכירת המכון,אביטל עזרא, avitale@hadaasah.org.il,,"אגף הדימות  בבית החולים ""הדסה"", הינו מוסד רפואי ותיק שהחל לפעול עם הקמת בית החולים בשנת 1919. האגף הוא בין המובילים בארץ בתחום הדימות ומשותף לשני בתי החולים של הדסה, בעין כרם ובהר הצופים. באגף הדימות בבתי החולים של הדסה, נמצאים רדיולוגיים מומחים ומובילים בתחומם ובראשו עומד פרופ' יעקב סוסנה.

כיום, צוות הרופאים במחלקה כולל רדיולוגיים מומחים בעלי מומחיות בכל תתי ההתמחויות ברדיולוגיה. שלד הרדיולוגיים הבכירים של המחלקה הוא בוגר בית הספר לרפואה של האוניברסיטה העברית, ובוגרי תוכנית ההתמחות של אגף הדימות בבתי החולים של הדסה. כלל מנהלי היחידות השונות סיימו תוכניות התמחות-על במוסדות מובילים בחו""ל. עבודתם המקצועית מנותבת לפעילות המחלקה, ללימוד המתמחים, להוראה ולמחקר. עבודת הרדיולוג מתבצעת תוך שיתוף פעולה הדוק עם הקלינאים במקצועות אלו. לאורך שנות פעילות המחלקה, בוגרי המחלקה שלנו מחזיקים בעמדות מפתח בתחום הרדיולוגיה בישראל.

הבדיקות במחלקתנו מבוצעות במגוון טכנולוגיות, כולל צילומי רנטגן רגילים, שיקוף, אולטרסאונד, CT ו- MRI. אנו עובדים בשיתוף פעולה עם המחלקה לרפואה גרעינית, שמהווה חלק מתכנית ההתמחות בדימות. באגף הדימות קיימות תשתיות פיזיות וטכנולוגיות מהמתקדמות בישראל, ועל כן הבדיקות והטיפולים שאנו מבצעים הם מהמתקדמים בעולם.

במחלקה מתבצע מחקר בתחומי ההתמחות השונים, וקיימת אפשרות להשתלב במחקר הקיים או לפתח תחומי מחקר חדשים, תוך התבססות על התשתיות הקיימות במחלקה.",,,,5,#DIV/0!,#N/A,0,0,0,0,0,"16,954.00","19,965.92","3,011.92",1,1,100.00%,0,0.00%,78.40%,4.7,,73.50%,0,0,0,0,0,0,0,0 - 0,
,מ''ר קטן,"ביה""ח הדסה הר הצופים",כירורגיה של בית החזה,,,,,,,,,,,,,,,,6,#DIV/0!,#N/A,0,0,0,0,0,"16,954.00","19,965.92","3,011.92",0,0,#DIV/0!,0,#DIV/0!,91.89%,4.5,,84.88%,0,0,0,0,0,0,0,0 - 0,
,מ''ר קטן,"ביה""ח הדסה הר הצופים",פסיכיאטריה של הילד והמתבגר,,,,,,,,,,,,היחידה לפסיכיאטריה של הילד והמתבגר מטפלת במשפחות ובילדים מהינקות ועד גיל שמונה עשרה ומהווה כתובת להערכה וטיפול בטווח רחב של בעיות נפשיות.,,,,5,#DIV/0!,#N/A,0,0,0,0,0,"16,954.00","19,965.92","3,011.92",0,0,#DIV/0!,0,#DIV/0!,#DIV/0!,4.5,,73.37%,0,0,0,0,0,0,0,0 - 0,
,מ''ר קטן,"ביה""ח זיו - צפת",רפואת ילדים,,https://www.gov.il/he/departments/PublicBodies/kisd,ד׳׳ר,הינו ביאן, hino.b@ziv.gov.il,,גב׳,מזכירת המחלקה,לירז ארביב,liraza@ziv.gov.il,,"המחלקה לרפואת ילדים מציעה שירותים לכל המגוון הרחב של בעיות בריאות חריפות וכרוניות של ילדים כולל בעיות כירורגיות. ענפי המערך: במחלקת אשפוז, מחלקה לרפואה דחופה ילדים (חדר מיון) ויחידת אשפוז יום, יחידה לטיפול נמרץ בילדים, ומרפאות חוץ: קרדיולוגיה ילדים, המטולוגיה/אונקולוגיה, אנדוקרינולוגיה וסוכרת ילדים, גנטיקה ומטבוליזם, נוירולוגיה ילדים והתפתחותהילד, גסטרואנטרולוגיה ותזונת ילדים, קשב וריכוז, ריאות ילדים, מחלות גנטיות ומטבוליות בילדים ומעקב וייעוץ כללי ברפואת ילדים (בדגש על הרטבה ועצירות) מחלקת הילדים כוללת 32 מיטות אשפוז כולל חדר בידוד מיוחד. שיבוץ הילדים לחדרים נקבע משקולים מקצועיים בלבד, לכן - יתכן שבמהלך האשפוז יתעורר צורך לשנות את חדר האשפוז בשל המצב הרפואי של הילד.",,,,4.5,56,12,2,4,5,8,1,"16,954.00","19,965.92","3,011.92",23,10,43.48%,13,56.52%,84.92%,4.6,,88.27%,2,3,6,2,2,2,4,2 - 4,
,מ''ר קטן,"ביה""ח זיו - צפת",פסיכיאטריה,,https://www.gov.il/he/pages/adult_psychiatric_ziv,ד׳׳ר,לידיה איזקסון,lidiai@ziv.gov.il,,,,,,,"המחלקה הפסיכיאטרית מטפלת בכל מגוון ההפרעות הנפשיות, על ידי צוות רב-מקצועי הכולל רופאים פסיכיאטרים, פסיכולוגים קליניים, צוות סיעודי, עובדות סוציאליות, מטפלות באומנויות ומרפאות בעיסוק. 
הטיפולים כוללים: טיפולים ביולוגיים, טיפול בנזעי חשמל, טיפול פסיכותרפי, טיפול משפחתי, טיפול קבוצתי, טיפול באמצעות אומנויות, שיקום וריפוי בעיסוק.
המחלקה כוללת מחלקת אשפוז פעילה ואשפוז יום פעיל, במסגרתו המטופלים שוהים במחלקה במשך חצי יום.
במסגרת המרכז הרפואי פועל גם מיון פסיכיאטרי, שהוא יחידה קדמית, המאפשרת לכל אדם הזקוק לכך להיבדק על ידי רופא פסיכיאטר, ללא צורך להגיע למחלקה הפסיכיאטרית. המיון פועל 24 שעות ביממה.",,,,4.5,68,7,3,4,2,2,1,"16,954.00","19,965.92","3,011.92",10,2,20.00%,8,80.00%,78.17%,4.7,,62.28%,2,0,3,3,3,2,0,1 - 3,
,מ''ר קטן,"ביה""ח זיו - צפת",יילוד וגינקולוגיה,,https://www.gov.il/he/departments/units/pregnancy-and-childbirth/govil-landing-page,ד׳׳ר, ענבר בן שחר,inbar.b@ziv.health.gov.il,,גב׳,מזכירת המחלקה,סמדר בלילתי,smadar.b@ziv.health.gov.il,,"מחלקת נשים ויולדות במרכז הרפואי זיו היא מחלקה שמשנה את פניה בשנים האחרונות בכל אגפיה השונים. אנו קולטים רופאים חדשים, שמצטרפים לצוות הוותיק, ושואפים בצד שיפור השירות למטופלים, לפתח מוקדי הצטיינות הן בתחומים קליניים חדשים והן במחקר קליני ובסיסי. במסגרת זאת, אגף המיילדות חנך חדרי לידה, מחלקת סיבוכי הריון ומחלקת יולדות ויילודים חדשים. בחדרי הלידה ישנם שני חדרים ללידה טבעית, שמאפשרים ליולדת לעבור את הלידה כמה שניתן ללא התערבות, כולל אמצעים כמו ג'קוזי, סולמות ועוד. זאת, תוך כדי ניטור עוברי אלחוטי, שמאפשר לעקוב אחר הדופק העוברי גם לא בשכיבה ובעת השהות במים.",,,,6,#DIV/0!,9,4,1,4,1,0,"16,954.00","19,965.92","3,011.92",20,12,63.16%,7,36.84%,74.40%,4.7,,82.48%,3,2,1,1,4,0,0,1 - 3,
,מ''ר קטן,"ביה""ח זיו - צפת",פנימית,בית חולים- מחלקה א,https://www.gov.il/he/departments/PublicBodies/1internal_medicine_division,ד׳׳ר,אוסאמה חוסיין,osamahussein@ziv.health.il,,גב׳,מזכירת המחלקה,הודיה דיין,hodayad@ziv.gov.il,,"מחלקה רפואית העוסקת באבחון וטיפול במחלות לב, ריאות, מערכת העיכול, כליות, מפרקים
מחלות מערכת החיסון, מחלות כלי-דם הנובעות ממחלה במערכת החיסון או מפקקת בוורידים, מחלות הנובעות מהפרעות בחילוף החומרים (סוכרת, בלוטת התריס ועוד), 
סיבוכים של טיפולים כימותרפויטים ומחלות זיהומיות. 
במחלקה יש יחידה לטיפול מוגבר שבו מאושפזים/ות חולים/ות במצב לא יציב עם ציוד תומך כולל חולים שנזקקים להנשמה מלאכותית,
נעשות במחלקה פעולות רבות כמו ניקורי מיח עצם, חלל הצפק וחלל הצדר וביופסית עור או רקמת שומן.",,,,4,71,10,9,4,8,10,2,"16,954.00","19,965.92","3,011.92",43,13,30.23%,30,69.77%,53.19%,4.9,,74.85%,6,3,7,6,4,6,3,4 - 6,
,מ''ר קטן,"ביה""ח זיו - צפת",פנימית,בית חולים-מחלקה ב,https://www.gov.il/he/departments/PublicBodies/internal_department_b,ד׳׳ר,אבו שקארה אשרף,ashrafa@ziv.health.gov.il,,גב׳,מזכירת המחלקה,סויסה שושי,shoshy.s@ziv.health.gov.il,,"המחלקה מוכרת להתמחות מלאה ברפואה פנימית על ידי המועצה המדעית של ההסתדרות הרפואי, לרוטציות ולעבודות במדעי יסוד למתמחים ועבודות גמר לסטודנטים . 
מנהל המחלקה, מנהל המחלקה , ד""ר אבו שקארה אשרף , מומחה ברפואה פנימית וקרדיולוגיה , בעל תואר שני בניהול מערכות בריאות.
המחלקה מטפלת מדי חודש ב-250-300 חולים חדשים, ובכ-4,000 חולים בשנה, הסובלים ממחלות חריפות וכרוניות ובחולים המועמדים לניתוח שאינו דחוף. במחלקה מתבצעים אבחון וטיפול במחלות זיהומיות, נשימתיות, מחלות לב והחמרה באי ספיקת הלב, מחלות כליה והפרעות במאזן חומצי בסיסי, מחלות ריאומטיות ואיזון סוכרת ויתר לחץ דם ועוד, במחלקה קיימת יחידת תגבור לחולים קשים ומונשמים.
",,,,4,71,10,9,4,8,10,2,"16,954.00","19,965.92","3,011.92",43,13,30.23%,30,69.77%,53.19%,4.9,,74.85%,6,3,7,6,4,6,3,4 - 6,
,מ''ר קטן,"ביה""ח זיו - צפת",פסיכיאטריה של הילד והמתבגר,,https://www.gov.il/he/pages/children_and_youth_mental_health_center,ד׳׳ר,אורי יצקר,uriy@ziv.gov.il,,גב׳,מזכירת מנהל המערך,מור אוזן,moru@ziv.gov.il,,"המערך לבריאות הנפש לילד ולמתבגר מטפל בילדים ובני נוער בגילאי 0-18 הסובלים ממצוקה נפשית בתחומים שונים. 
במערך צוות מיומן ומקצועי, המעניק שירותי אבחון, טיפולי פסיכותרפיה וטיפולים פסיכיאטרים, בשאיפה לאזן את מצבו הנפשי של הילד ולהיטיב את איכות חייהם שלו ושל משפחתו. הצוות משלב תיאוריות חדשניות ושיטות התערבות מגוונות, מהמתקדמות בתחום בריאות הנפש ומקפיד על עיסוק מתמיד בהתפתחות ובמחקר, בצד עבודתו הטיפולית. 
הטיפול הניתן במערך לבריאות הנפש לילדים ונוער, הנו מגוון וכולל: 
•    אבחון, טיפול ומעקב פסיכיאטרי.
•    טיפול פרטני: טיפול בילד או במתבגר הניתן במגוון גישות לרבות: טיפול פסיכולוגי, טיפול בהבעה ויצירה, טיפול קוגניטיבי התנהגותי (DBT), CBT ועוד.
•    הדרכת הורים: ייעוץ להורים בנושאי הורות והגברת השפעתם המיטיבה לחיזוק התהליך הטיפולי.
•    טיפול משפחתי: הצטרפות למשפחה והובלתה כמערכת התמיכה המשמעותית לילד, ליצירת שינוי, תוך גיוס משאבי המשפחה וחזקותיה.
•    טיפול קבוצתי: טיפול בקבוצה לילדים, מתבגרים והורים המתמודדים עם קשיים משותפים.
•    טיפול דיאדי או טריאדי: טיפול של הילד עם שני הוריו, או אחד מהם, כתהליך משותף.
המערך מעניק את שירותיו לאזור גיאוגרפי נרחב, הכולל את  אוכלוסיית הגליל העליון, הגליל התחתון, הגליל המרכזי ורמת הגולן. ההכרה בייחודה וקשייה של הפריפריה, מנחה להנגשת השירות אל הילד ומשפחתו, הנגשה גיאוגרפית, תרבותית ושפתית. 
לערך 3 שלוחות הפועלות בקהילה: בקריית שמונה, קצרין ומג'אר.
המערך לבריאות הנפש לילד ולמתבגר שם לעצמו למטרה לחזק את הקהילה המקצועית ומקפיד לעסוק בלימוד והכשרה של סטודנטים ואנשי מקצוע בתחומי הבריאות, החינוך והרווחה.

פעילות אקדמית ומחקרית – הצוות המטפל עוסק בהתמדה בפעילות אקדמית ומחקרית בצד עבודתו הקלינית.
פעילות זו נעשית בשיתוף מוסדות אקדמיים בכל רחבי הארץ ובמיוחד עם הפקולטה לרפואה של אוניברסיטת בר אילן ועם מכללת תל חי.",,,,5,61,4,6,6,4,2,0,"16,954.00","19,965.92","3,011.92",16,11,68.75%,5,31.25%,#DIV/0!,4.5,,73.37%,2,3,0,0,4,3,5,1 - 4,
,מ''ר קטן,"ביה""ח זיו - צפת",הרדמה,,https://www.gov.il/he/departments/PublicBodies/anesthesia,ד׳׳ר,אלכסנדר איזקסון,alexander.i@ziv.gov.il,,גב׳,מזכירת המחלקה,רחל פררו,rachelfe@ziv.gov.il,,"מחלקת הרדמה משרתת 24 שעות ביממה את כל סוגי הניתוחים ומקרי הטראומה, מטופלים מחדר המיון וחולים בטיפול נשימתי. כן מטפלת המחלקה במצבים של כאב חד בחולים בחדרי ההתעוררות ובמחלקות האשפוז.

בחדרי הלידה המחלקה מטפלת באלחוש אפידורלי ובפעולות דחופות כמו בדיקה ידנית של חלל הרחם או הרדמה בלידות ואקום, בלידת תינוק גדול במיוחד וכו'.

מחלקת ההרדמה מבצעת גם פעולות מחוץ לחדר הניתוח, כמו הרדמות במכון הגסטרו-אנטרולוגי, צנתורים, הרדמת ילדים במכון הרנטגן ובבדיקות CT, ופתיחת נתיב לטיפול כימותרפי במחלקה האונקולוגית.",,,,5,86,9,1,3,3,5,0,"16,954.00","19,965.92","3,011.92",15,2,13.33%,13,86.67%,52.75%,4.5,,61.25%,2,1,1,2,0,0,1,1 - 2,
,מ''ר קטן,"ביה""ח זיו - צפת",רדיולוגיה (דימות),,,,,,,,,,,,,,,,5,68,6,1,3,0,2,0,"16,954.00","19,965.92","3,011.92",8,2,25.00%,6,75.00%,78.40%,4.7,,73.50%,1,1,0,2,2,0,2,1 - 2,
,מ''ר קטן,"ביה""ח זיו - צפת",אורתופדיה,,https://www.gov.il/he/departments/PublicBodies/orthopedic_department,ד׳׳ר,נועם רשף,noamr@ziv.gov.il,,גב׳,מזכירת המחלקה,ברדה עליזה,,046828910,"המחלקה מספקת מענה אורתופדי לכלל תושבי הצפון, לבעיות במפרק הירך, ברכיים, כתפיים ועמוד שדרה. בקרוב ייפתח במסגרת המחלקה שירות לכף הרגל.

במחלקה מטפלים בזיהומים כרוניים בגפיים, הארכת עצמות, הארכת גובה, טיפול בשברים אוסטאופורוטיים בגב, במאושפזים נפגעי תאונות, מחלות עמוד שדרה ומחלות מערכת התנועה.",,,,6,80,28,0,0,3,4,4,"16,954.00","19,965.92","3,011.92",17,0,0.00%,17,100.00%,70.66%,5.2,,69.70%,3,0,0,1,0,3,3,0 - 3,
,מ''ר קטן,"ביה""ח זיו - צפת",נוירולוגיה,,https://www.gov.il/he/departments/PublicBodies/neurology_dep,ד׳׳ר,סמעאן נעים,naaems@ziv.gov.il,,,,,,,"המחלקה הנוירולוגית כוללת בתוכה אגף אשפוז, מרפאות, מכון נוירופיזיולוגי הכולל בדיקות אלקטרו-פיזיולוגיות כדוגמתEEG ,EMG ,TST ו- TCD .
המחלקה  הינה יחידה אשפוזית ומהווה מרכז לאבחון טיפול ומעקב אחר מטופלים הסובלים ממגוון מחלות נוירולוגיות, לבעיות נוירולוגיות מגוונות ומורכבות. אל היחידה מופנים מטופלים מכל חלקי הארץ לשם קבלת ייעוץ נוירולוגי ספציפי והתאמת פרוטוקולים טיפוליים אישיים.
במחלקה קיים מכשור מתקדם וחדיש: מכשירTSH המודד תחושות באופן כמותי, ומכשיר,EMG וכן מכשיר EEG ושירות וידאו EEG לבדיקה ממושכת של ניטור גלי המוח בחשד למקרים אפילפטיים.
המטופלים המאושפזים ביחידה מופנים באמצעות: מרפאות השונות בנוירולוגיה, המחלקה לרפואה דחופה ומחלקות נוספות בביה""ח וע""י רופאים מאזור הצפון ומרחבי הארץ.",,,,5,102,17,0,0,4,2,1,"16,954.00","19,965.92","3,011.92",7,0,0.00%,7,100.00%,66.47%,4.6,,78.95%,0,2,2,0,2,1,3,1 - 2,
,מ''ר קטן,"ביה""ח זיו - צפת",קרדיולוגיה,,https://www.gov.il/he/departments/PublicBodies/cardiology,ד׳׳ר,חלבי מג'די,Majdi.h@ziv.gov.il,,גב׳,מזכירת המחלקה,דורית זריהן,DoritZ@ziv.gov.il,,"המערך הקרדיולוגי מורכב מיחידות האשפוז: טיפול נמרץ לב וטיפול נמרץ לב ביניים. כמו כן, יחידת צנתורים, אגף שירות לא פולשני ואגף מחקר. בנוסף גם מכון הלב, המכון לשיקום הלב והמכון להפרעות קצב ואלקטרופיזיולוגיה. כל יחידה פועלת באופן עצמאי וכולן תחת המערך הקרדיולוגי, בניהולו של ד""ר מג'די חלבי.

המערך הקרדיולוגי מאפשר מגוון רחב של שירותים טיפוליים ומניעתיים:
ביחידת הצנתורים מתבצעים מדי שנה בין 800 ל-1,000 צנתורים בחולים הסובלים מתעוקת חזה, טיפול בהתקפי לב וצנתורים אבחנתיים לחולים עם מחלות מסתמיות ובירור של חולים עם קוצר נשימה, כולל חולים עם יתר לחץ דם ריאתי.
ביחידה לט.נ.לב המונה 6 מיטות אשפוז, מאושפזים חולים עם מחלות לב המצריכות מעקב צמוד וטיפול מציל חיים כמו חולים לאחר התקף לב, חולים עם תסחיף ריאתי מסכן חיים, חולים באי-ספיקת לב מתקדמת או חולים לאחר החייאה.
ביחידה לט.נ.לב ביניים המונה 12 מיטות אשפוז, מאושפזים מטופלים לאחר השלב החריף של מחלתם וכן מטופלים במסגרת בירור קרדיאלי באשפוז.",,,,6.5,78,38,2,0,2,1,0,"16,954.00","19,965.92","3,011.92",6,3,50.00%,3,50.00%,#DIV/0!,4.5,,#DIV/0!,0,0,1,2,1,0,0,0 - 1,
,מ''ר קטן,"ביה""ח זיו - צפת",אף אוזן גרון,,https://www.gov.il/he/departments/PublicBodies/throat_neck_head_surgery,ד׳׳ר,שלמה מרחבי,merchavy@gmail.com,,,,,,,"כירורגיה של ראש צוואר -  גידולים שפירים וממאירים של הצוואר,
כגון מחלות בבלוטת התריס (תירואיד), ותת בלוטת התריס (פאראתירואיד).
משלב האבחנה והביופסיה ועד לשלב הניתוח והמעקב.

ניתוחי אוזניים – הכנסת צינוריות איוורור, תיקון והשתלת עור תוף, טיפול בזיהומי
אוזן כרוניים ושתל שבלול.
ביחידה ישנו מכון שמיעה.
אף וסינוסים – כולל מחלות כאוניות של הסינוסים, וכן ניתוחי FESS

וכמובן שאר מחלות אף אוזן וגרון השכיחות בילדים ומבוגרים.",,,,6,90,16,1,0,0,3,2,"16,954.00","19,965.92","3,011.92",8,1,12.50%,7,87.50%,80.08%,4.8,,76.61%,0,1,0,1,2,0,3,0 - 2,
,מ''ר קטן,"ביה""ח זיו - צפת",כירורגיה כללית,,https://www.gov.il/he/departments/PublicBodies/surgical_ward,ד׳׳ר,סולומונב יבגני,evgeny.so@ziv.health.gov.il,,גב׳,מזכירת המחלקה,צליל שטרית,zlils@ziv.health.gov.il,,"במחלקה ישנם 30 מיטות אשפוז ונערכים בה בין 1500-2000 ניתוחים בשנה ומאושפזים בה כ-3500 חולים מדי שנה. 

המחלקה מציעה שירותים אלקטיביים מתקדמים בטווח רחב של תחומי הכירורגיה הכללית: 
במחלקה מתבצעים ניתוחים דחופים ומתוכננים לפי הפירוט הבא:

ניתוחים אונקולוגים של מערכת העיכול: ניתוחי כריתות מעי גס חלקיות ומלאות לטיפול בגידולים או לטיפול במחלות מעי דלקתיות (diverticulitis).
ניתוחי רקטום להסרת גידולים. ניתוחי כריתת קיבה חלקית/מלאה עם או בלי וושט לטיפול בסרטן קיבה כולל הסרת בלוטות לימפה מורחבות (D2)
ניתוחי כבד לטיפול בגידולים ראשוניים כמו הפטומה (HCC) או כולנגיוקרצינומה (cholaingiocarcinoma) וכמו כן לגידולים גרורתיים כמו סרטן מעי גס או גידולים ניואנדוקרינים (NET). ניתוחי כבד להסרת ציסטות גידוליות או שפירות או אכינוקוקוס
ניתוחי לבלב שכוללים ניתוחי כריתת ראש לבלב הקרוי ע""ש וויפל וניתוחי כריתה דיסטלית ש הלבלב עם או בלי טחול. רוב הניתוחי הללו מתבצעים בשיטה לפרוסקופית. ניתוח כריתה לפרוסקופית שלמה של לבלב וטחול ותריסיון להסרת סרטן לבלב בוצע במרכזנו ביוני 2020 לראשונה בארץ
ניתוחים לטיפול בממאירויות חללה צפק (בטן) הכוללים שיטות שונות של הזלפת כימותרפיה בזמן הניתוח (HIPEC,PIPAC) למחלות כגון גידולי התוספתן, מזותליומה סרטן מעי גס מפושט לחלל הבטן ועוד
ניתוחי דופן הבטן מתבצעים בשיטה לפרוסקופית על פי רוב וכוללים ניתוחי בקעים מפשעתיים וטבוריים והן ניתוחים של בקעים חוזרים בצלקת ניתוחית (POVH)  ובקעים סרעפתיים .וברשימת ניתוחים אלו נכנסים ניתוחי לפרוסקופיים כמו: laparoscopic posterior component separation  +- TAR
ניתוחים לפרוסקופיים לכריתת כיס מרה ודרכי מרה: ניתוחי כריתת כיס מרה הינם הניתוחים השכיחים ביותר בכירורגיה כללית. בשונה מהרבה מחלקות גם מעקף דרכי מרה נעשה במחלקתנו בשיטה לפרוסקופית, במחלקתנו נעשה ניתוח, הראשון מסוגו בארץ של שחזור דרכי מרה לפרוסקופיים עקב פגיעה בדרכי מרה
ניתוחים להשמנת יתר חולנית (ניתוחים בריאטריים)
ניתוחי דופן הבטן TOP CLOSURE  שיטה חדשנית זו מטפלת במקרים קשים בהם אין די רקמה ועור לסגירת פגמים בדופן הבטן בשיטה זו ניתן למנוע השתלות עור ואיבוד תפקוד של שרירי דופן הבטן
מגוון ניתוחים פרוקטולוגיים לטיפול בטחורים, פיסורה (סדק בפי טבעת) ועוד
ניתוחי שד: מתבצעים ניתוחים מגוונים בתחום כירורגית שד שעיקרם כריתת גושים חשודים או סרטניים כולל כריתה חלקית/מלאה של השד, בלוטות לימפה, בלוטות זקיף ודיסקציה רדיקלית שלו בלוטות לימפה בבית שחי
רוב ניתוחי כריתת שד מלאה מלווים היום בשחזור שד בו זמנית
ניתוחים דחופים הכוללים: טיפול כירורגי בחסימות מעיים, התנקבות איבר חלול, דלקת בתוספתן ועוד
ניתוחי טראומה לש פצועי ירי, דקירה או תאונות דרכים",,,,6,92,23,1,0,2,3,1,"16,954.00","19,965.92","3,011.92",10,1,10.00%,9,90.00%,84.75%,5,,68.56%,2,2,0,0,1,2,2,1 - 2,
,מ''ר קטן,"ביה""ח זיו - צפת",מחלות עיניים,,https://www.gov.il/he/departments/PublicBodies/eyes_dep,ד׳׳ר,חסיד אוצם,eyes@ziv.health.gov.il,,גב׳,מזכירת המחלקה,שני אלגלי,shanida@ziv.gov.il,,"מחלקת העיניים במרכז הרפואי זיו מעניקה מגוון שירותים מתקדמים תוך דגש להעניק את השירות המלא והטוב ביותר למטופל.
המחלקה מציעה טיפולי עיניים על ידי רופאים מומחים במגוון שירותים.
הטיפול במחלקת עיניים בעיקרו מתבצע במרפאות חוץ עיניים ובמרפאות קופות החולים בקהילה.
מחלקת האשפוז מיועדת לאשפוז חולים עם בעיות עיניים מסובכות ולאשפוז חולים לקראת ניתוח ולאחריו.",,,,5,70,13,0,2,0,3,0,"16,954.00","19,965.92","3,011.92",7,4,57.14%,3,42.86%,76.38%,4.5,,71.61%,1,1,0,1,1,1,1,1 - 1,
,מ''ר קטן,"ביה""ח זיו - צפת",גריאטריה,,https://www.gov.il/he/departments/PublicBodies/geriatric_ward,ד׳׳ר,אבו סאלח נשאת,nashat.a@ziv.gov.il,,,,,,,"המחלקה מתמחה בטיפול מקיף וכולל בקשישים הסובלים ממחלות חריפות, מהגבלות פיזיות, מפצעי לחץ, מריתוק למיטה, מירידה קוגניטיבית, מבעיות תפקודיות, מקשיי אכילה, מהפרעת התנהגות, מבעיות נפשיות ומבעיות סוציאליות.

המחלקה נוקטת גישה של טיפול שמרני תומך במחלות חשוכות מרפא בשלב מתקדם, תוך שמירה על כבודו של האדם והקלה על סבלו. המחלקה מתכננת, בשיתוף המטופל ומשפחתו, את תהליך שיקומו לקראת שחרורו מהמרכז הרפואי, על ידי דאגה לסידור מוסדי או להמשך טיפול בקהילה. ",,,,4.5,#DIV/0!,#N/A,0,0,2,0,0,"16,954.00","19,965.92","3,011.92",2,1,50.00%,1,50.00%,35.32%,4.1,,65.59%,1,1,0,1,1,0,0,0 - 1,
,מ''ר קטן,"ביה""ח זיו - צפת",פתולוגיה,,,,,,,,,,,,,,,,5,85,13,0,0,2,1,0,"16,954.00","19,965.92","3,011.92",5,3,60.00%,2,40.00%,56.12%,4.5,,58.07%,0,0,1,1,0,0,1,0 - 1,
,מ''ר קטן,"ביה""ח זיו - צפת",אונקולוגיה,,,,,,,,,,,,,,,,5.5,64,3,1,0,0,0,0,"16,954.00","19,965.92","3,011.92",1,1,100.00%,0,0.00%,77.68%,4.7,,69.12%,1,0,0,0,0,1,0,0 - 1,
,מ''ר קטן,"ביה""ח זיו - צפת",כירורגיה אורולוגית,,https://www.gov.il/he/departments/PublicBodies/orology_ziv,פורפ׳,רן כץ,rank@ziv.gov.il,,גב׳,מזכירת המחלקה,שמחי טליה,talis@ziv.gov.il,,"המחלקה האורולוגית נפתחה בבית החולים בשנת 1973 ומאז שמה לעצמה למטרה להעניק שירות אורולוגי מיטבי לאוכלוסיית הצפון.

המחלקה מציעה טיפול איכותי ומתקדם במגוון הבעיות הנפוצות בתחום האורולוגיה. רופאי המחלקה פעילים גם במרפאות קופות החולים בקהילה ושומרים על רציפות טיפול נאותה מול המטופלים ורופאי המשפחה",,,,6,#DIV/0!,16,1,0,1,4,0,"16,954.00","19,965.92","3,011.92",8,0,0.00%,7,100.00%,67.19%,5,,74.33%,1,1,0,1,0,1,0,0 - 1,
,מ''ר קטן,"ביה""ח זיו - צפת",רפואה דחופה,,https://www.gov.il/he/departments/PublicBodies/emergency_room,ד׳׳ר,רוזנפלד אינה,InnaR@ziv.gov.il,,,,,,,"מדריך  סטודנטים לרפואה וסיעוד ומכשיר סטאז'רים לרפואה ומהווה חלק מסילבוס ההתמחות באורטופדיה, כירורגיה, פנימית  ונשים במחלקה לרפואה דחופה. 

מתחם מיון נשימתי, פועל בתוך מתחם המיון.",,,,4.5,#DIV/0!,#N/A,0,0,0,0,0,"16,954.00","19,965.92","3,011.92",0,0,#DIV/0!,0,#DIV/0!,66.27%,4.5,,75.55%,1,0,1,0,0,0,0,0 - 1,
,מ''ר קטן,"ביה""ח זיו - צפת",רפואה גרעינית,,,,,,,,,,,,,,,,4.5,#DIV/0!,26,0,0,0,1,0,"16,954.00","19,965.92","3,011.92",1,1,100.00%,0,0.00%,58.33%,4.5,,51.83%,0,0,0,1,0,0,0,0 - 0,
,מ''ר קטן,"ביה""ח לניאדו",רפואת ילדים,,https://www.laniado.org.il/mahlakot/%d7%99%d7%9c%d7%93%d7%99%d7%9d/,ד׳׳ר,מיכאל בן אקון,nyaskil@laniado.org.il,,,,,,,"המרכז לרפואת ילדים ע""ש קורל שבבניין בית החולים לילדים ע""ש נימן מעניק טיפול רפואי לילדים מתינוקות בני יומם ועד גיל 18.

רופאי המחלקה מהווים מערך מקצועי רב תחומי במכלול מחלות הילדים, החל ממחלות היילוד ומחלות ילדים אופייניות כגון: מחלות זיהומיות, דלקת קרום המוח, דלקות ריאה, מחלות שלשוליות חריפות וכרוניות, בעיות של אסטמה, סטרידור וברונכיוליטיס בתינוקות קטנים.

במחלקה קיימים 4 אגפי אשפוז עפ""י סוגי תחלואה, גיל ומצב רפואי.

המסר העיקרי המנחה את הצוות המקצועי של מחלקת הילדים משלב הענקת טיפול רפואי מיטבי יחד עם תחושה של בית חם לילד החולה ולבני משפחתו, כולל תמיכה רגשית ונפשית במשך כל תהליך האשפוז.

מחלקת ילדים בבי""ח לניאדו כוללת:

24 מיטות אשפוז
אשפוז יום המטו-אונקולוגי
מלר""ד ילדים
מרפאות",,,,4.5,67,3,14,7,12,2,1,"16,954.00","19,965.92","3,011.92",31,23,74.19%,8,25.81%,84.92%,4.6,,88.27%,8,3,2,4,6,8,5,4 - 7,
,מ''ר קטן,"ביה""ח לניאדו",אורתופדיה,,https://www.laniado.org.il/mahlakot/%d7%90%d7%95%d7%a8%d7%98%d7%95%d7%a4%d7%93%d7%99%d7%94/,ד׳׳ר,קלוד פיקאר,orthopedic@laniado.org.il,,,,,,,"חזון המחלקה האורטופדית הוא להוות מוקד מצוינות בטיפול רפואי, וחינוך רפואי מתקדם בתחום האורתופדיה בארץ, מתוך ערכיות וחמלה  כלפי המטופלים ובני משפחותיהם.
המחלקה מציגה עמידה בכלל מדדי האיכות , בפרמטרים שונים, אותם בוחנת יחידת האיכות של משרד הבריאות. ובמספר מדדים, היחידה אף מציגה נתונים טובים יותר מהיעד הלאומי שהוצב ע""י משרד הבריאות.",,,,6,#DIV/0!,12,4,3,2,2,2,"16,954.00","19,965.92","3,011.92",16,4,25.00%,12,75.00%,70.66%,5.2,,69.70%,0,2,2,1,3,3,3,2 - 3,
,מ''ר קטן,"ביה""ח לניאדו",פנימית,בית חולים- מחלקה א,https://www.laniado.org.il/mahlakot/%d7%a4%d7%a0%d7%99%d7%9e%d7%99%d7%aa-%d7%90/,ד׳׳ר,אליזבטה ניסים,,,,,,,,"מחלקת פנימית א' בבית חולים לניאדו מטפלת במגוון רחב של חולים במחלות פנימיות. במחלקה ישנה יחידה לטיפול נמרץ.

במחלקה ישנם 15 חדרים ובהם 36 מיטות אשפוז + 6 מיטות בטיפול נמרץ. קיימים שירותים ומקלחת צמודים לנוחיות המאושפז.

הצוות מטפל בכ-300 חולים לחודש.",,,,4,69,5,12,13,5,5,2,"16,954.00","19,965.92","3,011.92",40,17,42.50%,23,57.50%,53.19%,4.9,,74.85%,5,1,6,6,8,4,4,4 - 6,
,מ''ר קטן,"ביה""ח לניאדו",פנימית,בית חולים-מחלקה ב,https://www.laniado.org.il/mahlakot/%d7%a4%d7%a0%d7%99%d7%9e%d7%99%d7%aa-%d7%92/,ד׳׳ר,אוריאל לוינגר,,,,,,,,"מחלקת פנימית ג' בבית חולים לניאדו מטפלת במגוון רחב של חולים במחלות פנימיות. במחלקה יחידה לטפול מוגבר. במחלקה 11 חדרים ובהם 24 מיטות אשפוז + 4 מיטות בטיפול מוגבר ו- 2 חדרי בידוד. לכל חדר שירותים ומקלחת צמודים לנוחיות המאושפז.

מחלקת פנימית ג' מציבה לעצמה את הדגש של ""האדם במרכז"". הטיפול בבאים בשעריה תוך מקצועיות , טיפול איכותי עם שמירה על כבוד האדם והסתכלות על האדם המטופל ועל צרכיו. המחלקה מכילה רופאים מומחים, רופאי בית ומתמחים, יחד עם צוות סיעודי בעל ""לב ענק"" ויכולות נתינה והכלה.",,,,4,69,5,12,13,5,5,2,"16,954.00","19,965.92","3,011.92",40,17,42.50%,23,57.50%,53.19%,4.9,,74.85%,5,1,6,6,8,4,4,4 - 6,
,מ''ר קטן,"ביה""ח לניאדו",הרדמה,,https://www.laniado.org.il/mahlakot/%D7%97%D7%93%D7%A8%D7%99-%D7%A0%D7%99%D7%AA%D7%95%D7%97/,ד׳׳ר,יוליה פרוד,,,,,,,,"מערך חדרי הניתוח בבי""ח לניאדו מונה 8 חדרי ניתוח, המבצעים אלפי ניתוחים בשנה. בחדרי הניתוח מבוצעים ניתוחים כירורגיים, אורטופדיים, כלי דם, גינקולוגיים למבוגרים וילדים, גברים ונשים. לו""ז הניתוחים הינו משתנה, בהתאם לעומס בחדרי הניתוח ולסדרי עדיפויות על בסיס שיקולים קליניים.
בראש מערך חדרי הניתוח וההרדמה עומדת ד""ר יוליה פרוד, מומחית בעלת נסיון רב בתחום.",,,,5,#DIV/0!,11,2,6,4,2,2,"16,954.00","19,965.92","3,011.92",19,6,33.33%,12,66.67%,52.75%,4.5,,61.25%,1,0,2,3,5,3,2,2 - 3,
,מ''ר קטן,"ביה""ח לניאדו",יילוד וגינקולוגיה,,https://www.laniado.org.il/mahlakot/%d7%90%d7%92%d7%a3-%d7%a0%d7%a9%d7%99%d7%9d-%d7%95%d7%99%d7%95%d7%9c%d7%93%d7%95%d7%aa/,ד׳׳ר,יעל יקל,uswomen@laniado.org.il,,,,,,,,,,,6,77,9,6,11,12,6,2,"16,954.00","19,965.92","3,011.92",32,29,90.63%,3,9.38%,74.40%,4.7,,82.48%,2,3,4,6,3,5,6,3 - 6,
,מ''ר קטן,"ביה""ח לניאדו",רדיולוגיה (דימות),,https://www.laniado.org.il/mahlakot/%d7%9e%d7%9b%d7%95%d7%9f-%d7%93%d7%99%d7%9e%d7%95%d7%aa/,ד׳׳ר,אחיהוד בנדט,,,,,,,,"מכון הדימות בבי""ח לניאדו מכיל מספר יחידות מקצועיות שונות המיועדות לבצע בדיקות הדמיה בטכנולוגיה מתקדמת לצורך ביצוע דיאגנוזה מדויקת במגוון רחב מנאד של תחומים קליניים.

הצוות המקצועי כולל רופאים/ות רדיולוגיים/ות בעלי התמחויות שונות, טכנאי/ות רנטגן בעלי/ות נסיון רב, צוות מזכירות וכוחות עזר.",,,,5,74,8,4,1,0,3,0,"16,954.00","19,965.92","3,011.92",11,4,40.00%,6,60.00%,78.40%,4.7,,73.50%,4,0,1,1,1,3,3,1 - 3,
,מ''ר קטן,"ביה""ח לניאדו",כירורגיה כללית,,https://www.laniado.org.il/mahlakot/%d7%9b%d7%99%d7%a8%d7%95%d7%a8%d7%92%d7%99%d7%94/,ד׳׳ר,מוריס ונטוררו,mventurero@gmail.com,,,,,,,"מחלקת כירורגיה עוסקת בכל תחומי הכירורגיה הכללית והטראומה ומקיפה את כל המחלקות והיחידות המטפלות בחוליהן בעזרת ניתוחים, וטיפול מקצועי.
לאורך השנים, המחלקה פעילה מאד. במחלקה נקלטו מאות חולים ונפגעים, כולל הנפגעים בהתקפות הטרור השונות בנתניה.

רופאי המחלקה מבצעים מעקב מרפאתי במרפאה הכירורגית, לפני ואחרי ניתוחים מתוכננים, הצוות כולל רופאים מומחים בכירורגיה, בעלי תארים ובעלי הכשרה של קורסים ייחודיים בכירורגיה, עובדה שתורמת למקצועיות גבוהה במתן טיפול כוללני במגוון רחב של בעיות בריאותיות. במחלקה הכירורגית 34 מיטות אשפוז.",,,,6,70,4,3,2,1,3,1,"16,954.00","19,965.92","3,011.92",9,1,11.11%,8,88.89%,84.75%,5,,68.56%,1,1,0,2,3,2,2,1 - 2,
,מ''ר קטן,"ביה""ח לניאדו",גריאטריה,,https://www.laniado.org.il/mahlakot/%d7%90%d7%92%d7%a3-%d7%92%d7%a8%d7%99%d7%90%d7%98%d7%a8%d7%99/,ד׳׳ר,ורד חרמוש,,,,,,,,"האגף הגריאטרי ""בית אברהם"", הינו חלק מבית החולים לניאדו.
האגף הוקם בשנת 1983 ובא לתת מענה לאוכלוסייה הקשישה בנתניה והסביבה. הוא נבנה על יסוד מתן כבוד ויחס אנושי חם לכל אדם ללא הבדל דת לאום ומין ופועל על פי ההלכה.

הטיפול המקצועי ניתן ברמה גבוהה בשילוב עם ידע, מקצועיות, מיומנות, מסירות, אמינות ומחויבות למתן כבוד ושמירה על זכויות המטופל. הצוות המקצועי והמומחה יודע להקשיב, להבין את רחשי לב המטופל ולהיענות לצרכיו. באגף מגוון רחב מאד של פעילויות הניתנות ע""י צוות רב מקצועי מיומן: רופאים גריאטרים, אחיות מוסמכות ומומחיות, עובדים סוציאליים, מרפאות בעיסוק, פיזיותרפיה, וליווי פסיכולוגי ורוחני.
",,,,4.5,59,9,5,2,6,3,1,"16,954.00","19,965.92","3,011.92",17,4,23.53%,13,76.47%,35.32%,4.1,,65.59%,1,3,0,3,4,3,4,2 - 4,
,מ''ר קטן,"ביה""ח לניאדו",רפואה דחופה,,https://www.laniado.org.il/mahlakot/%d7%9e%d7%9c%d7%a8%d7%93-%d7%9e%d7%a8%d7%9b%d7%96-%d7%9c%d7%a8%d7%a4%d7%95%d7%90%d7%94-%d7%93%d7%97%d7%95%d7%a4%d7%94/,ד׳׳ר,וורטהיין חוליאטה,,,,,,,,"למלר""ד מגיעים מטופלים עם מגוון פציעות ומחלות פנימיים, אורתופדים, נוירולוגים, אורולוגיים, טראומה וכו'. מטרת המחלקה להעניק טיפול רפואי וסיעודי, ראשוני ודחוף, לכלל האוכלוסייה ללא הבדל דת, מין, גזע ולאום, מתוך הבנת ערך בקדושת החיים ובכבוד הזולת. הטיפול במלר""ד מבוסס על ""תורת ישראל- תורת חיים"", הקוד האתי בסיעוד וחוק זכויות החולה. אנו רואים את המטופל ומשפחתו כלקוחותינו ומחויבים למתן שרות אופטימאלי.
תפיסת המטופל היא כשלם, כאדם בעל זהות המשתייך למסגרת משפחתית וחברתית עם ערכים וצרכים מעבר למחלתו כשהטיפול בו הוא טיפול הוליסטי.

המחלקה לרפואה דחופה מתאימה את עצמה לשינויים החברתיים הרבים, ההתקדמות הטכנולוגית והתמורות הרבות החלות במקצוע הרפואה דחופה ובסיעוד, במטרה לתת טיפול מקצועי, איכותי ואנושי למטופל ומשפחתו, תוך מחשבה כלכלית יעילה בצד שיפור איכות מתמיד,השילוב של ידע, מקצוענות, טכנולוגיה מתקדמת יחד עם גישה אמפאטית ואכפתית המתחשבת בזכויות המטופל ורוח ההלכה מהווים את היסוד להשקפת עולמנו.

חזון המחלקה לרפואה דחופה הינו להוביל את העשייה במלר""ד למצוינות, לשיפור מתמיד באיכות הטיפול ובשירות הניתן לחולה ולמשפחתו.",,,,4.5,51,10,4,3,2,3,2,"16,954.00","19,965.92","3,011.92",16,3,18.75%,13,81.25%,66.27%,4.5,,75.55%,1,2,2,1,3,5,3,2 - 3,
,מ''ר קטן,"ביה""ח לניאדו",קרדיולוגיה,,https://www.laniado.org.il/mahlakot/%d7%9e%d7%a2%d7%a8%d7%9a-%d7%94%d7%9c%d7%91/,ד׳׳ר,פאביו קוזניץ,,,,,,,,"מערך הלב שלנו, משרת את 300,000 התושבים של נפת נתניה, והוא הרביעי בגודלו בישראל. הגישה לחולה אצלנו במכון משלבת טיפול רפואי עדכני יחד עם התייחסות למצבו הפסיכולוגי והסוציו-אקונומי. אנו רואים חשיבות גבוהה ביצירת קשר חם וישיר עם החולה ומשפחתו.
במהלך השנה האחרונה התאשפזו במכון 2,500 מטופלים עם מגוון רחב של בעיות לבביות. בוצעו 895 צנתורים כדוגמת צנתור לב, 4,700 בדיקות אקו מכל הסוגים כולל בדיקת אקו לב, 1,500 ייעוצים למחלקות בית החולים, 105 השתלות קוצבים מכל הסוגים ו-5 פעולות אלקטרו-פיזיולוגיות. במרפאת הקוצבים בקרו 615 מטופלים. במרפאת ממעקב ביקרו 400 מטופלים ובשיקום הלב מבקרים 250 מתעמלים. אנו דואגים לכך שהמכון יהיה מאובזר תמיד בצורה העדכנית ביותר.
המכון מסונף לפקולטה לרפואה בטכניון ועוסק בהדרכת סטודנטים ואנו מוכרים להתמחות בקרדיולוגיה.
בסקרים חוזרים של החברה הישראלית לקרדיולוגיה שנערכו בעשור האחרון מדי שנתיים, ב- 26 יחידות הלב בישראל, נמצא שתמותת המטופלים עם תסמונת כלילית חריפה תוך 7 ימים מהאשפוז, נמוכה אצלנו ב- 30% מהתמותה הארצית.
מכון הלב ב בית חולים לניאדו עובד בשיתוף פעולה מלא עם קופות החולים וחברות הביטוח. המכון קולט הן חולים מאושפזים והן חולים אלקטיביים.",,,,6.5,#DIV/0!,4,2,2,1,1,0,"16,954.00","19,965.92","3,011.92",5,2,40.00%,3,60.00%,#DIV/0!,4.5,,#DIV/0!,0,3,0,1,1,2,0,0 - 2,
,מ''ר קטן,מרכז רפואי ברוך פדה פוריה,אורתופדיה,,https://www.poria.org.il/?CategoryID=2081&ArticleID=5,ד׳׳ר,סקר ח'מאיסי,skhamaisy@poria.health.gov.il,,,,,,,"המחלקה האורתופדית כוללת את כל היחידות המתמחות בתחומי האורתופדיה השונים, ביניהן כירורגית כף יד, כירורגית כתף, יחידת הברך, יחידת עמוד שידרה, שירות מפרק הירך, שיירות כף רגל ושירות אורתופדיה ילדים.
במסגרת המחלקה מטופלות גם פתולוגיות אחרות במערכת השלד – טיפול בנפגעי תאונות דרכים, תאונות עבודה, פציעות מלחמה, חבלות האופייניות לגיל המבוגר, החלפות של מפרק הברך והירך, ארטרוסקופיות של מפרקים, פגיעות ספורט וגידולים במערכת התנועה.המחלקה עוסקת באופן שוטף בהוראת סטודנטים ומתמחים, וכן במחקר קליני בסיסי, בשיתוף עם הצוות הסיעודי של האגף.
צוות הרופאים של המחלקה האורתופדית מגובה בצוות סיעודי מיומן של אחים ואחיות. יחד אנו משתדלים לתת למאושפזים את מיטב הטיפול הרפואי והסיעודי לו הם זקוקים.
השקפת עולמנו מבוססת על כך שרווחת החולה הינה ערך בסיסי במחלקה, עליו מושתתת העשייה המקצועית ומתוך כך ברורה לנו מחויבותנו לקידום את בריאותו של החולה על מנת שישיג רווחה פיזית ונפשית.",,,,6,74,24,0,0,2,7,4,"16,954.00","19,965.92","3,011.92",18,0,0.00%,17,100.00%,70.66%,5.2,,69.70%,2,2,2,2,3,3,1,2 - 3,
,מ''ר קטן,מרכז רפואי ברוך פדה פוריה,יילוד וגינקולוגיה,,https://www.poria.org.il/?CategoryID=2081&ArticleID=11,ד׳׳ר,יורי פרליץ,yperlitz@poria.health.gov.il,,,,,,,"מחלקת נשים ויולדות במרכז הרפואי צפון (פוריה) מרכזת את כל הפעילות הקשורה באישה ובאם ומעניקה מגוון רחב של שירותים בתחום רפואת נשים, רפואת האם והעובר, אבחון טרום-לידתי, הריון בסיכון גבוה, אולטרא-סאונד, רפואת פריון והפריה חוץ-גופית, ואונקו-גינקולוגיה.

חדרי הלידה וחדרי היולדות באגף נבנו לרווחת היולדות והמטופלות, עם ציוד חדיש ומתקדם, ואפשרות ללידות טבעיות וביות מלא ליולדות.צוות המחלקה מיומן במגוון האבחונים והטיפולים הנדרשים, ופועל מתוך תודעת שירות רפואי מתקדם ושמירה על איכות הטיפול, שלום האישה וכבודה, בכוונה להעניק למטופלות ולמשפחותיהן חוויית טיפול מיטבית וחיובית.",,,,6,78,18,6,2,3,5,2,"16,954.00","19,965.92","3,011.92",28,18,64.29%,10,35.71%,74.40%,4.7,,82.48%,4,3,1,3,4,3,1,2 - 4,
,מ''ר קטן,מרכז רפואי ברוך פדה פוריה,כירורגיה כללית,,https://www.poria.org.il/?CategoryID=2081&ArticleID=10,ד׳׳ר,פורת סוייד,,,גב׳,מזכירת המחלקה,אתי סמדר, esmadar@tzmc.gov.il,,"המחלקה הכירורגית במרכז הרפואי צפון (פוריה) משלבת מומחים מכלל ההתמחויות הכירורגיה הכללית, אשר משתפים פעולה לצורך אבחון מהיר ומדויק, יצירת תכנית טיפולית בשיתוף המטופל/ת והתאמת הטיפולים החדשניים ביותר לצרכי המטופל.

המחלקה מעניקה כיום מגוון נרחב של שירותים בתחום הכירורגיה הכללית הן בניתוחים פתוחים והן בניתוחים זעיר פולשניים (לפרסקופיים) מתקדמים.",,,,6,#DIV/0!,8,2,2,1,2,2,"16,954.00","19,965.92","3,011.92",18,5,27.78%,13,72.22%,84.75%,5,,68.56%,0,0,2,1,2,1,2,1 - 2,
,מ''ר קטן,מרכז רפואי ברוך פדה פוריה,גריאטריה,,https://www.poria.org.il/?CategoryID=2081&ArticleID=6,ד׳׳ר,אמיתי אוברמן,aoberman@poria.health.gov.il,,,,,,,"המחלקה אמונה על שיקום המטופל המבוגר לאחר אירוע חריף שפגע בתפקודו וביכולתו לשרת את עצמו, במטרה להחזירו לתפקוד מרבי בסביבתו הטבעית.
אל המחלקה מגיעים מטופלים לאחר: אירוע מוחי, שברי צוואר ירך ושברי אגן, החלפת מפרק הירך או הברך ומטופלים עם ירידה תפקודית לאחר אשפוז ממושך או ניתוחים.
המטופלים מתקבלים מכל מחלקות המרכז הרפואי, מבתי חולים אחרים ומהקהיל",,,,4.5,#DIV/0!,#N/A,0,0,2,0,0,"16,954.00","19,965.92","3,011.92",2,2,100.00%,0,0.00%,35.32%,4.1,,65.59%,0,3,0,1,0,1,1,0 - 1,
,מ''ר קטן,מרכז רפואי ברוך פדה פוריה,רפואת ילדים,,https://www.poria.org.il/?CategoryID=2081&ArticleID=8,ד׳׳ר,סעיד אבוזייד,SAboZaid@poria.health.gov.il,,,,,,,"מחלקת הילדים מספקת שירותים רפואיים לילדי האזור ומתאפיינת במתן טיפול מקצועי, מיטבי עם דגש על היחס האישי.
במחלקה ניתנים שירותים ופתרונות רפואיים אופטימאליים למגוון רחב של בעיות ומחלות הדורשות ייעוץ בדיקה או אשפוז.

בין השירותים אותם מספק המערך לרפואת ילדים, בנוסף למחלקת האשפוז :
רפואה דחופה, טיפול נמרץ ילדים, נפרולוגיה ילדים, גסטרו ילדים, הפרעות אכילה, ראות ילדים, קרדיולוגיה ילדים, כירורגיה ילדים, נוירולוגיה ילדים, יעוץ במחלות זיהומיות ייעוץ מחלות מטבוליות ומחלות ראומטיות , אינדוקרינית ילדים וסכרת.
יתר על כן נותנת המחלקה שירותים נלווים משלימים לילדים בטיפול בפה ולסת, אף אוזן גרון, עיניים ואורטופדיה ומקיימת שיתוף פעכולה הדוק עם מחלקות ומרפאות נוספות במרכז הרפואי בהתאם למצבו הרפואי ולצורכו של המטופל.",,,,4.5,58,16,1,5,9,13,1,"16,954.00","19,965.92","3,011.92",32,14,43.75%,18,56.25%,84.92%,4.6,,88.27%,1,4,3,5,1,5,7,2 - 5,
,מ''ר קטן,מרכז רפואי ברוך פדה פוריה,הרדמה,,https://www.poria.org.il/?CategoryID=2081&ArticleID=7,ד׳׳ר,מרואן ארמלי,,,גב׳,מזכירת המחלקה, רנא סלמאן,RSalman@tzmc.gov.il,,"מחלקת הרדמה אחראית על מתן שירותי הרדמה, הרגעה (סדציה עמוקה) ואלחוש. בנוסף, אחראית המחלקה על המרפאה הטרום ניתוחית, אשר תפקידה להעריך ולהכין חולים בדרגת סיכון מוגברת לניתוחים מתוכננים.

המחלקה אמונה על טיפול בחולים לפני, במהלך, ואחרי ניתוח או פעולות מלוות בכאב וכן על לימוד והדרכת רופאים מתמחים על פי תוכנית התמחות מובנית.

מחלקת הרדמה מטפלת במנותחים מהתחומים הבאים: כירורגיה כללית, אורטופדיה (לרבות ניתוחי גב), אף-אוזן-גרון, עיניים, פה ולסת, דיאליזה, קרדיולוגיה (לרבות צינתורים, קוצבים/ דפיברילטורים, יחידת טיפול נמרץ לב), חדרי לידה, נשים, הפריה חוץ גופית, אורולוגיה, כלי דם במידה מסויימת, רפואה דחופה, הדמיה.

המחלקה מוכרת ע""י המועצה המדעית להתמחות רופאים במקצוע ההרדמה.

בבית החולים קיימות 9 עמדות הרדמה:
4 מתוכן בחדרי הניתוח המרכזיים
2 עמדות במחלקת בפה ולסת
2 עמדות בחדר לידה ובמחלקת נשים
עמדת הרדמה נוספת ב-CT",,,,5,78,11,1,4,6,1,0,"16,954.00","19,965.92","3,011.92",25,5,21.74%,18,78.26%,52.75%,4.5,,61.25%,3,2,4,3,2,1,3,2 - 3,
,מ''ר קטן,מרכז רפואי ברוך פדה פוריה,רפואה דחופה,,https://www.poria.org.il/?CategoryID=2081&ArticleID=16,,,,,גב׳,מזכירת המחלקה,ורד גפן-זמיר,vzamir@poria.health.gov.il,,"יעודה של המחלקה לרפואה דחופה (מלר""ד) הוא קליטת מטופלים עם בעיה רפואית דחופה 24 שעות ביממה 7 ימים בשבוע תוך מתן שירותים של טיפולים מציליי חיים, הערכה, אבחון וטיפול ראשוני.

המלר""ד בפוריה עומד במקום ראשון ארצי לשנים 2017-2018 במודל תמרוץ מלר""ד של משרד הבריאות

המלר""ד מטפל בכ-70,000 פניות בשנה. הפניות מתפרסות על מגוון רב של תחומים: פנימית, קרדיולוגיה, כירורגיה, ילדים ואורטופדיה.",,,,4.5,68,13,1,2,0,2,0,"16,954.00","19,965.92","3,011.92",7,4,57.14%,3,42.86%,66.27%,4.5,,75.55%,3,1,2,0,1,1,2,1 - 2,
,מ''ר קטן,מרכז רפואי ברוך פדה פוריה,קרדיולוגיה,,https://www.poria.org.il/?CategoryID=2081&ArticleID=15,פרופ׳,עידו בירתי,edo.birati@biu.ac.il,,,,,,,"מערך הלב וכלי הדם (המערך הקרדיווסקולרי) במרכז הרפואי ע""ש ברוך פדה, פוריה הינו מהמערכים הקרדיווסקולרים המובילים במדינה ובעל מוניטין בינלאומי מבחינה קלינית ומחקרית. המערך כולל את המחלקה הקרדיולוגית, היחידה לטיפול נמרץ לב, מכון הצנתורים, היחידה לקיצוב ואלקטרופיזיולוגיה, יחידת אקו ודימות לא פולשנית, שירות אי-ספיקת לב, היחידה לשיקום הלב, יחידת כירורגית לב, יחידת כירורגית חזה ויחידת כירורגית כלי דם. בנוסף, יחידת המחקר עורכת מחקרים קליניים בתחום הרפואה הקרדיווסקולרית. מטרת המערך הקרדיווסקולרי לאפשר לתושבי הצפון רפואה ברמה גבוהה ושווה לכל נפש בהתאם לסטנדרטים בינלאומיים מחמירים.
המערך מתמחה בטיפול בקשת מחלות הלב וכלי הדם, הן במצבים חריפים ומסכני חיים והן במצבים כרוניים, ומורכב מרופאים בכירים מהמובילים בתחומם.",,,,6.5,84,44,2,3,1,0,0,"16,954.00","19,965.92","3,011.92",3,1,33.33%,2,66.67%,#DIV/0!,4.5,,#DIV/0!,1,0,0,1,3,0,1,0 - 1,
,מ''ר קטן,מרכז רפואי ברוך פדה פוריה,מחלות עיניים,,https://www.poria.org.il/?CategoryID=2081&ArticleID=83,ד׳׳ר,חנין ג'באלי-חביב,hjabaly@gmail.com,,,,,,,"מחלקת העיניים במרכז הרפואי ע""ש ברוך פדה-פוריה, מספקת שירותי רפואת עיניים בסטנדרטים גבוהים ע""י רופאים אשר עברו הכשרה במקומות הכי מובילים בעולם, לצד צוות הרופאים עובדים טכנאים ואחיות עם הכשרה ייחודית לעיניים.",,,,5,63,14,0,2,3,2,1,"16,954.00","19,965.92","3,011.92",8,2,25.00%,6,75.00%,76.38%,4.5,,71.61%,0,0,4,3,1,0,2,0 - 3,
,מ''ר קטן,מרכז רפואי ברוך פדה פוריה,פנימית,בית חולים- מחלקה א,https://www.poria.org.il/?CategoryID=2081&ArticleID=13,ד׳׳ר, זאהר חורי,Zaherkh@gmail.com,,,,,,,"מחלקה פנימית א' מורכבת מ 16 רופאים ועוד עשרות אנשי צוות סיעודי, כוח עזר וצוות פארה רפואי.

המחלקה מורכבת מרופאים בכירים בעלי תתי התמחויות בתחומים שונים ברפואה פנימית, מטפלת בחולים מורכבים, מונשמים, ומטפלת בהתלקחויות קשות והמורכבות של מחלות כרוניות. בנוסף לבירורים רפואיים מתקדמים בחולים הנדרשים לכך.

מנהל המחלקה והרופאים הבכירים שמים דגש מיוחד על הוראת המתמחים, הסטאזרים והסטודנים לרפואה, מחלקה אקדמית לימודית, דיונים אקדמים מתבצעים על בסיס יומיומי, תוך דגש רב על איכות הרפואה והשירות שנותנים למטופל ולמשפחתו.",,,,4,67,9,8,10,12,6,1,"16,954.00","19,965.92","3,011.92",38,15,39.47%,23,60.53%,53.19%,4.9,,74.85%,3,4,6,4,9,5,6,4 - 6,
,מ''ר קטן,מרכז רפואי ברוך פדה פוריה,פנימית,בית חולים-מחלקה ב,,ד׳׳ר,אייל פוקס,efuchs@tzmc.gov.il,,,,,,,"במחלקה פנימית ב' מטופלים חולים המופנים אליה מהמחלקה לרפואה דחופה (חדר מיון) של בית החולים, ממרפאות שונות של ביה""ח, ומחלקות אחרות, ומקצתם מתקבלים באופן אלקטיבי ממרפאות הקהילה, לצורך טיפול רפואי דחוף ולצרכי בירור אשפוזי.",,,,4,67,9,8,10,12,6,1,"16,954.00","19,965.92","3,011.92",38,15,39.47%,23,60.53%,53.19%,4.9,,74.85%,3,4,6,4,9,5,6,4 - 6,
,מ''ר קטן,מרכז רפואי ברוך פדה פוריה,רדיולוגיה (דימות),,,,,,,,,,,,,,,,5,64,7,0,5,3,3,1,"16,954.00","19,965.92","3,011.92",11,4,36.36%,7,63.64%,78.40%,4.7,,73.50%,1,2,3,0,1,1,3,1 - 3,
,מ''ר קטן,מרכז רפואי ברוך פדה פוריה,אף אוזן גרון,,https://www.poria.org.il/?CategoryID=2082&ArticleID=1,ד׳׳ר,אחמד ספדי,a_safadi@hotmail.com,,,,,,,"אנו מטפלים במחלות כירורגיות ובמחלות שאינן כירורגיות מהן סובלים חולים בכל גיל. אנו עובדים בשיתוף פעולה יחידות שונות בבית החולים כמו גם עם הרופאים בקהילה.
ביחידה רופאים מומחים, המרכזים תחומים שונים של רפואת אאג וניתוחי ראש צוואר:
מרפאה לבעיות וניתוחי אזניים
מרפאת ראש צוואר העוסקת גם באבחנה ע״י ניקור מחט תחת אולטרסאונד לאבחון מחלות בלוטת תריס, בלוטת רוק וגושים צואריים.
מרפאת אף וסינוסים
מרפאה כללית העוסקת גם באאג ילדים , מיתרי קול.",,,,6,81,16,0,1,1,5,3,"16,954.00","19,965.92","3,011.92",11,4,36.36%,7,63.64%,80.08%,4.8,,76.61%,1,2,1,3,0,2,2,1 - 2,
,מ''ר קטן,מרכז רפואי ברוך פדה פוריה,נוירולוגיה,,,,,,,,,,,,,,,,5,#DIV/0!,5,2,3,1,2,0,"16,954.00","19,965.92","3,011.92",7,2,28.57%,5,71.43%,66.47%,4.6,,78.95%,0,0,0,1,4,1,1,0 - 1,
,מ''ר קטן,מרכז רפואי ברוך פדה פוריה,כירורגיה אורולוגית,,https://www.poria.org.il/?CategoryID=2082&ArticleID=2,ד׳׳ר,קונסטנטינובסקי אלכס,,,,,,,,"יחידת אורולוגיה במרכז הרפואי צפון (פוריה), מהווה כיום מוקד מצויינות וכתובת להפניות חולים מכל חלקי הארץ. היחידה עוסקת בכל תחומי האורולוגיה הכללית וכן באנדו אורולוגיה, אורו-אונקולוגית, ניתוחים לפרוסקופים מתקדמים, ניתוחים לתיקון אי-שליטת שתן בנשים וניתוחי ערמונית לסוגיהם בגברים. ביחידה משתמשים במכשור המודרני ביותר המוכר בתחום. ",,,,6,#DIV/0!,18,0,0,2,0,0,"16,954.00","19,965.92","3,011.92",2,1,50.00%,1,50.00%,67.19%,5,,74.33%,0,0,0,0,0,1,1,0 - 1,
,מ''ר קטן,מרכז רפואי ברוך פדה פוריה,כירורגיה של בית החזה,,https://www.poria.org.il/?CategoryID=2081&ArticleID=85,פרופ׳,ארז קכל,erez.kachel@biu.ac.il,,,,,,,"המערך הקרדיו-וסקולארי במרכז הרפואי פדה-פוריה כולל 23 מיטות אשפוז ו 9 מיטות טיפול נמרץ לב, שני חדרי צנתור וחדר לצנתורים דחופים, עמוסים בפעילות של כ - 1300 צנתורים בשנה. יש ברשותנו מכשירי אקו חדשים כולל תלת מימד ו-ICE. את המערך מנהל פרופ' עידו בירתי והוא מאויש במנהלי יחידות/שירות של צנתורים, אקו, אלקטרופזיולוגיה, וקרדיולוגיה וצוות סיעודי וטכני ברמה גבוהה.
עד שנת 2015, בכל רחבי הגליל, רמת הגולן ועמק הירדן, לא הייתה קיימת מחלקה לניתוחי לב וחזה. המשמעות המעשית של חסר זה הייתה שחולים שנזקקו לניתוחי מעקפים, ניתוחי מסתמים, ניתוחי אבי עורקים ועוד, נאלצו להגיע למרכזים רפואיים בחיפה או בתל- אביב.",,,,6,#DIV/0!,31,0,1,0,0,1,"16,954.00","19,965.92","3,011.92",2,1,50.00%,1,50.00%,91.89%,4.5,,84.88%,0,0,0,0,0,1,0,0 - 0,
,מ''ר קטן,מרכז רפואי בני ציון,רפואה דחופה,,https://www.gov.il/he//departments/Units/emergency_medicine,ד׳׳ר,מירב סלוטקי,,,,,,,,"מלר""ד מטפלים מדי יום, בכ- 160 פונים מהעיר חיפה רבתי והפריפריה לפי דחיפות וחומרת מצבם. 

הצוות הרפואי במחלקה לרפואה דחופה מורכב מרופאים מומחים ומתמחים ברפואה דחופה לצידם של רופאים מדיסיפלינות שונות כגון: רפואה פנימית, כירורגיה ואורתופדיה. כמו כן, רופאי המחלקה נהנים מזמינות גבוהה של רופאים יועצים מנוסים בתחומים השונים כגון - אאג, נוירולוגיה, ריאומטולוגיה, כירורגיה פלסטית, כירורגית כלי דם, פה ולסת.

לרשות המחלקה עומדים שירותים רפואיים חשובים, בין היתר - מעבדה דחופה, מחלקת הדמייה מתקדמת המספקת שירות כולל צילומי רנטגן, בדיקות US , בדיקות CT , מיפוי גרעיני ועוד כל זאת במשך 24 שעות ביממה.
הצוות מתורגל במתן טיפול במקרים של אירועים רבי נפגעים מכל הסוגים וכן, במתן סיוע רפואי בשעת חירום ומלחמה.",,,,4.5,#DIV/0!,12,0,1,1,1,0,"16,954.00","19,965.92","3,011.92",1,0,0.00%,1,100.00%,66.27%,4.5,,75.55%,0,0,2,0,0,0,1,0 - 1,
,מ''ר קטן,מרכז רפואי בני ציון,רפואת ילדים,,https://www.gov.il/he//departments/Units/kids_department,פרופ׳,יעקב גניזי,,,,,,,,"מחלקת הילדים בבית החולים בני ציון היא מחלקת אשפוז ילדים שמתאפיינת במתן טיפול מקצועי, מיטבי עם יחס אישי. המחלקה נותנת שירותים רפואיים לילדי אזור חיפה רבתי. המחלקה משרתת אזור המאוכלס בעיקר על ידי משפחות צעירות ומרובות ילדים. חטיבת הילדים כוללת מחלקת פגים וילודים, מחלקה לכירורגית ילדים, ומכון להתפתחות הילד.
מחלקת הילדים בבית חולים בני ציון כוללת 12 רופאי ילדים בכירים (בעלי הכשרה בתחומים מיוחדים לילדים), 16 רופאים מתמחים, 30 אחיות, תזונאית ילדים, מורה ועובדת סוציאלית.",,,,4.5,60,4,8,9,8,1,0,"16,954.00","19,965.92","3,011.92",22,17,77.27%,5,22.73%,84.92%,4.6,,88.27%,3,5,5,1,3,6,4,3 - 5,
,מ''ר קטן,מרכז רפואי בני ציון,נוירולוגיה,,https://www.gov.il/he//departments/Units/department_of_neurology,ד׳׳ר,מיה גרטי - אופיר,anna.ru@b-zion.org.il,,,,,,,"המחלקה הנוירולוגית עוסקת באבחון ובטיפול במחלות הנוירולוגיות השונות.
במחלקה הנוירולוגית ישנו צוות של רופאים מומחים עם תת התמחויות בתחומי הנוירולוגיה השונים וצוות של מתמחים.

המטופלים במחלקה נבדקים יומיום ע""י מומחה ומתמחה ובהתאם לממצאי הבדיקה מתוכנן המשך הבירור באשפוז ע""י בדיקות מעבדה, הדמיה ועוד.

האשפוז במחלקה הוא על רקע פניה למיון עקב תלונות נוירולוגיות או אשפוז אלקטיבי בהמלצת נוירולוג/ רופא משפחה מקופ""ח תוך תיאום עם הצוות.

המחלקה משתתפת במחקרים הכוללים מחקרים בינלאומיים בהם עושים שימוש בתרופות ובטיפולים חדשים המיועדים לטיפול במחלות נוירולוגיות.",,,,5,#DIV/0!,11,1,1,3,2,0,"16,954.00","19,965.92","3,011.92",9,5,55.56%,4,44.44%,66.47%,4.6,,78.95%,1,1,2,1,3,0,1,1 - 2,
,מ''ר קטן,מרכז רפואי בני ציון,יילוד וגינקולוגיה,,https://www.gov.il/he//departments/Units/womens_department,ד׳׳ר,שלומי שגיא,,,,,,,,"המחלקה מטפלת במגוון התופעות והבעיות היכולות להופיע במהלך חיי הנשים הקשורות בהריון (לרוב הריונות צעירים בשליש הראשון והשני) ואינם קשורות בהריון כגון: זיהומים באברי האגן, בעיות הקשורות בדמם שאינו סדיר, תלונות של כאבי בטן ואגן, ממאירויות, הריונות חוץ רחמיים ובעיות הקשורות בהיחלשות רצפת האגן אי נקיטת שתן ועוד.
במחלקה פועל צוות הכולל רופאים מומחים צוות סיעודי, עובדת סוציאלית, תזונאית ועוד, כל אלו פועלים כאיש אחד על מנת לספק את השירות המיטבי עבורך.",,,,6,72,3,7,12,2,0,0,"16,954.00","19,965.92","3,011.92",25,19,76.00%,6,24.00%,74.40%,4.7,,82.48%,3,2,5,3,0,7,4,3 - 5,
,מ''ר קטן,מרכז רפואי בני ציון,רפואה פיזיקלית ושיקום,,https://www.gov.il/he//departments/Units/rehabilitation_department,ד׳׳ר,בוריס צ'לביאן,,,,,,,,"מחלקת השיקום במרכז הרפואי בני ציון, היחידה באיזור חיפה והצפון, עוסקת בשיקום אורתופדי ונוירולוגי לאוכלוסייה צעירה.
השיקום הינו ענף רפואי שמטרתו להכשיר מחדש את האדם הנכה לרמה יכולת תפקודית מריבית, להחזירו לביתו, לקהילתו ולזרם החיים הכללי.
כל זאת, בעזרת מערך משולב ומתואם של אמצעים רפואיים, חברתיים, חינוכיים ומקצועיים.
מתקבלים במחלקה מטופלים צעירים ומבוגרים שתפקודם ירוד עקב מחלה, תאונה או אירוע רפואי אחר והינם בעלי פוטנציאל שיקומי.",,,,4,62,11,1,1,1,1,0,"16,954.00","19,965.92","3,011.92",9,2,22.22%,7,77.78%,43.49%,4.6,,44.61%,1,2,3,1,1,0,0,1 - 2,
,מ''ר קטן,מרכז רפואי בני ציון,הרדמה,,https://www.gov.il/he//departments/Units/department_of_anesthesia,פרופ׳,מוסטפא סמרי,,,,,,,,"מחלקת הרדמה מבצעת יותר מעשרת אלפים הרדמות שונות וטיפולים נוספים בשנה. בבית החולים ישנן כעשר עמדות הרדמה בחדרי ניתוח ובאתרים אחרים במרכז הרפואי בני ציון. מחלקת ההרדמה לוקחת חלק פעיל בטיפול בחולה בתקופה הסב-ניתוחית.
המחלקה משתתפת באופן פעיל בהוראת סטודנטים מהפקולטה לרפואה בטכניון, הדרכת והכשרת רופאים ורענון צוות בית החולים. עריכת סדנאות בנתיב אויר, בסדציות כמו כן הדרכת פרמדיקים ממד""א וחובשים מהצבא.",,,,5,80,9,2,5,8,1,0,"16,954.00","19,965.92","3,011.92",35,9,26.47%,25,73.53%,52.75%,4.5,,61.25%,2,1,8,2,2,2,2,2 - 2,
,מ''ר קטן,מרכז רפואי בני ציון,כירורגיה כללית,,https://www.gov.il/he//departments/Units/department_of_surgery,ד׳׳ר,גדעון סרוקה,dalit.toren@b-zion.org.il,,,,,,,"במחלקה לכירורגיה כללית רופאים מומחים המבצעים בשנה מעל ל- 2000 ניתוחים. לצוות המנתחים ניסיון רב בניתוחי מעי גס ודק, קיבה, כבד, דרכי מרה, לבלב, ניתוחי שד, ניתוחים אנדוקריניים, ניתוחי הרזיה, וניתוחים לתיקון בקעים בדופן הבטן.
צוות המנתחים משתתף פעיל בכנסים ארציים ובינלאומיים, מוכר ומעודכן בתחומו.
צוות המנתחים עובד באווירה של מחקר קבוע על מנת ללמוד מהניסיון הניתוחי הרב שנצבר ולשפר את דרכי הטיפול.
הניתוחים מתבצעים בחדרי ניתוח המצוידים באמצעים החדישים והעדכניים ביותר.",,,,6,89,6,3,3,1,1,0,"16,954.00","19,965.92","3,011.92",19,5,27.78%,13,72.22%,84.75%,5,,68.56%,3,2,2,2,1,1,4,2 - 3,
,מ''ר קטן,מרכז רפואי בני ציון,קרדיולוגיה,,https://www.gov.il/he//departments/Units/bz_cardiology,ד׳׳ר,"
דוברצקי מרי עידית",merav.benaharon@b-zion.org.il,,,,,,,"המחלקה מסונפת לבית הספר לרפואה של הטכניון.
במחלקה מתנהלת פעילות אקדמאית ענפה, סטודנטים לרפואה מהשנים 4,5,6 עוברים במחלקה השתלמויות בלימודי קרדיולוגיה. בשנת 2018 זכתה המחלקה בפרס יוקרתי של מחקר פורץ דרך בקרדילוגיה בנושא אוטמים חריפים בשריר הלב בחולי סוכרת ודרך הטיפול המיטבית בהם.
רופאי המחלקה מפרסמים בשנים האחרונות עשרות מאמרים בעיתונות המקצועית תחומי אי ספיקת הלב, קרדיולוגיה פולשנית צנתורים , אלקטרופיסיולוגיה , אקו לב ושיקום לב.
אחת לחצי שנה מתקיים כנס לעדכונים בקרדיולוגיה בחיפה - יו""ר הכנס ד""ר דוברצקי מרי עידית מנהלת המערך הקרדיולוגי ומשתתפים בה מרצים מכל הארץ בתחומים שונים בקרדיולוגיה ועדכונים לרופאים בקהילה .
רופאי המחלקה לוקחים חלק כמרצים בפורומים לאומיים בינלאומיים בנושאים קרדיולוגים שונים.",,,,6.5,49,6,1,0,0,1,0,"16,954.00","19,965.92","3,011.92",3,1,33.33%,2,66.67%,#DIV/0!,4.5,,#DIV/0!,1,1,0,0,0,0,2,0 - 1,
,מ''ר קטן,מרכז רפואי בני ציון,מחלות עיניים,,https://www.gov.il/he//departments/Units/eyes,פרופ׳,ניצה גולדנברג-כהן,Prof.ngc@gmail.com,,,,,,,"מחלקת העיניים בבית החולים מעניקה טיפול רפואי מתקדם במגוון רחב של תחומים, תוך שילוב בין שירותי מרפאות חוץ, אשפוז וחדרי ניתוח. צוות המחלקה כולל רופאים בכירים שהתמחו בתחומים מגוונים כגון אוקולופלסטיקה, קרנית, קטרקט, גלאוקומה, רשתית, ארובת העין, פזילות והפרעות נוירואופתלמולוגיות. המחלקה מטפלת בחולים לפני ואחרי ניתוחים, כולל מקרים דחופים כמו חבלות עיניים, דלקות וזיהומים, ומבצעת כ-1,000 ניתוחים בשנה. בנוסף, ניתנים טיפולי לייזר, בדיקות הדמיה מתקדמות וטיפולים אמבולטוריים. רופא תורן זמין 24/7 בתמיכת רופא בכיר כונן.

המחלקה מסונפת לבית הספר לרפואה של הטכניון, ומשמשת כמרכז אקדמי להוראת סטודנטים ולהכשרת מתמחים מהארץ ומחו""ל. חזון המחלקה הוא להעניק שירות רפואי איכותי, מקצועי ומתקדם לכלל תושבי חיפה והצפון, תוך שילוב מצוינות קלינית, מדעית וטכנולוגית. המחלקה שואפת להוות מוקד מוביל ברפואת עיניים בישראל, המשלב טיפול אישי עם חדשנות רפואית ואקדמית.",,,,5,68,2,3,0,2,0,1,"16,954.00","19,965.92","3,011.92",14,3,21.43%,11,78.57%,76.38%,4.5,,71.61%,0,1,4,1,2,1,3,1 - 3,
,מ''ר קטן,מרכז רפואי בני ציון,אורתופדיה,,https://www.gov.il/he//departments/Units/department_of_orthopedics,ד׳׳ר,אורן בן לולו,debby.miler@b-zion.org.il,,,,,,,"המחלקה האורתופדית, בניהולו של ד''ר אורן בן לולו,  מהווה נדבך מרכזי וחשוב בעשייה הרפואית של בית החולים ומחוז חיפה והצפון. רופאי המחלקה מנתחים ומטפלים במגוון רב של בעיות אורתופדיות– ניתוחי טראומה מורכבים של הגפיים והאגן, החלפות מפרקים מתקדמות וחדשניות, ניתוחי כף יד ומיקרוכירורגיה, ניתוחי עמוד-שדרה כולל פגיעות נוירולוגיות , בעיות של הקרסול וכפות הרגליים, פציעות ספורט של הברך הירך והכתף וכן טיפול במגוון רחב של בעיות אורתופדיות של ילדים. 
המחלקה בשיתוף פעולה מלא ורציף עם המכון לפיזיותרפיה והמכון לריפוי בעיסוק והמכון האינדקרונילוגי להתאמת טיפולים באוסטאופורוזיס. ",,,,6,78,9,3,3,3,1,1,"16,954.00","19,965.92","3,011.92",15,2,14.29%,12,85.71%,70.66%,5.2,,69.70%,3,2,1,2,3,2,2,2 - 3,
,מ''ר קטן,מרכז רפואי בני ציון,כירורגית כלי דם,,,,,,,,,,,,,,,,6,#DIV/0!,20,1,1,0,0,0,"16,954.00","19,965.92","3,011.92",2,1,50.00%,1,50.00%,73.91%,4.5,,67.30%,0,0,1,0,0,1,1,0 - 1,
,מ''ר קטן,מרכז רפואי בני ציון,אף אוזן גרון,,https://www.gov.il/he//departments/Units/unitb-ney-zion,ד׳׳ר,"
ריאד חניפס",Sofia.michaeli@b-zion.org.il,,,,,,,"מחלקת א.א.ג במרכז הרפואי בני-ציון, מטפלת במגוון רחב של מחלות אף אוזן וגרון, מחלות א.א.ג בילדים, כירורגית ראש וצוואר, רינולוגיה, לרינגולוגיה, ניתוחי אזנים מורכבים והשתלה שבלולית.
המחלקה נחשבת כאחת מהמובילות בארץ בתחום ניתוחי אזניים, שיקום שמיעה והשתלה שבלולית מזה למעלה מ20 שנים ונותנת מענה ברפואת א.א.ג לצפון הארץ (מקרית שמונה ועד חדרה).
פעילות המחלקה מורכבת ממחלקת אישפוז, מכון להערכה ושיקום שמיעה, חדר ניתוח, מרפאות, מתן יעוץ למחלקות האישפוז במרכז הרפואי וחדר מיון הפעיל 24/7.",,,,6,79,5,1,0,3,2,0,"16,954.00","19,965.92","3,011.92",7,1,14.29%,6,85.71%,80.08%,4.8,,76.61%,3,1,0,2,0,2,1,1 - 2,
,מ''ר קטן,מרכז רפואי בני ציון,פנימית,א,https://www.gov.il/he//departments/Units/pnimit_a,ד׳׳ר,ניזאר אליאס,,,גב׳,מזכירת המחלקה,פרח אבו,perah.abu@b-zion.org.il,,"חזון המחלקה
מתן טיפול רפואי וסיעודי מיטבי תוך שמירה על רמה מקצועית גבוהה, אנושיות, וראית החולה במרכז העשייה.
טיפוח ההון האנושי וקידום רווחתם הרגשית והגופנית של צוות המחלקה לצד קידומם המקצועי תוך מתן אפשרות ללמוד, ללמד, ולהתמקצע.
מצוינות במישור הקליני והסעודי, בהוראה, ובמחקר.",,,,4,57,3,20,14,6,5,1,"16,954.00","19,965.92","3,011.92",53,27,52.94%,24,47.06%,53.19%,4.9,,74.85%,6,6,7,13,6,11,9,6 - 10,
,מ''ר קטן,מרכז רפואי בני ציון,פנימית,ב,https://www.gov.il/he//departments/Units/internal_b,פרופ׳,אלעד שיף,elad.schiff@b-zion.org.il,,,,,Ilanit.Hazut@b-zion.org.il,,"מחלקת אשפוז שמתאפיינת במתן טיפול מקצועי ויחס אישי למטופלים. צוות המחלקה כולל רופאים בכירים ומתמחים, צוות אֲחָיוּת, פרא-רפואי, רפואה משלימה, עובדת סוציאלית, אדמיניסטרציה ומחקר. יועצים בתחומים שונים מוזמנים לפי הצורך כדי לאפשר טיפול מיטבי הנמשך גם לאחר האשפוז. המחלקה מוכרת להתמחות מלאה ברפואה פנימית לפי המועצה המדעית, והיא מסונפת לבית הספר לרפואה של הטכניון בחיפה. כ""כ, במחלקה מוכשרים סטודנטים לאֲחָיוּת ברפואה פנימית.",,,,4,57,3,20,14,6,5,1,"16,954.00","19,965.92","3,011.92",53,27,52.94%,24,47.06%,53.19%,4.9,,74.85%,6,6,7,13,6,11,9,6 - 10,
,מ''ר קטן,מרכז רפואי בני ציון,כירורגיה פלסטית ואסתטית,,https://www.gov.il/he/departments/units/plastic_surgery,ד׳׳ר,ראניה אל ח'טיב,Plasticsur@b-zion.org.il,,,,,,,"המחלקה לכירורגיה פלסטית של המרכז הרפואי בני ציון משתייכת לאגף הכירורגי ומסונפת לפקולטה לרפואה של הטכניון.

המחלקה מציעה מגוון רחב של שירותים רפואיים מתקדמים בתחומי הכירורגיה הפלסטית, תוך הקפדה על סטנדרטים מקצועיים גבוהים, עבודה רב-תחומית ושיתוף פעולה הדוק עם מחלקות רבות בבית החולים.

תחומי הפעילות המרכזיים של המחלקה כוללים: טיפול בכוויות, אבחון ובדיקת נגעים עוריים, הסרת נגעים שפירים וממאירים, ביצוע ביופסיות עוריות, טיפול בפצעים אקוטיים ובפצעים קשיי ריפוי, וכן טיפול בצלקות היפרטרופיות וקילואידיות ובביצוע רוויזיה של צלקות. חולי מלנומה מלווים במסגרת פורום מולטידיסציפלינרי הכולל אונקולוגים, רופאי אף-אוזן-גרון וכירורגים.",,,,6,72,6,0,0,3,0,0,"16,954.00","19,965.92","3,011.92",5,0,0.00%,5,100.00%,74.65%,4.5,,66.60%,0,2,0,0,1,2,0,0 - 2,
,מ''ר קטן,מרכז רפואי בני ציון,כירורגית ילדים,,https://www.gov.il/he//departments/Units/pediatric-surgery,ד׳׳ר,לילי היערי,merav.arazi@b-zion.org.il,,,,,,,"המחלקה לכירורגית ילדים ונוער במרכז הרפואי בני ציון מטפלת בתינוקות, ילדים ונוער הנזקקים לטיפול ניתוחי או להשגחה ומעקב ע""י צוות המחלקה.
המחלקה פעילה בכל תחומי כירורגית הילדים ומהווה מחלקה להוראה פעילה במסגרת בית הספר לרפואה של הטכניון.
בנוסף לכך מעניקה המחלקה שירותי כירורגית ילדים מלאים לבית חולים השכן, ומשמשת כמחלקה מייעצת של מקרים מורכבים המופנים אלינו מבתי חולים אחרים באזור הצפון.",,,,6,#DIV/0!,5,0,1,1,0,0,"16,954.00","19,965.92","3,011.92",2,1,50.00%,1,50.00%,84.85%,4.5,,66.67%,0,3,0,0,0,0,0,0 - 0,
,מ''ר קטן,מרכז רפואי בני ציון,כירורגיה אורולוגית,,https://www.gov.il/he//departments/Units/department_of_urology,פרופ׳,שראל הלחמי,sarel.halachmi@b-zion.org.il,,,,,anat.shemila@b-zion.org.il,,"מתן טיפול אורולוגי באשפוז למטופלים אמבולטוריים ולמטופלים מהמחלקה לרפואה דחופה. ביצוע מגוון הפעולות המקובלות בתחום האורולוגיה בחדר ניתוח לרבות ניתוחים אונקולוגים מורכבים, ניתוחי אבנים, ניתוחים לפרוסקופיים וניתוחים לטיפול באין אונות ובהפרעות בשליטת השתן. חלק מהפעולות הניתוחיות מתבצע על בסיס אמבולטורי. פעילות אמבולטורית במסגרת המכון האורולוגי המשמש כמרפאה יועצת וכמרפאת מעקב. בנוסף מבוצעות במסגרתו בדיקות שונות (כגון ציסטוסקופיות ובדיקות אורודינמיקה) וכן, טיפולים אונקולוגיים בעיקר לסרטן השלפוחית וסרטן הכליה. פעילות אקדמית ענפה בהוראת סטודנטים ומתמחים, ביצוע מחקרים ופרסום מאמרים.",,,,6,#DIV/0!,4,1,4,0,1,1,"16,954.00","19,965.92","3,011.92",12,5,45.45%,6,54.55%,67.19%,5,,74.33%,1,1,2,1,1,1,1,1 - 1,
,מ''ר קטן,מרכז רפואי בני ציון,רדיולוגיה (דימות),,https://www.gov.il/he/departments/units/medical_imaging,ד׳׳ר,"
תמר גספר",Radiology@b-zion.org.il,,,,,,,"במכון הדימות, שואפים לקיים בית חולים ציבורי המועדף על מטופליו, בזכות טיפול איכותי ומקצועי המשלב יחס אישי ומסור.",,,,5,68,12,6,5,3,2,0,"16,954.00","19,965.92","3,011.92",14,7,50.00%,7,50.00%,78.40%,4.7,,73.50%,2,2,2,1,1,1,3,1 - 2,
,מ''ר קטן,מרכז רפואי בני ציון,רפואה גרעינית,,https://www.gov.il/he/departments/units/isotopes,ד׳׳ר,מיגל גורנברג,NUCLEAR1@B-ZION.ORG.IL,,,,,,,"במכון לרפואה גרעינית משתמשים בכמויות קטנות של חומרים רדיואקטיביים לצורך אבחנה ו/או לטיפול במחלות. החומרים המוזרקים נקלטים ברקמות בגוף ופולטים קרני גמא אשר נקלטות ע""י מצלמה מיוחדת (מצלמת גמא) שהופכת קרניים אלה לתמונת המיפוי. מהמיפוי ניתן להסיק את האנטומיה ואת תפקוד אברי הגוף השונים.
המכון לרפואה גרעינית  מצויד עם מיטב המצלמות מהחדשות בארץ -  רק לאחרונה נרכשה מצלמה מתקדמת מיוחדת  PET CT, שבה ניתן לבצע בדיקות משולבות אנטומית ופיסיולוגית.",,,,4.5,#DIV/0!,#N/A,0,0,0,0,0,"16,954.00","19,965.92","3,011.92",0,0,#DIV/0!,0,#DIV/0!,58.33%,4.5,,51.83%,0,0,0,0,0,0,0,0 - 0,
,מ''ר קטן,מרכז רפואי בני ציון,אונקולוגיה,,https://www.gov.il/he/departments/units/oncology,ד׳׳ר,עבד אגברייה,,,,,,,,"מחלת הסרטן הינה מחלה קשה ומורכבת הן מבחינה רפואית והן מבחינה חברתית ונפשית. גילוי המחלה אצל בן אדם נחשב כאירוע מרכזי בחייו של החולה ובחיי המשפחה והקרובים שלו. שלב הגילוי והאבחון הוא שלב מרכזי והרבה פעמים מורט עצבים ומלווה בהרבה מתחים נפשיים וחרדות בגלל חוסר הידיעה והאי וודאות שמלווים אותו. ע""כ חשוב לחולה ולמשפחתו לעבור תהליך זה באווירה נעימה ופחות מלחיצה אשר רואה את החולה ומשפחתו במרכז. מחקרים רבים הראו שישנו קשר ישיר בין איזון של לחצים נפשיים להצלחת הטיפולים במחלת הסרטן.",,,,5.5,#DIV/0!,51,0,0,0,0,0,"16,954.00","19,965.92","3,011.92",1,0,0.00%,1,100.00%,77.68%,4.7,,69.12%,0,0,0,1,0,0,0,0 - 0,
,מ''ר קטן,מרכז רפואי בני ציון,פתולוגיה,,https://www.gov.il/he//departments/Units/laboratories_bz,ד׳׳ר,קלרה הניג,clara.henig@b-zion.org.il,,,,,,,"אגף המעבדות במרכז הרפואי בני ציון כולל מגוון מעבדות דיאגנוסטיות מתחומים שונים: ביוכימיה קלינית, המטולוגיה והיחידה לפלוציטומטריה, מיקרוביולוגיה כולל וירולוגיה ,אנדוקרינולוגיה, אימונולוגיה ובנק הדם. בנוסף חוסות תחת האגף, המעבדות של המכונים לפתולוגיה, לגנטיקה ולהפריה חוץ גופית.",,,,5,60,17,0,0,0,3,0,"16,954.00","19,965.92","3,011.92",3,1,33.33%,2,66.67%,56.12%,4.5,,58.07%,1,0,1,0,0,2,0,0 - 1,
,מ''ר קטן,מרכז רפואי הלל יפה,יילוד וגינקולוגיה,,https://hymc.org.il/nashim,פרופ׳,אילן ברוכים,I.bruchim@gmail.com,,,,,,,,,,,6,88,6,8,8,6,4,1,"16,954.00","19,965.92","3,011.92",26,24,92.31%,2,7.69%,74.40%,4.7,,82.48%,5,2,4,5,2,3,2,2 - 5,
,מ''ר קטן,מרכז רפואי הלל יפה,נוירולוגיה,,https://hymc.org.il/?CategoryID=204,ד׳׳ר, ירון ריבר,,,,,,,,"המחלקה לנוירולוגיה מטפלת טיפול דחוף וראשוני בחולים נוירולוגים הפונים לחדר מיון לאבחון, למעקב ולטיפול בחולים לאחר אשפוז. כמו כן המחלקה מטפלת בחולים המופנים על ידי נוירולוגים או על ידי רופאים מתחומים אחרים לצורך בירור וטיפול.",,,,5,64,13,1,1,5,0,0,"16,954.00","19,965.92","3,011.92",9,5,55.56%,4,44.44%,66.47%,4.6,,78.95%,0,3,2,1,1,0,2,1 - 2,
,מ''ר קטן,מרכז רפואי הלל יפה,רפואה דחופה,,https://hymc.org.il/?CategoryID=223,ד׳׳ר,פבל פסציאנסקי ,,,,,,,,"המלר""ד - מחלקה לרפואה דחופה - עוסק ברפואה דחופה שעיקרה הוא אבחון מיידי וטיפול מהיר יעיל, אינטנסיבי ומיטבי, תוך שמירה על יחס אישי וחם לפונים.
המלר""ד מספק שירותים ברפואה פנימית, בכירורגיה, באורתופדיה, בטראומה, באורולוגיה, בנוירולוגיה, בעיניים, בפסיכיאטריה וליולדות. המלר""ד מספק גם ייעוצים ושירותים ברפואת אף-אוזן-גרון, ברפואת עור, בפלסטיקה, בגסטרואנטרולוגיה, בכירורגיה וסקולרית, בכירורגיית ילדים וכף יד, בטיפול נמרץ לב וכללי, בהמטולוגיה ובאנדוקרינולוגיה.
מבנה המלר""ד חדיש ומרווח, וכולל שני אגפים - אגף פנימי בו 16 מיטות, ואגף כירורגי/טראומה שבו 13 מיטות. כמו כן פועל באגף חדר טראומה המצויד במכשור הדרוש לשתי מיטות עם אפשרות למיטה נוספת, אגף מהלכים הכולל חדר רופא, חדר אחות ופינת המתנה למטופלים, אגף אורתופדי ובו שני חדרי רופא ופינת המתנה למטופלים.",,,,4.5,67,20,2,1,0,1,0,"16,954.00","19,965.92","3,011.92",4,0,0.00%,4,100.00%,66.27%,4.5,,75.55%,1,0,0,1,1,1,0,0 - 1,
,מ''ר קטן,מרכז רפואי הלל יפה,אורתופדיה,,https://hymc.org.il/?CategoryID=205,ד׳׳ר,אייל ברבלק,spinal_surgery@yahoo.com,,,,,,,,,,,6,85,7,4,5,5,3,3,"16,954.00","19,965.92","3,011.92",33,5,16.13%,26,83.87%,70.66%,5.2,,69.70%,3,3,6,4,4,3,5,3 - 5,
,מ''ר קטן,מרכז רפואי הלל יפה,כירורגיה כללית,,https://hymc.org.il/?CategoryID=208,פרופ׳,בוריס קסל,,,,,,,,"רופאי המחלקה השתלמו במרכזים מובילים באירופה ובארה""ב וצברו ניסיון רב במגוון ניתוחים מורכבים בכירורגיה כללית. המחלקה מתמחה בניתוחים אונקולוגיים של חלל הבטן, כגון קיבה, מעי גס, לבלב ואחרים, ואף מוכרת כמרכז לניתוחי לבלב - מחלות שפירות וממאירות. בנוסף מתבצעת במחלקה פעילות מחקרית ענפה המפורסמת בעיתונים רפואיים יוקרתיים ברחבי העולם.",,,,6,89,8,9,1,3,3,0,"16,954.00","19,965.92","3,011.92",22,7,31.82%,15,68.18%,84.75%,5,,68.56%,2,3,2,1,3,1,4,2 - 3,
,מ''ר קטן,מרכז רפואי הלל יפה,רפואת ילדים,,https://hymc.org.il/?CategoryID=614&ArticleID=1507,פרופ׳,עדי קליין קרמר ,ADI@HY.HEALTH.GOV.IL,,,,,,,"אגף הילדים במרכז הרפואי הלל יפה כולל את מחלקת הילדים, המחלקה לרפואה דחופה בילדים, מרפאות ילדים, הפגייה, היחידה להתפתחות הילד ,יחידה לבריאות הנפש ילדים ונוער והיחידה לכירורגיית ילדים.
מחלקת הילדים משרתת את ילדי האזור שבין זיכרון יעקב לנתניה לאורך רצועת החוף, על יישוביו השונים. הרכב האוכלוסייה באזור מגוון ביותר, וכולל אוכלוסייה עירונית לצד אוכלוסייה כפרית ואוכלוסייה מכל הקשת הסוציו-אקונומית.
כיום יש במחלקה תקן לאשפוז 31 ילדים. הצוות הרפואי כולל רופאים בכירים ומתמחים, וכן רופאי משפחה ברוטציה, רופאים בהשתלמות מחו""ל, סטאז'רים וסטודנטים לרפואה. בכל שנה יותר מ-4,000 ילדים מאושפזים במחלקת הילדים ומספר הפניות למיון ילדים ללא טראומה עומד על יותר מ-28,000 פניות בשנה.",,,,4.5,55,3,16,9,3,4,1,"16,954.00","19,965.92","3,011.92",37,20,55.56%,16,44.44%,84.92%,4.6,,88.27%,5,4,5,9,2,11,4,4 - 7,
,מ''ר קטן,מרכז רפואי הלל יפה,קרדיולוגיה,,https://hymc.org.il/?CategoryID=236,פרופ׳,אריאל רוגין,arielr@hymc.gov.il,,,,,,,,,,,6.5,#DIV/0!,1,1,2,0,1,0,"16,954.00","19,965.92","3,011.92",2,1,50.00%,1,50.00%,#DIV/0!,4.5,,#DIV/0!,1,1,2,0,2,0,1,1 - 2,
,מ''ר קטן,מרכז רפואי הלל יפה,פנימית,א,,ד׳׳ר,מרינלה בקרמן ,,,,,,,,,,,,4,58,6,18,14,9,5,3,"16,954.00","19,965.92","3,011.92",74,32,45.07%,39,54.93%,53.19%,4.9,,74.85%,10,7,11,13,7,8,9,8 - 11,
,מ''ר קטן,מרכז רפואי הלל יפה,פנימית,ב,,ד׳׳ר,לימור גולדנברג,limorg@hymc.gov.il,,,,,,,,,,,4,58,6,18,14,9,5,3,"16,954.00","19,965.92","3,011.92",74,32,45.07%,39,54.93%,53.19%,4.9,,74.85%,10,7,11,13,7,8,9,8 - 11,
,מ''ר קטן,מרכז רפואי הלל יפה,פנימית,ג,,ד׳׳ר,סעיד יונס,,,,,,,,,,,,4,58,6,18,14,9,5,3,"16,954.00","19,965.92","3,011.92",74,32,45.07%,39,54.93%,53.19%,4.9,,74.85%,10,7,11,13,7,8,9,8 - 11,
,מ''ר קטן,מרכז רפואי הלל יפה,פנימית,ד,,ד׳׳ר,אבשוביץ נינה,NINAA@HY.HEALTH.GOV.IL,,,,,,,,,,,4,58,6,18,14,9,5,3,"16,954.00","19,965.92","3,011.92",74,32,45.07%,39,54.93%,53.19%,4.9,,74.85%,10,7,11,13,7,8,9,8 - 11,
,מ''ר קטן,מרכז רפואי הלל יפה,מחלות עיניים,,,ד׳׳ר,ביאטריס טיאוסנו,eye@hy.hymc.gov.il,,,,,,,,,,,5,69,4,3,4,3,1,0,"16,954.00","19,965.92","3,011.92",9,6,66.67%,3,33.33%,76.38%,4.5,,71.61%,1,1,2,1,1,2,2,1 - 2,
,מ''ר קטן,מרכז רפואי הלל יפה,הרדמה,,,ד׳׳ר,חכים אבו ראס,,,,,,,,,,,,5,69,6,2,6,2,2,2,"16,954.00","19,965.92","3,011.92",24,8,36.36%,14,63.64%,52.75%,4.5,,61.25%,1,3,5,2,3,1,1,1 - 3,
,מ''ר קטן,מרכז רפואי הלל יפה,רדיולוגיה (דימות),,https://hymc.org.il/?CategoryID=289,ד׳׳ר, רוני שרטר,mri@hymc.gov.il,,,,,,,,,,,5,75,4,0,1,2,0,0,"16,954.00","19,965.92","3,011.92",13,3,23.08%,10,76.92%,78.40%,4.7,,73.50%,3,2,2,0,0,2,3,1 - 3,
,מ''ר קטן,מרכז רפואי הלל יפה,אף אוזן גרון,,https://hymc.org.il/?CategoryID=231,פרופ׳,יצחק ברוורמן,,,,,,,,,,,,6,83,9,0,2,4,2,0,"16,954.00","19,965.92","3,011.92",10,5,50.00%,5,50.00%,80.08%,4.8,,76.61%,2,0,1,1,2,3,2,1 - 2,
,מ''ר קטן,מרכז רפואי הלל יפה,כירורגיה אורולוגית,,,ד׳׳ר,רוב רונן,,,,,,,,,,,,6,86,7,1,0,3,1,0,"16,954.00","19,965.92","3,011.92",14,1,7.14%,13,92.86%,67.19%,5,,74.33%,0,1,0,2,1,0,2,0 - 2,
,מ''ר קטן,מרכז רפואי הלל יפה,פסיכיאטריה,,,ד׳׳ר,עידן אמשלום,psycho@hymc.gov.il,,,,,,,,,,,4.5,#DIV/0!,7,2,0,1,0,0,"16,954.00","19,965.92","3,011.92",4,1,25.00%,3,75.00%,78.17%,4.7,,62.28%,0,0,0,1,0,1,2,0 - 1,
,מ''ר קטן,מרכז רפואי הלל יפה,כירורגית כלי דם,,,ד׳׳ר,עג'אג' מואנס,moanesa@hymc.gov.il,,,,,,,,,,,6,61,2,1,0,1,0,1,"16,954.00","19,965.92","3,011.92",2,0,0.00%,2,100.00%,73.91%,4.5,,67.30%,2,0,0,0,1,0,1,0 - 1,
,מ''ר קטן,מרכז רפואי הלל יפה,גריאטריה,,,,,,,,,,,,,,,,4.5,#DIV/0!,#N/A,0,0,0,0,0,"16,954.00","19,965.92","3,011.92",3,0,0.00%,2,100.00%,35.32%,4.1,,65.59%,0,0,0,0,0,0,0,0 - 0,
,מ''ר קטן,"בי""ח אסותא אשדוד",מחלות עיניים,,,ד׳׳ר,פני שגב,,,,,,,,,,,,5,83,6,1,3,5,3,0,"16,954.00","19,965.92","3,011.92",10,2,20.00%,8,80.00%,76.38%,4.5,,71.61%,3,0,2,0,3,3,0,0 - 3,
,מ''ר קטן,"בי""ח אסותא אשדוד",רדיולוגיה (דימות),,https://www.assutaashdod.co.il/?catid=%7B2DB90760-19F3-4413-BC58-756C41059817%7D,ד׳׳ר,אינסה מינץ ,,,,,,,,,,,,5,65,4,1,6,2,1,1,"16,954.00","19,965.92","3,011.92",10,4,40.00%,6,60.00%,78.40%,4.7,,73.50%,5,2,0,1,2,3,2,2 - 3,
,מ''ר קטן,"בי""ח אסותא אשדוד",קרדיולוגיה,,,פרופ׳,אלי לב,lel@bgu.ac.il,,,,,,,,,,,6.5,66,34,5,2,0,0,0,"16,954.00","19,965.92","3,011.92",1,0,0.00%,1,100.00%,#DIV/0!,4.5,,#DIV/0!,4,3,0,1,4,1,1,1 - 4,
,מ''ר קטן,"בי""ח אסותא אשדוד",פנימית,ב,,ד׳׳ר,יונתן אדל,adely@bgu.ac.il,,,,,,,,,,,4,54,3,25,5,3,4,0,"16,954.00","19,965.92","3,011.92",26,12,46.15%,14,53.85%,53.19%,4.9,,74.85%,5,3,6,3,6,7,8,4 - 7,
,מ''ר קטן,"בי""ח אסותא אשדוד",פנימית,א,,פרופ׳,אלי מגן,,,,,,,,,,,,4,54,3,25,5,3,4,0,"16,954.00","19,965.92","3,011.92",26,12,46.15%,14,53.85%,53.19%,4.9,,74.85%,5,3,6,3,6,7,8,4 - 7,
,מ''ר קטן,"בי""ח אסותא אשדוד",רפואה דחופה,,,ד׳׳ר,דברה ווסט,west@post.bgu.ac.il,,,,,,,,,,,4.5,58,2,20,8,2,0,0,"16,954.00","19,965.92","3,011.92",20,5,25.00%,15,75.00%,66.27%,4.5,,75.55%,8,9,4,0,7,9,4,4 - 9,
,מ''ר קטן,"בי""ח אסותא אשדוד",רפואת ילדים,,,ד׳׳ר,יונתן ישעיהו,yonni@bgu.ac.il,,,,,,,,,,,4.5,59,2,24,11,5,1,0,"16,954.00","19,965.92","3,011.92",34,25,73.53%,9,26.47%,84.92%,4.6,,88.27%,8,10,5,4,8,10,7,6 - 9,
,מ''ר קטן,"בי""ח אסותא אשדוד",הרדמה,,https://www.assutaashdod.co.il/?catid=%7BBBE0857F-8BBB-4E0F-9BDB-48E97C9944C9%7D,פרופ׳,ליאוניד אידלמן,laeidel@yahoo.com,,,,,,,,,,,5,37,4,7,7,3,3,1,"16,954.00","19,965.92","3,011.92",28,7,25.00%,21,75.00%,52.75%,4.5,,61.25%,4,3,2,4,3,6,4,3 - 4,
,מ''ר קטן,"בי""ח אסותא אשדוד",אורתופדיה,,,ד׳׳ר,שי שמש,shemesh.shai@gmail.com,,,,,,,,,,,6,83,3,8,4,1,1,0,"16,954.00","19,965.92","3,011.92",12,1,8.33%,11,91.67%,70.66%,5.2,,69.70%,3,2,2,1,3,1,2,2 - 3,
,מ''ר קטן,"בי""ח אסותא אשדוד",יילוד וגינקולוגיה,,https://www.assutaashdod.co.il/?catid=%7B8EE51910-A8FB-4815-91BF-0987D50FD28A%7D,פרופ׳,מוטי פנסקי,mpansky@gmail.com,,,,,,,,,,,6,77,10,4,9,4,5,0,"16,954.00","19,965.92","3,011.92",27,18,66.67%,9,33.33%,74.40%,4.7,,82.48%,3,2,6,5,5,3,5,3 - 5,
,מ''ר קטן,"בי""ח אסותא אשדוד",נוירולוגיה,,,ד׳׳ר, סאלו חרץ,,,,,,,,,,,,5,#DIV/0!,11,2,2,1,5,0,"16,954.00","19,965.92","3,011.92",9,3,33.33%,6,66.67%,66.47%,4.6,,78.95%,1,3,1,2,1,3,0,1 - 3,
,מ''ר קטן,"בי""ח אסותא אשדוד",כירורגיה כללית,,,פרופ׳,חנוך קשתן,,,,,,,,,,,,6,87,5,3,3,4,1,0,"16,954.00","19,965.92","3,011.92",9,7,77.78%,2,22.22%,84.75%,5,,68.56%,3,1,2,0,1,4,1,1 - 3,
,מ''ר קטן,"בי""ח אסותא אשדוד",אף אוזן גרון,,,פרופ׳,עודד כהן,odedcoh@bgu.ac.il,,,,,,,,,,,6,76,4,3,2,4,1,0,"16,954.00","19,965.92","3,011.92",7,4,57.14%,3,42.86%,80.08%,4.8,,76.61%,0,2,1,0,1,3,2,1 - 2,
,מ''ר קטן,"בי""ח אסותא אשדוד",כירורגיה אורולוגית,,,ד׳׳ר,אורית רז,droritraz@yahoo.com,,,,,,,,,,,6,67,19,0,3,0,2,0,"16,954.00","19,965.92","3,011.92",4,0,0.00%,4,100.00%,67.19%,5,,74.33%,0,2,1,0,0,3,0,0 - 2,
,מ''ר קטן,"בי""ח אסותא אשדוד",פתולוגיה,,https://www.assutaashdod.co.il/?catid=%7B02CF0154-82DF-4A6E-839B-3AC51F780B33%7D,ד׳׳ר,איינו שפרבר,,,,,,,,,,,,5,62,9,1,3,2,2,0,"16,954.00","19,965.92","3,011.92",6,5,83.33%,1,16.67%,56.12%,4.5,,58.07%,2,1,0,3,0,1,2,1 - 2,
,מ''ר קטן,"בי""ח אסותא אשדוד",אונקולוגיה,,,ד׳׳ר,לריסה ריבו,breastcnacer.clinic@gmail.com,,,,,,,,,,,5.5,#DIV/0!,21,0,1,2,1,0,"16,954.00","19,965.92","3,011.92",5,2,40.00%,3,60.00%,77.68%,4.7,,69.12%,0,0,1,1,1,2,0,0 - 1,
,מ''ר קטן,"בי""ח אסותא אשדוד",כירורגית כלי דם,,,,,,,,,,,,,,,,6,#DIV/0!,3,0,1,0,0,0,"16,954.00","19,965.92","3,011.92",1,0,0.00%,1,100.00%,73.91%,4.5,,67.30%,0,0,0,0,0,1,0,0 - 0,
,מ''ר קטן,"בי""ח אסותא אשדוד",כירורגית ילדים,,,,,,,,,,,,,,,,6,69,11,0,0,0,1,0,"16,954.00","19,965.92","3,011.92",1,0,0.00%,1,100.00%,84.85%,4.5,,66.67%,1,0,0,0,0,0,0,0 - 0,
,מ''ר בינוני,מרכז רפואי קפלן,רפואה דחופה,,https://hospitals.clalit.co.il/kaplan/he/med_units/Pages/er-emergencyroom.aspx,ד׳׳ר,ארקדי שקליאר,ArkadySH@clalit.org.il,,,,,,,"מלר""ד קפלן או בשמו המוכר יותר חדר מיון קפלן, משרת את אוכלוסיית באזור המונה מעל חצי מיליון תושבים. המלר""ד עובד מסביב לשעון נותן שירותי רפואה למקרים דחופים ומתבצע בו מיון מטופלים הן למחלקות האשפוז והן לקהילה.

חדר המיון קפלן  פועל על מנת להעניק למטופלים את השירות הטוב והיעיל ביותר. צוות המיון מודע לעומס הקיים ומבין שההגעה למיון וההמתנה כרוכים לעיתים בתחושות מתח וחשש ועושה ככל שביכולתו להקל עליכם את השהות ולהעניק את הטיפול הרפואי המקצועי והמסור לכל אחד ואחת.",,,,4.5,55,12,5,6,2,1,0,"16,954.00","19,965.92","3,011.92",7,2,28.57%,5,71.43%,66.27%,4.5,,75.55%,3,1,4,1,4,1,1,1 - 4,
,מ''ר בינוני,מרכז רפואי קפלן,רפואת ילדים,,https://hospitals.clalit.co.il/kaplan/he/med_units/children/Pages/default.aspx,פרופ׳,עמית נחום,,,,,,,,"למערך שני אגפי אשפוז, פנימי וכירורגי, בהם ניתן לאשפז ילדים ובני נוער, עד גיל 16 שעברו ניתוחים כגון ניתוחים כלליים (כירורגיית ילדים), ניתוחי אף־אוזן־גרון, ניתוחים אורולוגיים וניתוחים אורתופדיים.

צוות הרופאים, האחיות והעובדים במסגרות הפרה-רפואיות השונות (כגון: דיאטניות, פיזיוטרפיסטיות, ליצנות רפואית וכו') עושים את המרב כדי להעניק שירות מקצועי ומסור ויחס אישי, אכפתי וחם לכל אחד מהילדים. לרופאים הבכירים מומחיות במקצועות-על שונים ברפואת ילדים וכל אחד מהם מקיים מרפאה העוסקת בתחום התמחותו.​​",,,,4.5,63,4,22,19,11,5,0,"16,954.00","19,965.92","3,011.92",45,29,64.44%,16,35.56%,84.92%,4.6,,88.27%,5,6,6,5,5,13,8,5 - 7,
,מ''ר בינוני,מרכז רפואי קפלן,מחלות עיניים,,https://hospitals.clalit.co.il/kaplan/he/med_units/eyes/Pages/default.aspx,פרופ׳,אריה מרקוביץ',kpeye@clalit.org.il,,,,,,,"​​​​​​​​​​​​​​​​​​​​​​​​​​​​​​​​​​​​​​​​מערך העיניים במרכז הרפואי קפלן הוא מוקד מצוינות רפואית הנותן שירותים רפואיים חדשנ​יים במגוון רחב של מחלות ובעיות, כגון: קטרקט, מחלות קרנית ורשתית, מחלות דלקתיות (אובאיטיס), גלאוקומה, פזילה בילדים, הפרעות ראייה ושירותים לכבדי ראייה ועוד. לחצו על התמונה לקבלת מידע נוסף ​",,,,5,70,4,4,9,8,2,2,"16,954.00","19,965.92","3,011.92",26,17,65.38%,9,34.62%,76.38%,4.5,,71.61%,3,4,1,4,1,3,3,2 - 4,
,מ''ר בינוני,מרכז רפואי קפלן,קרדיולוגיה,,https://hospitals.clalit.co.il/kaplan/he/med_units/cardiology/Pages/loby-kart.aspx,פרופ׳,קובי ג'ורג',,,,,,,,"​​​​מטרותיו ויעודו של המערך הקרדיולוגי במרכז הרפואי קפלן הם להעניק את הטיפול האיכותי והמתקדם ביותר לאוכלוסיית החולים תוך הקפדה על יחס אנושי ועל כבוד המטופל.
כמו כן, שמנו לנו כמטרה לשאוף למצוינות רפואית, למחקר ולקידמה טכנולוגית על ידי הבאת טכנולוגיות חדשות למערך, בכל תחומי התמקצעות בקרדיולוגיה כולל הדמית הלב, צנתורי לב ואלקטרופיזיולוגיה והטמעתם.
שימור וטיפוח הקשר עם הקהילה: שימת דגש על מתן שירות קרדיולוגי למרפאות הפריפריות בסביבת המרכז הרפואי תוך הקפדה על זמינות של רופאי המכון לרופאי הקהילה ומתן שרות מהיר ומקצועי.",,,,6.5,54,2,4,4,1,2,0,"16,954.00","19,965.92","3,011.92",10,2,20.00%,8,80.00%,#DIV/0!,4.5,,#DIV/0!,4,1,1,0,3,3,1,1 - 3,
,מ''ר בינוני,מרכז רפואי קפלן,כירורגיה פלסטית ואסתטית,,https://hospitals.clalit.co.il/kaplan/he/med_units/surgery/Pages/plastic_surgery.aspx,פרופ׳,דנה אגוזי,,,,,,,,"המחלקת הכירורגיה הפלסטית בבית החולים קפלן מעניקה טיפול מקצועי, מתקדם ורחב היקף במגוון תחומים, ומשלבת בין רפואה משקמת לרפואה אסתטית, תוך התאמה אישית לצורכי כל מטופל ומטופלת.",,,,6,78,35,0,1,3,4,0,"16,954.00","19,965.92","3,011.92",8,4,50.00%,4,50.00%,74.65%,4.5,,66.60%,1,1,0,2,1,1,1,1 - 1,
,מ''ר בינוני,מרכז רפואי קפלן,פנימית,בית חולים- מחלקה א,https://hospitals.clalit.co.il/kaplan/he/med_units/internal_a/Pages/internal_a_unit.aspx,ד׳׳ר,חפציבה גרין,Hefzibag@clalit.org.il,,,,,,,"מחלקה פנימית א' שואפת למצוינות קלינית, תוך התבססות על סיפורו של החולה ופירוש מעמיק של הבדיקות הבסיסיות ואף זכתה בתואר מרכז מצוינות מבין בתי החולים בכללית. המחלקה שמה דגש מיוחד על יחס חם ואוהד לחולה והתחשבות בהעדפותיו כאדם.",,,,4,68,4,30,15,11,7,2,"16,954.00","19,965.92","3,011.92",96,42,46.15%,49,53.85%,53.19%,4.9,,74.85%,10,5,9,8,12,12,10,9 - 11,
,מ''ר בינוני,מרכז רפואי קפלן,פנימית,בית חולים-מחלקה ב,https://hospitals.clalit.co.il/kaplan/he/med_units/internal_b/Pages/internal_b_unit.aspx,ד׳׳ר,עלי עבדאללה, AliAh@clalit.org.il,,,,,,,"מחלקה פנימית ב' במרכז הרפואי קפלן בניהולו של ד""ר עלי עבדאללה מוכרת לרבים כמחלקה מובילה בטיפול בחולה, שמצבו מורכב ובמחלות האוטואימוניות.
​​​​​במחלקה פנימית ב' מאושפזים חולים שנדרש עבורם בירור, אבחון וטיפול בכל המגוון הרחב של המחלות הפנימיות.
תחומי העיסוק המרכזיים של המחלקה הם טיפול במחלות פנימיות כגון מחלות לב, מחלות ריאה, מחלות זיהומיות, מחלות אוטואימוניות וטיפול בחולים קריטיים ומונשמים.",,,,4,68,4,30,15,11,7,2,"16,954.00","19,965.92","3,011.92",96,42,46.15%,49,53.85%,53.19%,4.9,,74.85%,10,5,9,8,12,12,10,9 - 11,
,מ''ר בינוני,מרכז רפואי קפלן,פנימית,בית חולים-מחלקה ג,https://hospitals.clalit.co.il/kaplan/he/med_units/internal_c/Pages/internal_c_unit.aspx,ד׳׳ר,תומר ארד,Tomerar@clalit.org.il,,,,,,,"​מחלקה פנימית ג' בניהולו של ד""ר סטיב מלניק, נותנת שירות לחולים אשר סובלים ממגוון בעיות של הרפואה הפנימית.
מחלקה פנימית ג'  מטפלים במקרים הזקוקים לאשפוז מכל הקשת של רפואה פנימית וגם במחלות בדרכי העיכול והכבד ומשתפת פעולה עם המכון הגסטרואנטרולוגי.
הצוות הבכיר של פנימית ג' אחראי למרבית השירות של מחלות כבד לאזור במסגרת אשפוזית וגם אמבולאטורית.",,,,4,68,4,30,15,11,7,2,"16,954.00","19,965.92","3,011.92",96,42,46.15%,49,53.85%,53.19%,4.9,,74.85%,10,5,9,8,12,12,10,9 - 11,
,מ''ר בינוני,מרכז רפואי קפלן,פנימית,בית חולים-מחלקה ד,https://hospitals.clalit.co.il/kaplan/he/med_units/internal_d/Pages/internal_d_unit.aspx,ד׳׳ר,חיים שמואלי,,,,,,,,"מחלקה פנימית ד' קולטת חולים מגיל 16 ומעלה הסובלים מכל סוגי המחלות הפנימיות:

מחלות זיהומיות
מחלות גסטרו - מערכת העיכול
מחלות סרטן/ ממאירות
מחלות לב וריאה  
מחלות חריפות וכרוניות
מחלות פרקים
מחלות מערכת הדם והלימפה
מחלות של מערכת החיסון ועוד.
כמו כן אנו מטפלים בחולים מונשמים ומורכבים.
בנוסף, מאושפזים במחלקה חולים עם מחלות דם ממאירות המאושפזים במחלקה ביחידה נפרדת המכילה חמישה חדרי בידוד שבהם קיים לחץ אויר חיובי המונע זיהומים נרכשים.",,,,4,68,4,30,15,11,7,2,"16,954.00","19,965.92","3,011.92",96,42,46.15%,49,53.85%,53.19%,4.9,,74.85%,10,5,9,8,12,12,10,9 - 11,
,מ''ר בינוני,מרכז רפואי קפלן,רדיולוגיה (דימות),,https://hospitals.clalit.co.il/kaplan/he/med_units/x_ray/Pages/default.aspx,ד׳׳ר,תמר שלמון,ShalmonT@clalit.org.il,,,,,,,"​​​​​​​​​​​​​​​​​​​​​​​מערך הדימות של המרכז הרפואי קפלן משרת את כלל המחלקות השונות של המרכז הרפואי, ומבצע טווח רחב של סוגי בדיקות דימות לחולים המגיעים מהמיון, למאושפזים ומטופלים אמבולטוריים.",,,,5,65,6,3,8,5,1,1,"16,954.00","19,965.92","3,011.92",21,9,47.37%,10,52.63%,78.40%,4.7,,73.50%,1,2,1,1,1,3,7,1 - 3,
,מ''ר בינוני,מרכז רפואי קפלן,יילוד וגינקולוגיה,,https://hospitals.clalit.co.il/kaplan/he/med_units/women_maternity/Pages/lobby.aspx,פרופ׳,אלון בן אריה, alon_b@clalit.org.il,,,,,,,"​​​​​​​​​​​​​​​​​​​​​​​​​​​​​​​​​​​​​​​​​​​​​​​​​​​​​חטיבת נשים ויולדות במרכז הרפואי קפלן כוללת מגוון של מחלקות ומרפאות המתמקדות בבריאות האישה, בהן חדרי יולדות, מיון יולדות, מרפאות נשים, מחלקות אשפוז, יחידה לפוריות ו-IVF ועוד. ",,,,6,76,12,6,9,15,5,1,"16,954.00","19,965.92","3,011.92",36,26,72.22%,10,27.78%,74.40%,4.7,,82.48%,4,4,1,4,5,8,3,4 - 5,
,מ''ר בינוני,מרכז רפואי קפלן,כירורגיה אורולוגית,,,פרופ׳,דן ליבוביץ,medileibovici@gmail.com,,,,,,,,,,,6,83,7,0,0,8,0,0,"16,954.00","19,965.92","3,011.92",12,3,25.00%,9,75.00%,67.19%,5,,74.33%,1,0,0,1,3,1,0,0 - 1,
,מ''ר בינוני,מרכז רפואי קפלן,אף אוזן גרון,,,פרופ׳,יונתן להב,Yonatan_l@clalit.org.il,,,,,,,,,,,6,84,10,3,3,3,1,0,"16,954.00","19,965.92","3,011.92",10,5,50.00%,5,50.00%,80.08%,4.8,,76.61%,2,1,3,0,2,1,1,1 - 2,
,מ''ר בינוני,מרכז רפואי קפלן,כירורגיה של בית החזה,,https://hospitals.clalit.co.il/kaplan/he/med_units/surgery/Pages/breastsurgery.aspx,ד׳׳ר,גיא פינס,GuyPi@clalit.org.il,,,,,,,,,,,6,#DIV/0!,22,2,0,0,0,0,"16,954.00","19,965.92","3,011.92",2,1,100.00%,0,0.00%,91.89%,4.5,,84.88%,2,0,0,0,0,1,0,0 - 1,
,מ''ר בינוני,מרכז רפואי קפלן,כירורגיה כללית,,https://hospitals.clalit.co.il/kaplan/he/med_units/surgery/Pages/default.aspx,ד׳׳ר,ברק בר זכאי,barakba@clalit.org.il,,,,,,,"המערך לכירורגיה כללית שוכן בקומה הרביעית של בנין האשפוז המרכזי של המרכז הרפואי קפלן וכולל שני אגפי אשפוז, צפוני ודרומי. במערך 70 מיטות אשפוז",,,,6,83,6,5,5,4,2,0,"16,954.00","19,965.92","3,011.92",21,7,36.84%,12,63.16%,84.75%,5,,68.56%,3,3,0,2,1,4,2,2 - 3,
,מ''ר בינוני,מרכז רפואי קפלן,הרדמה,,https://hospitals.clalit.co.il/kaplan/he/med_units/surgery/Pages/surgeryrooms.aspx,ד׳׳ר,לילך חזן ואן-דוין,,,,,,,,"רופאים מרדימים אחראים לוקחים חלק בכל ניתוח או פרוצדורה המתבצעת תחת הרדמה. הם מבצעים הערכה לפני ההרדמה, מטפלים במהלך ההרדמה, ובחדר התאוששות או טיפול נמרץ לאחר הפרוצדורה.",,,,5,95,5,7,7,2,2,1,"16,954.00","19,965.92","3,011.92",31,9,31.03%,20,68.97%,52.75%,4.5,,61.25%,1,1,2,4,2,4,2,2 - 3,
,מ''ר בינוני,מרכז רפואי קפלן,אורתופדיה,,https://hospitals.clalit.co.il/kaplan/he/med_units/orthopedics/Pages/orthopedics_dep.aspx,פרופ׳,אמיר הרמן,amirherm@gmail.com,,,,,,,"מערך האורתופדיה במרכז רפואי קפלן מעניק מענה רפואי לכ- 23,000 מטופלים מידי שנה. המערך מהווה מרכז יעוץ וטיפול בכל תחומי האורתופדיה ומעניק מענה רפואי במסגרת שירותי המחלקה והמרפאות בבית החולים.",,,,6,85,9,5,5,3,4,0,"16,954.00","19,965.92","3,011.92",20,4,20.00%,16,80.00%,70.66%,5.2,,69.70%,1,2,3,5,1,3,2,2 - 3,
,מ''ר בינוני,מרכז רפואי קפלן,אונקולוגיה,,https://hospitals.clalit.co.il/kaplan/he/med_units/oncology/Pages/oncology.aspx,פרופ׳,אלה עברון,,,,,,,,"​​​​​​פעילות המכון לרווחת החולים מעבר לטיפול הרפואי:
- ריפוי בעיסוק
- טיפול קוסמטי
- מספרה - סיוע בהשגת הפאה ובטיפול בה",,,,5.5,39,3,2,2,0,1,0,"16,954.00","19,965.92","3,011.92",4,3,75.00%,1,25.00%,77.68%,4.7,,69.12%,1,0,0,0,1,0,2,0 - 1,
,מ''ר בינוני,מרכז רפואי קפלן,כירורגית כלי דם,,https://hospitals.clalit.co.il/kaplan/he/med_units/surgery/Pages/vascular.aspx,ד׳׳ר,ניר גבריאל,,,,,,,,"​​​היחידה לכירורגית כלי דם מטפלת בכל מחלות כלי הדם, עורקיות וורידיות. הטיפולים מבוצעים בגישת ניתוח פתוח, צנתור (אנדווסקולרית) או שילוב של השתיים (פעולה היברידית).

פעילות היחידה מכוונת למתן מענה מהיר, מקצועי ומיטבי לכל בעיות כלי דם תוך הענקת יחס אישי ואנושי, במטרה לאפשר למטופלינו התאוששות מהירה וחזרה לשגרת החיים.",,,,6,#DIV/0!,8,1,1,0,0,0,"16,954.00","19,965.92","3,011.92",3,2,66.67%,1,33.33%,73.91%,4.5,,67.30%,0,0,0,0,2,0,0,0 - 0,
,מ''ר בינוני,מרכז רפואי קפלן,פסיכיאטריה,,https://hospitals.clalit.co.il/kaplan/he/med_units/psychiatric_care/Pages/psychiatric_day_care.aspx,ד׳׳ר,דוד ישראלי,,,,,,,,"אשפוז יום פסיכיאטרי במרכז הרפואי קפלן מעניק שירות איכותי רחב היקף על ידי צוות רב מקצועי ללקוחותיו.
אנו רואים חובה לעצמנו לפעול לביטול הסטיגמה, שעדיין רווחת בקרב הציבור, בדבר בריאות הנפש, על-ידי יצירת גישה חיובית ומקבלת כלפי מטופלים הסובלים מבעיות נפשיות.
מטרתנו היא להבטיח ניהול טיפול יעיל ומקצועי המתואם עם הקהילה, שיאפשר למטופלינו לתפקד באופן אופטימאלי במערך המשפחתי והקהילתי, לשביעות רצונם.",,,,4.5,#DIV/0!,33,2,5,0,0,0,"16,954.00","19,965.92","3,011.92",4,2,50.00%,2,50.00%,78.17%,4.7,,62.28%,0,0,2,1,0,0,2,0 - 2,
,מ''ר בינוני,מרכז רפואי קפלן,נוירולוגיה,,https://hospitals.clalit.co.il/kaplan/he/med_units/neurology/Pages/neurology_dep.aspx,ד׳׳ר,אנדה עילם,,,,,,,,"אצלנו מטפלים באנשים – לא רק במחלות.

אנחנו עוסקים באבחון, טיפול וליווי של מי שמתמודדים עם בעיות שקשורות למערכת העצבים – מהמוח, דרך חוט השדרה, ועד העצבים והשרירים. הצוות שלנו שם לעצמו מטרה להעניק טיפול מקצועי, אישי ומכבד ולתת לכל מטופל ומטופלת תחושת ביטחון ותקווה.",,,,5,77,6,2,2,3,0,0,"16,954.00","19,965.92","3,011.92",10,3,30.00%,7,70.00%,66.47%,4.6,,78.95%,2,1,0,1,1,2,2,1 - 2,
,מ''ר בינוני,מרכז רפואי קפלן,גריאטריה,,https://hospitals.clalit.co.il/kaplan/he/med_units/geriatrics/Pages/geriatrics_dep.aspx,ד׳׳ר,ענבל סגל,,,,,,,,"המחלקה הפנימית גריאטרית מציעה טיפול רפואי פנימי מתקדם בשילוב מומחיות גריאטרית לשימור תפקוד, קוגניציה ואיכות חיים. אנו מתמקדים בראיה כוללנית של המטופל ובמניעה אקטיבית של סיבוכים במהלך האשפוז.",,,,4.5,#DIV/0!,12,4,2,2,4,0,"16,954.00","19,965.92","3,011.92",33,17,58.62%,12,41.38%,35.32%,4.1,,65.59%,2,0,0,2,2,3,4,1 - 3,
,מ''ר בינוני,מרכז רפואי קפלן,פתולוגיה,,https://hospitals.clalit.co.il/kaplan/he/med_units/pathology/Pages/pathology_unit.aspx,ד׳׳ר,עדי יוספוביץ,,,,,,,,"המכון לפתולוגיה במרכז רפואי קפלן מאבחן כ-50,000 דגימות רקמה בשנה של כ-15,000 מטופלים, בנוסף מטופלות כ-4,000 דגימות ציטולוגיות.

במכון מבצעים אבחון של תהליכים פתולוגיים ברקמות ותאים, בדיקות מהירות של חתך קפוא במהלך ניתוח בכדי לסייע בהחלטות לגבי המשך הניתוח, נתיחות שלאחר המוות, של עוברים,  כמו גם ניתוחים מהירים להורדת נגעי עור עם צלקת מינימלית בשילוב הרופאים ממחלקת כירורגיה פלסטית המאובחנים במהירות (ניתוחי מוהס).",,,,5,72,14,0,0,2,0,1,"16,954.00","19,965.92","3,011.92",7,4,66.67%,2,33.33%,56.12%,4.5,,58.07%,1,0,0,1,1,0,0,0 - 1,
,מ''ר בינוני,מרכז רפואי קפלן,רפואה גרעינית,,https://hospitals.clalit.co.il/kaplan/he/med_units/nuclear_medicine/Pages/nuclear_medicine_institute.aspx,ד׳׳ר,סימונובסקי ולדלן,,,,,,,,"המכון לרפואה גרעינית מספק שירותי הדמיה המאפיינים תהליכים פיזיולוגיים ופתולוגיים של הגוף בעזרת חומרים רדיואקטיביים במינון נמוך, מדוד ומבוקר.",,,,4.5,#DIV/0!,-6,0,1,0,0,0,"16,954.00","19,965.92","3,011.92",1,1,100.00%,0,0.00%,58.33%,4.5,,51.83%,0,1,0,0,0,0,0,0 - 0,
,מ''ר בינוני,מרכז רפואי קפלן,נוירוכירורגיה,,,,,,,,,,,,,,,,6,#DIV/0!,#N/A,0,0,0,0,0,"16,954.00","19,965.92","3,011.92",1,0,0.00%,1,100.00%,88.31%,4.5,,66.00%,0,0,0,0,0,1,0,0 - 0,
,מ''ר בינוני,מרכז רפואי מאיר,הרדמה,,https://hospitals.clalit.co.il/meir/he/med/intensive/Pages/default.aspx,פרופ׳,בריאן פרדמן,fredman.brian@clalit.org.il,,,,,,,"מחלקת הרדמה וטיפול נמרץ אחראית על מעל 23,000 ניתוחים בשנה, בהרדמה כללית, אזורית ומקומית. המחלקה נותנת שירותים לכלל מחלקות בית החולים ומבצעת הן ניתוחים אלקטיביים והן ניתוחים דחופים. בנוסף לעבודה השגרתית, המחלקה נותנת שירותים אפידורליים למחלקת יולדות בחדר לידה, 24 שעות ביממה.",,,,5,79,2,30,13,5,1,1,"16,954.00","19,965.92","3,011.92",53,19,36.54%,33,63.46%,52.75%,4.5,,61.25%,6,5,8,5,6,7,10,6 - 8,
,מ''ר בינוני,מרכז רפואי מאיר,פנימית,בית חולים- מחלקה א,https://hospitals.clalit.co.il/meir/he/med/int/Pages/a.aspx,ד׳׳ר,אסנת ירחובסקי דולברג,ocj1945@gmail.com,,,,,,,"מחלקה פנימית א' היא מחלקה מובילה בעשייה הרפואית והסיעודית בבית החולים מאיר. במחלקה 40 מיטות אשפוז, מתוכן 4 המיועדות לטיפול מוגבר במטופלים מורכבים. המחלקה כוללת את היחידה ההמטואונקולוגית ובה 6 מיטות אשפוז בחדרי בידוד ייעודיים למטופלים המטואונקולוגים​.

המחלקה מסונפת לבית הספר לרפואה של אוניברסיטת תל אביב

המחלקה חרטה על דגלה להעניק למטופליה רפואה מצוינת, יעילה, מקצועית, עניינית ועדכנית, ובד בבד אנושית, רגישה וחומלת, הרואה את המטופל במרכז. כחלק בלתי נפרד מכך, נערך שיג ושיח עם מערכים נוספים בבית החולים, ומתבצע שיתוף פעולה הדוק עם  גורמים מקצועיים הנמצאים באופן שוטף במחלקה וזמינים גם למטופליה – עובדת סוציאלית, תזונאית קלינית, פיזיותרפיסט ומרפאה בעיסוק.",,,,4,52,3,47,30,7,4,0,"16,954.00","19,965.92","3,011.92",76,37,51.39%,35,48.61%,53.19%,4.9,,74.85%,9,11,17,16,14,13,14,12 - 15,
,מ''ר בינוני,מרכז רפואי מאיר,פנימית,בית חולים-מחלקה ב,https://hospitals.clalit.co.il/meir/he/med/int/Pages/b.aspx,ד׳׳ר,גיא חושן,guy.choshen@gmail.com,,,,,,,"במחלקה פנימית ב' 40 מיטות אשפוז. המחלקה עוסקת באבחון, טיפול ומעקב של המגוון הרחב של המחלות הפנימיות. צוות המחלקה נמצא בתהליך רציף של התעדכנות ושיפור מיומנויות רפואיות ותקשורת בין אישית. קיים דגש מיוחד על תמיכה בחולה ובמשפחתו ועדכון שוטף במהלך האשפוז.

המחלקה מסונפת לאוניברסיטת תל-אביב, משתתפת באופן פעיל בהוראת סטודנטים ופעילה גם עם סטודנטים מחו""ל. המחלקה עוסקת במחקר קליני ומעבדתי. תחומי מומחיות - אי ספיקת לב ויתר שומני דם.",,,,4,52,3,47,30,7,4,0,"16,954.00","19,965.92","3,011.92",76,37,51.39%,35,48.61%,53.19%,4.9,,74.85%,9,11,17,16,14,13,14,12 - 15,
,מ''ר בינוני,מרכז רפואי מאיר,פנימית,בית חולים-מחלקה ג,https://hospitals.clalit.co.il/meir/he/med/int/Pages/c.aspx,ד׳׳ר,שרון רייספלד,,,,,,Dptpnimc@clalit.org.il,,"מחלקה פנימית ג' הינה אחת מתוך 5 מחלקות פנימיות המשתייכות לחטיבה הפנימית בביה''ח. המחלקה מסונפת לאוניברסיטת תל-אביב וייעודה הוא מתן טיפול רפואי מתקדם, איכותי ומקצועי, חינוך ומחקר רפואי. המחלקה מצטיינת בצוות רפואי המעודכן בחידושי הרפואה הפנימית ובעל עניין במקצועות משנה כגון מחלות זיהומיות, גריאטריה

המחלקה רואה את המטופל במרכז, פשוטו כמשמעו – מכלול הבעיות והמחלות של המטופל המאושפז, והסתכלות על התמיכה המשפחתית והחברתית שלו, ותפיסת עולמו, הן שיכתיבו את הטיפול הספציפי בכל מטופל ומטופלת. הרפואה היא מקצועית ובגובה העיניים, במטרה לתווך את הידע וההחלטות הרפואיות בצורה המיטבית למאושפזים ובני משפחותיהם.",,,,4,52,3,47,30,7,4,0,"16,954.00","19,965.92","3,011.92",76,37,51.39%,35,48.61%,53.19%,4.9,,74.85%,9,11,17,16,14,13,14,12 - 15,
,מ''ר בינוני,מרכז רפואי מאיר,פנימית,בית חולים-מחלקה ד,https://hospitals.clalit.co.il/meir/he/med/int/Pages/d.aspx,ד׳׳ר,זמיר דובריש,dovrishz@clalit.org.il,,,,,,,"הטיפול במגוון המחלות הפנימיות כולל מחלות לב ויתר לחץ דם, מחלות ריאה,
מחלות דרכי העיכול, סוכרת וסיבוכיה, מחלות כליה וכבד, מחלות זיהומיות,
מחלות דם ומח עצם, מחלות מפרקים ועוד סוגים רבים נדירים יותר. 

הפעילות העיקרית של המחלקה היא טפול בחולים דחופים המתקבלים מחדר המיון,
10 – 13 חולים ביממה. כ- 10% מהחולים מוזמנים לאשפוז לצורך בירור האבחנה
או טיפול בתכנון מראש.",,,,4,52,3,47,30,7,4,0,"16,954.00","19,965.92","3,011.92",76,37,51.39%,35,48.61%,53.19%,4.9,,74.85%,9,11,17,16,14,13,14,12 - 15,
,מ''ר בינוני,מרכז רפואי מאיר,פנימית,בית חולים-מחלקה ה,https://hospitals.clalit.co.il/meir/he/med/int/Pages/e.aspx,פרופ׳,יאיר לוי,levy.yair@clalit.org.il,,,,,Dptpnimh@clalit.org.il,,"​​​​מחלקה פנימית ה' במרכז הרפואי מאיר היא מחלקה פנימית המטפלת במחלות רב גוניות הקשורות לרפואה פנימית. בראש המחלקה עומד פרופסור יאיר לוי, בעל תחומי עניין עיקריים בנושא מחלות ראומטיות ואימונולוגיות ומחלות נדירות. סגן מנהל המחלקה הינו ד'ר איימן נאטור אשר מתמחה במחלות כבד. צוות מחלקה פנימית ה'  שומר על מקצועיות רבה, בשילוב יחס אדיב לכלל החולים ולבני משפחותיהם.",,,,4,52,3,47,30,7,4,0,"16,954.00","19,965.92","3,011.92",76,37,51.39%,35,48.61%,53.19%,4.9,,74.85%,9,11,17,16,14,13,14,12 - 15,
,מ''ר בינוני,מרכז רפואי מאיר,אורתופדיה,,https://hospitals.clalit.co.il/meir/he/med/orto/Pages/default.aspx,ד׳׳ר,נסים אוחנה​,,,,,,,,"המערך לאורתופדיה ועמוד שדרה בבית חולים מאיר בעל נפח פעילות בין הגדולים באזור המרכז ומשרת אלפי מטופלים מדי שנה. 
המערך חרט על דגלו אנושיות, יחס אישי ומצוינות לצד קידמה ופעילות מחקרית ואקדמית.
הטיפול המערך הינו רב זרועי ומשלב צוות רפואי ופארא-רפואי הכולל: סיעוד , פיזיותרפיה, ריפוי בעיסוק ועבודה סוציאלית. במידת הצורך משתפים רופאי המחלקה פעולה עם מחלקות ויחידות נוספות בית החולים. לדוגמא:  המחלקה לכירורגיה פלסטית, המחלקה לכירורגיה של כלי הדם , המחלקה הגריאטרית, רופאים שיקומיים, מרפאת כאב ועוד
המערך מסונף לפקולטה לרפואה באוניברסיטת תל אביב וחונך סטודנטים לרפואה , סיעוד ופיזיותרפיה מדי שנה.
המערך מחולק לשירותים ויחידות-על המכסים את מגוון התחומים המוכר באורתופדיה מודרנית: יחידה להשתלת מפרקים, יחידה לכירורגיה של כף היד, שירות רפואת ספורט וכירורגיה ארתרוסקופית, שירות לקרסול וכף הרגל, שירות לכתף, שירות לטראומה מורכבת ופציעות שלד מרובות, יחידה לעמוד שדרה, יחידה לאורתופדית ילדים, שירות לכף רגל סכרתית ומרכז פודיאטרי. ",,,,6,68,6,12,5,2,3,1,"16,954.00","19,965.92","3,011.92",31,6,19.35%,25,80.65%,70.66%,5.2,,69.70%,4,3,3,5,3,6,3,3 - 5,
,מ''ר בינוני,מרכז רפואי מאיר,רפואת ילדים,,https://hospitals.clalit.co.il/meir/he/med/childs/Pages/hosp.aspx,פרופ׳,אלון אליקים,eliakim.alon@clalit.org.il,,,,,meircld@clalit.org.il,,"צוות החטיבה כולל רופאים, אחיות, פיזיותרפיסטית, מרפאה בעיסוק, דיאטניות,
עו''ס, פסיכולוגית ,ליצנים רפואיים (רופאי חלום), מורות, כוח עזר, בנות שירות לאומי,
מזכירות ועוד רבים וטובים שמטרתם להפוך את האשפוז לקל ומהיר ככל האפשר.",,,,4.5,62,4,15,20,7,2,0,"16,954.00","19,965.92","3,011.92",48,34,72.34%,13,27.66%,84.92%,4.6,,88.27%,6,9,13,4,8,8,9,7 - 9,
,מ''ר בינוני,מרכז רפואי מאיר,כירורגיה כללית,,https://hospitals.clalit.co.il/meir/he/med/surgery/Pages/%D7%94%D7%9E%D7%A2%D7%A8%D7%9A-%D7%94%D7%9B%D7%99%D7%A8%D7%95%D7%A8%D7%92%D7%99.aspx,פרופ׳,שמואל אביטל,avitalshmuel@gmail.com,,,,,MeirSurgeryB@clalit.org.il,,"המערך הכירורגי של בית החולים מאגד תחת קורת גג אחת את כלל תחומי הכירורגיה הכללית, ומעניק שירות מקצועי, איכותי ואמפתי במגוון מסגרות: חדרי ניתוח, אשפוז, חדר מיון, מרפאות חוץ ומכונים.
​אנו שמים את המטופל במרכז העשייה הרפואית, תוך שילוב טכנולוגיה מתקדמת הכוללת ניתוחים זעיר-פולשניים וניתוחים רובוטיים, לצד טיפול כירורגי, רפואי וסיעודי מסור. אנו דוגלים בגישת ""הדלת הפתוחה"", המאפשרת תקשורת ישירה עם רופא בכל שעות היום, ומקפידים על היענות מלאה לצרכי המטופל ובני משפחתו, לרבות ליווי ומעקב מרפאתי מקצועי גם לאחר השחרור מבית החולים.",,,,6,77,6,7,7,2,2,0,"16,954.00","19,965.92","3,011.92",27,9,33.33%,18,66.67%,84.75%,5,,68.56%,3,3,2,4,1,3,2,2 - 3,
,מ''ר בינוני,מרכז רפואי מאיר,מחלות עיניים,,https://hospitals.clalit.co.il/meir/he/med/eyes/Pages/hosp.aspx,פרופ׳,אלעד מויסייב,,,,,,meireyedpt@clalit.org.il,,"במחלקה 15 מיטות בהם מאושפזים מטופלים הסובלים ממחלות עיניים מורכבות, הזקוקים לבירור, טיפול ומעקב קרובים ומתמשכים, וכן מטופלים לפני ואחרי ניתוחים דחופים ואלקטיביים, ונפגעי תאונות. חלק ניכר מניתוחי העיניים מבוצעים כיום באופן אמבולטורי (ללא אשפוז), כאשר המחלקה מהווה את מוקד קבלת והכנת החולים לניתוח, הדרכה ומתן טיפול ראשוני לאחר הניתוח. המחלקה משמשת גם כחדר המיון לבעיות דחופות בשעות הערב והלילה ובסופי שבוע וחגים. מעל 2,500 ניתוחים מבוצעים במחלקה מדי שנה. מירב הניתוחים מבוצעים באופן אלקטיבי, בהתאם לסדרי קדימויות, אך במקרים דחופים מבוצעים ניתוחים בכל שעות היממה.",,,,5,61,3,2,5,2,3,0,"16,954.00","19,965.92","3,011.92",11,7,63.64%,4,36.36%,76.38%,4.5,,71.61%,1,3,2,1,4,4,0,1 - 4,
,מ''ר בינוני,מרכז רפואי מאיר,קרדיולוגיה,,https://hospitals.clalit.co.il/meir/he/med/heart/Pages/hosp.aspx,פרופ׳,עבד עסלי,aassali@clalit.org.il,,,,,,,"​​​​​​​​​​​​​​​​​​​​​​​​מערך הלב במרכז רפואי מאיר, כפר סבא, הינו אחד ממערכי הלב המובילים בארץ. מדובר באחד המערכים הפעילים והחדשניים ביותר בארץ. מערך האשפוז מטפל בלמעלה מ-3,000 חולים בשנה עם מגוון מחלות לב חריפות, מבוצעים יותר מ 3,000 צינתורים, מושתלים מעל 500 קוצבי לב, ומעל 10,000 מטופלים נמצאים במעקב במסגרת המרפאות והמרכז לשיקום הלב.",,,,6.5,70,-1,3,2,0,1,0,"16,954.00","19,965.92","3,011.92",2,0,0.00%,2,100.00%,#DIV/0!,4.5,,#DIV/0!,1,1,1,3,1,2,1,1 - 2,
,מ''ר בינוני,מרכז רפואי מאיר,כירורגיה פלסטית ואסתטית,,https://hospitals.clalit.co.il/meir/he/med/plasticsugery/Pages/plas.aspx,פרופ׳,אבשלום שלום,avshalom.shalom@clalit.org.il,,,,,MeirSurgeryplst@clalit.org.il,,"​המחלקה לכירורגיה פלסטית משחזרת ואסתטית במרכז הרפואי מאיר הוקמה בשנת 1991. במחלקה סגל רחב של רופאים מומחים ומתמחים לכירורגיה פלסטית וצוות סיעודי מיומן.  בשנת 2021 המחלקה עברה למשכנה החדש וכעת מורכבת ממחלקת אשפוז מודרנית עם חדרים מרווחים וממרפאות חוץ.
שירותי המחלקה כוללים מגוון רחב של תחומים שונים לרבות שחזורי שד, ניתוחי אף, ניתוחים מיקרו-כירורגים ולימפאדמה, ניתוחים להסרת גידולי עור ומלנומה, ניתוחי מוהס, כירורגיה פלסטית ילדים ומומים מולדים כגון שפה וחך שסועים, עיצוב גוף, הזרקות שומן ועוד...
במסגרת מרפאות החוץ ניתנים מגוון של שירותים הכוללים מעקבים לאחר ניתוח, מרפאת ריפוי פצע, מעקבי מלנומה תקופתיים, צילום שומות, מרפאת לימפאדמה, מרפאת שחזורי שד, מרפאת עיצוב הגוף, מומים מולדים ומרפאת ניתוחי אף.",,,,6,88,21,1,0,1,2,2,"16,954.00","19,965.92","3,011.92",7,1,14.29%,6,85.71%,74.65%,4.5,,66.60%,1,0,0,1,2,1,0,0 - 1,
,מ''ר בינוני,מרכז רפואי מאיר,כירורגית ילדים,,https://hospitals.clalit.co.il/meir/he/med/childs/Pages/surg.aspx,ד׳׳ר,עמנואל סגייה,,,,,,meirkidsurgery@clalit.org.il,,"​​​​מחלקת כירורגית ילדים משרתת את הילדים של אזור השרון-שומרון הכולל אוכלוסייה של כ- 500,000 תושבים.",,,,6,#DIV/0!,#N/A,0,0,0,0,0,"16,954.00","19,965.92","3,011.92",2,1,100.00%,0,0.00%,84.85%,4.5,,66.67%,1,0,0,0,0,1,0,0 - 1,
,מ''ר בינוני,מרכז רפואי מאיר,יילוד וגינקולוגיה,,https://hospitals.clalit.co.il/meir/he/med/gyne/Pages/default.aspx,פרופ׳,טל בירון - שנטל,shentalt@inter.net.il,,,,,,,"ההתמחות שלנו היא ברפואת נשים על כל התחומים שבה והמטרה שלנו לתת לך, כאישה, את המענה הרפואי הנכון והטוב ביותר עבורך, בכל שלב בחיים. בשילוב של מקצועיות, מסירות, אחריות וכבוד. כל אחת לפי דרכה וצרכיה. אנחנו כאן בשבילך משלבי הילדות וההתבגרות, בתקופת הפוריות, ההריון והלידה, וגם במצבים רפואיים גינקולוגיים שונים. בשבילך, ברגעים המדאיגים וברגעים המשמחים עם מקצועיות ואופטימיות. במיונים, ביחידות האשפוז, במרפאות וביחידת האולטרה סאונד התומכת בכל תחומי רפואת הנשים.",,,,6,76,8,16,13,8,2,0,"16,954.00","19,965.92","3,011.92",41,33,80.49%,8,19.51%,74.40%,4.7,,82.48%,4,3,4,10,6,7,7,4 - 7,
,מ''ר בינוני,מרכז רפואי מאיר,רפואה דחופה,,https://hospitals.clalit.co.il/meir/he/med/malrad/Pages/clinic.aspx,ד׳׳ר,יוסף רודריג,rodrigjo@clalit.org.il,,,,,ShRevitalCh@clalit.org.il,,"​​​​המחלקה החדשה לרפואה דחופה במרכז רפואי מאיר: 6,000 מ""ר, חדרים אישיים למטופלים, מערכות טכנולוגיות חדשניות ויחידת דימות צמודה

בשנת 2024 נפתחה המחלקה החדשה לרפואה דחופה במבנה חדשני, מתקדם וממוגן המאפשר לצוותי בית החולים להיות ערוכים לקליטת נפגעים רבים ולהעניק את הטיפול הטוב ביותר לתושבי השרון. המיון החדש הוא מודל לשילוב של טכנולוגיות מתקדמות, מערכות מידע ומחשוב וכוח אדם מקצועי ומיומן, והוא בנוי ומנוהל תוך שימת דגש על פרטיותו ונוחיותו של החולה.",,,,4.5,62,3,7,2,2,1,0,"16,954.00","19,965.92","3,011.92",12,7,58.33%,5,41.67%,66.27%,4.5,,75.55%,4,1,6,2,2,5,6,2 - 6,
,מ''ר בינוני,מרכז רפואי מאיר,כירורגית כלי דם,,https://hospitals.clalit.co.il/meir/he/med/vessel/Pages/vesselsurgery.aspx,ד׳׳ר, עדי בכר,bachar.adi@gmail.com,,,,,vascunit@clalit.org.il,,"במחלקת כלי דם מבוצעים מגוון פעולות, ניתוחים וצנתורים לטיפול במחלות כלי הדם. בין היתר מבוצעים ניתוחי וצנתורי מפרצת באאורטה בבטן ובחזה, עורקי גפים ועורקי הצוואר (קרוטיס). 

פעולות של כירורגיה של כלי הדם דורשות רמת מיומנות גבוהה וניסיון רב. הניתוחים מבוצעים בטכניקות מתקדמות כולל שימוש נרחב בטכניקה אנדווסקולרית היברידית.
למחלקה צוות סיעודי מסור ומיומן, עם ניסיון רב בטיפול בחולי כלי דם מורכבים. טובת המטופלים ובטיחותם עומדים כמטרה עליונה בעיני צוות המחלקה.",,,,6,#DIV/0!,3,0,1,1,0,0,"16,954.00","19,965.92","3,011.92",5,0,0.00%,5,100.00%,73.91%,4.5,,67.30%,1,0,2,0,2,0,0,0 - 2,
,מ''ר בינוני,מרכז רפואי מאיר,אף אוזן גרון,,https://hospitals.clalit.co.il/meir/he/med/aog/Pages/default.aspx,ד׳׳ר,פיראס קאסם,,,,,,,,"במחלקה ובמרפאה אנו עוסקים באבחון, טיפול ומעקב אחר מגוון רחב של מחלות דלקתיות, זיהומיות, גידוליות (שפירות וממאירות), חבלתיות, ועוד בדרכי הנשימה והעיכול העליונות (כולל האף, מערות הפנים, הפה, לוע הגרון כולל מיתרי הקול), בלוטות הרוק, בלוטות התריס, בלוטות יותרת התריס וכמובן גם באוזניים.
הצוות הרפואי שלנו מלווה את המטופלים לאורך כל הדרך בגישה אישית ומכבדת מהבדיקה הראשונה, דרך קבלת האבחנה ובחירת הטיפול המתאים ועד לסיום המעקב הנחוץ.
המחלקה מתגאה בהיותה מחלקה אקדמית עם פעילות מחקרית ענפה והוראת  סטודנטים לרפואה מאוניברסיטת תל אביב, אוניברסיטת אריאל ובנוסף סטודנטים ישראלים מפקולטות נוספות לרפואה באירופה",,,,6,82,9,1,2,2,2,0,"16,954.00","19,965.92","3,011.92",13,6,46.15%,7,53.85%,80.08%,4.8,,76.61%,1,0,2,3,0,2,1,1 - 2,
,מ''ר בינוני,מרכז רפואי מאיר,כירורגיה אורולוגית,,https://hospitals.clalit.co.il/meir/he/med/orology/Pages/default.aspx,פרופ׳,עמוס נאמן,dramosne@gmail.com,,,,,urologymeir@clalit.org.il,,"​​​​​​​​​המחלקה לאורולוגיה ניתוחית מונה מעל 30 מיטות אשפוז ומפעילה מדי שבוע ששה חדרי ניתוח אורולוגים. כחלק בלתי נפרד ממחלקת אשפוז גדולה, מפעילה המחלקה האורולוגית גם מרפאת חוץ עסוקה. במחלקה פעילים 7 רופאים בכירים ו- 6 מתמחים בשלבי התמחות שונים. במסגרת הרחבה של המרפאה מופעלות מרפאות ייעוץ מיוחדות המתמקדות ומתמקצעות כל אחת בתחום ספציפי ובהן ניתן לקבל ייעוץ וטיפול מאורולוגים העוסקים בתחומים השונים כתת התמחות.",,,,6,70,6,3,0,2,1,0,"16,954.00","19,965.92","3,011.92",12,2,16.67%,10,83.33%,67.19%,5,,74.33%,1,0,2,1,2,3,0,1 - 2,
,מ''ר בינוני,מרכז רפואי מאיר,גריאטריה,,https://hospitals.clalit.co.il/meir/he/med/Geriatric/Pages/default.aspx,ד׳׳ר,און דולברג,,,,,,Dptpnimv@clalit.org.il,,"המחלקה הגריאטרית מטפלת בחולים מעל גיל 65 מתוך ראייה כוללת של הבעיות הגופניות, הנפשיות והחברתיות של האדם הקשיש.",,,,4.5,40,25,2,1,1,3,1,"16,954.00","19,965.92","3,011.92",31,23,74.19%,8,25.81%,35.32%,4.1,,65.59%,1,1,4,2,4,4,3,2 - 4,
,מ''ר בינוני,מרכז רפואי מאיר,נוירולוגיה,,https://hospitals.clalit.co.il/meir/he/med/neuro/Pages/hosp.aspx,ד׳׳ר,נירית לב,lev.nirit@gmail.com,,,,,niritle1@clalit.org.il,,"המחלקה הנוירולוגית הינה חלק מהמערך הפנימי של המרכז הרפואי ""מאיר"" ומסונפת לבית הספר לרפואה של אוניברסיטת תל אביב.

צוות המחלקה הינו צוות רב תחומי הכולל רופאים, אחיות, מזכירה, עובדת סוציאלית, פיזיותרפיה וריפוי בעיסוק. הצוות מקיים קשר יום יומי עם יועצים מתחומים שונים לצורך מתן טיפול מקצועי ומקיף למטופלי המחלקה. ",,,,5,75,4,5,5,2,1,1,"16,954.00","19,965.92","3,011.92",16,8,50.00%,8,50.00%,66.47%,4.6,,78.95%,2,2,0,3,0,1,2,1 - 2,
,מ''ר בינוני,מרכז רפואי מאיר,רדיולוגיה (דימות),,https://hospitals.clalit.co.il/meir/he/med/xray/Pages/dept.aspx,ד׳׳ר,רתם סיון הופמן,rotemsivan3@gmail.com,,,,,meirxr@clalit.org.il,,"​​​​​​​​​​​​מחלקת דימות רפואית (רנטגן) מעניקה שירות הן לחולים מאושפזים והן לנבדקים אמבולטורים.
המכון כולל: רדיולוגיה קונבנציונלית, רדיולוגיה פולשנית ווסקולרית, אולטרה סאונד, טומוגרפיה ממוחשבת, רדיולוגיה פדיאטרית, מכון תהודה מגנטית וממוגרפיה. 

צילומי רנטגן קונבנציונלי  בחדרי הצילומים מבצעים דימות של בית החזה, בטן, מערכת השלד, וכדומה.

שיקוף ממוחשב (DIGITAL FLUOROSCOPY) - מכשיר בעל רזולוציה גבוהה המבצע בדיקות הדמייה של מערכת עיכול עליונה ותחתונה, , וידאו פלואורוסקופי למנגנון בליעה, הדגמה של מערכת השתן התחתונה (URETHRO CYSTOGRAPHY)  הדגמות נקזים שוניםו), סלפינגוגרפיה.

יח' פולשנית - מבצעת: אנגיוגרפיות איבחוניות וטיפוליות בכלי דם ופעילויות פולשניות כגון: פעילויות פולשניות אורולוגיות, ביופסיות, מיאלוגרפיה, , ארטרוגרפיה הכנסת תומכים (STENTS), אמבוליזציה טפולית הדגמה וניקוז מלעורי של דרכי המרה (PTC), הכנסת מיטריה לוריד חלול תחתון וכן בדיקות וטיפולים בחולי דיאליזה עם פיסטולה, הכנסות צנתרים מרכזיים ודיאיזה פריטונאלית.

יח' רנטגן ילדים - המבצעת: את כל הצילומים הקונבנציונליים, שיקופים הכוללים בירור של מערכת העיכול ומערכת השתן, בדיקות סונוגרפיות CT  ו MRI.

יח' US - המבצעת:​

בדיקות אבחנתיות - בטן, דרכי השתן, צוואר, מערכת השלד שרירים ופרקים - MUSCULOSKELETAL SYSTEM) ) מפשעות לאיתור בקע, אשכים, מח וע""ש. בדיקות וסקולריות (COLOR DOPPLER) לא פולשניות הכוללות הדגמת עורקים, ורידים, פיסטולות של די​אליזה, מפרצת מדומה, ופקקת.
בדיקות פולשניות - שאיבה עם מחט עדינה (FNA) בלוטת המגן, כבד, בלוטות לימפה ושונות, ביופסיות. כבד, גושים שונים. שאיבות של נוזלים שונים. 
יח' CT -  בימים אלו מותקן מכשיר CT  שלישי למיון המצטרף לשני מכשירי CT  מתקדמים הממוקמים במכון הדימות.

 ",,,,5,55,7,5,6,2,3,1,"16,954.00","19,965.92","3,011.92",20,8,42.11%,11,57.89%,78.40%,4.7,,73.50%,1,4,2,0,1,4,4,1 - 4,
,מ''ר בינוני,מרכז רפואי מאיר,אונקולוגיה,,https://hospitals.clalit.co.il/meir/he/med/onco/Pages/default.aspx,ד׳׳ר,מיה גוטפריד,,,,,,,,"המכון האונקולוגי, המסונף לאוניברסיטת ת""א, הינו מרכז לטיפול, תמיכה וטיפול פליאטיבי בחולי סרטן, משתתף במחקרים בינלאומיים ובהכשרה של סטודנטים ורופאים מהארץ ומחו""ל. 
אנו דוגלים ב – 

• מתן טיפול רפואי באיכות גבוהה לצד תמיכה במטופלים ובמשפחות

• יחס אישי ומכבד

• עבודה בשיתוף פעולה עם רופאי בית החולים והקהילה",,,,5.5,66,4,0,2,0,1,0,"16,954.00","19,965.92","3,011.92",2,1,50.00%,1,50.00%,77.68%,4.7,,69.12%,0,0,2,0,0,1,0,0 - 1,
,מ''ר בינוני,מרכז רפואי מאיר,פתולוגיה,,https://hospitals.clalit.co.il/meir/he/med/pat/Pages/dept.aspx,פרופ׳,דבורה קדרון,dkidron@post.tau.ac.il,,,,,,,"המכון לפתולוגיה עוסק באבחון תהליכי מחלה ברקמות ובתאים. תוצאות הבדיקה הפתולוגית מסוכמות בדו""ח המשמש את הרופאים המטפלים לתכנון המשך הטיפול בלקוחות. 

העיסוק העיקרי במכון לפתולוגיה הינו ביופסיות. הביופסיות הינן דגימות של רקמות הנלקחות מגוף האדם בעת ניתוח או בדיקה, בחדר ניתוח, במרפאה או במחלקת אישפוז.

לצד הביופסיות, במכון מבוצעות בדיקות ציטולוגיות, במסגרתן נבדקים תאים שאינם מאורגנים ברקמה. מקור התאים יכול להיות נוזלי גוף, ניקורים במחט דקיקה (למשל מבלוטת המגן ומגושים) ומצואר הרחם. תחום נוסף במכון הינו נתיחות לאחר המוות.",,,,5,#DIV/0!,6,0,2,1,0,1,"16,954.00","19,965.92","3,011.92",8,3,37.50%,5,62.50%,56.12%,4.5,,58.07%,0,2,0,1,2,1,1,1 - 2,
,מ''ר בינוני,מרכז רפואי מאיר,רפואה גרעינית,,https://hospitals.clalit.co.il/meir/he/med/nuc/Pages/clinic.aspx,ד׳׳ר,ויקטוריה קוליקוב,,,,,,,,"​פעילות המכון לרפואה גרעינית כוללת שרותי איבחון (הדמייה גרעינית) ומתן טיפולים עם חומרים רדיו-אקטיבים.
במכון מבוצעים רוב המיפויים האבחנתיים הקיימים ברפואה גרעינית.",,,,4.5,#DIV/0!,#N/A,0,0,0,0,0,"16,954.00","19,965.92","3,011.92",1,0,0.00%,1,100.00%,58.33%,4.5,,51.83%,0,0,0,0,0,0,0,0 - 0,
,מ''ר בינוני,מרכז רפואי כרמל,מחלות עיניים,,https://hospitals.clalit.co.il/carmel/he/Departments-and-Outpatient-Clinics-main/Clinical-departments-and-clinics/Eyes/Pages/Eyes-dep.aspx,פרופ׳,אורן טומקינס-נצר,askcarmel-dep@clalit.org.il,,,,,,,"​חדרי הניתוח פועלים 6 ימים בשבוע ובהם נערכים כ- 1500 ניתוחי עיניים בשנה.

הניתוחים כוללים: ניתוחי קטרקט, גלאוקומה, השתלת קרנית, רשתית, פזילה ואוקולופלסטיקה.

שירותי המרפאה של המחלקה ניתנים במסגרת מרפאות ראשוניות של שרותי בריאות כללית ומרפאות חוץ של בית החולים. 

בדיקה טרום ניתוחית מתבצעת כשבועיים לפני מועד הניתוח ובה נקבע מחדש הצורך בניתוח, סוג הניתוח וסוג ההרדמה.
לבדיקה יש להביא: ספירת דם, אק""ג, צלום חזה (למועמדים להרדמה כללית), רשימת תרופות עדכנית ומכתב מהרופא המטפל המאשר את ביצוע הניתוח. ​​",,,,5,63,13,2,2,6,3,2,"16,954.00","19,965.92","3,011.92",14,9,64.29%,5,35.71%,76.38%,4.5,,71.61%,1,2,1,2,3,1,2,1 - 2,
,מ''ר בינוני,מרכז רפואי כרמל,הרדמה,,https://hospitals.clalit.co.il/carmel/he/Our-doctors-and-experts/Pages/eitan_mangoubi.aspx,ד׳׳ר,איתן מנגובי,EITANMA@clalit.org.il,,,,,,,"המחלקה מסונפת לפקולטה לרפואה של הטכניון ועוסקת בהוראת סטודנטים ומתמחים וכן במחקר קליני ומעבדתי. מחלקת הרדמה מטפלת בכ- 20,000 חולים מנותחים בשנה במסגרת מרכז רפואי כרמל ומרכזים לכירורגיה אמבולטורית.",,,,5,125,3,14,16,4,2,0,"16,954.00","19,965.92","3,011.92",41,16,41.03%,23,58.97%,52.75%,4.5,,61.25%,1,4,4,4,1,1,5,1 - 4,
,מ''ר בינוני,מרכז רפואי כרמל,אף אוזן גרון,,https://hospitals.clalit.co.il/carmel/he/Departments-and-Outpatient-Clinics-main/Clinical-departments-and-clinics/EarNoseThroatSurgery/Pages/Otolaryngology.aspx,פרופ׳,אילנה דואק,askcarmel-dep@clalit.org.il,,,,,,,"מחלקת אף אוזן וגרון וניתוחי ראש וצוואר במרכז רפואי כרמל בעלת ניסיון נרחב בניתוחים להסרת גידולים באזור הראש והצוואר, הפה, הלוע והגרון, כולל גידולי בלוטת התריס וניתוחים מורכבים הכוללים שחזור.",,,,6,78,4,6,4,2,0,0,"16,954.00","19,965.92","3,011.92",10,2,22.22%,7,77.78%,80.08%,4.8,,76.61%,2,0,2,1,1,0,2,1 - 2,
,מ''ר בינוני,מרכז רפואי כרמל,רפואת ילדים,,https://hospitals.clalit.co.il/carmel/he/Departments-and-Outpatient-Clinics-main/Clinical-departments-and-clinics/children/Pages/childrens-dep.aspx,פרופ׳,גיורא פילר,giorapi@clalit.org.il,,,,,,,מחלקת ילדים משרתת מטופלים באזור חיפה רבתי. המחלקה מטפלת במאושפזים בגילאי 0-18 בתחומים שונים. המחלקה מספקת שירותים מקצועיים במרבית התחומים הרפואיים ובהתאם מקיימת מגוון שירותים כגון אשפוז יום ילדים ומרפאות מקצועיות.,,,,4.5,61,9,27,13,14,13,3,"16,954.00","19,965.92","3,011.92",52,40,78.43%,11,21.57%,84.92%,4.6,,88.27%,5,8,9,4,7,8,13,6 - 9,
,מ''ר בינוני,מרכז רפואי כרמל,פנימית,א,https://hospitals.clalit.co.il/carmel/he/Departments-and-Outpatient-Clinics-main/Clinical-departments-and-clinics/Internal-medicine/Pages/InternalMedicineA.aspx,ד׳׳ר,סמיר קאסם,samirqa@clalit.org.il,,,,,,,"יחידה מובילה במתן שירות למטופל ומשפחתו, אשר מהווה שדה קליני ואקדמי לטיפול בחולה הפנימי הקשה והמורכב. היחידה מתאפיינת בגישתה הייחודית למטופל ולמכלול צרכיו ופועלת בצוות רב - מקצועי אשר דואג לרצף טיפולי מאשפוז ועד התאמת מסגרת בשחרור.",,,,4,53,6,30,23,11,2,0,"16,954.00","19,965.92","3,011.92",49,18,37.50%,30,62.50%,53.19%,4.9,,74.85%,4,7,7,9,10,5,11,6 - 10,
,מ''ר בינוני,מרכז רפואי כרמל,פנימית,ב,https://hospitals.clalit.co.il/carmel/he/Departments-and-Outpatient-Clinics-main/Clinical-departments-and-clinics/Internal-medicine/Pages/InternalMedicineB.aspx,ד׳׳ר,שי כהן,ShaiCo@clalit.org.il,,,,,,,"מחלקה פנימית ב' הינה חלק מהחטיבה הפנימית בכרמל. במחלקה 33 מיטות אשפוז, 3 מיטות לטיפול מוגבר וייחודה הוא טיפול בחולים המטולוגים כמו חולי סרטן מסוג לימפומה או לוקמיה באמצעות שיטות טיפול מתקדמות.",,,,4,53,6,30,23,11,2,0,"16,954.00","19,965.92","3,011.92",49,18,37.50%,30,62.50%,53.19%,4.9,,74.85%,4,7,7,9,10,5,11,6 - 10,
,מ''ר בינוני,מרכז רפואי כרמל,פנימית,ג,https://hospitals.clalit.co.il/carmel/he/Departments-and-Outpatient-Clinics-main/Clinical-departments-and-clinics/Internal-medicine/Pages/InternalMedicineC.aspx,ד׳׳ר,אירנה ברגמן,IrinaBr3@clalit.org.il,,,,,,,"צוות מחלקה מעניק למטופלים טיפול מקצועי, בטוח ואיכותי.",,,,4,53,6,30,23,11,2,0,"16,954.00","19,965.92","3,011.92",49,18,37.50%,30,62.50%,53.19%,4.9,,74.85%,4,7,7,9,10,5,11,6 - 10,
,מ''ר בינוני,מרכז רפואי כרמל,קרדיולוגיה,,https://hospitals.clalit.co.il/carmel/he/Departments-and-Outpatient-Clinics-main/Clinical-departments-and-clinics/Cardiology/Pages/Cardiology-Hospitalization-Department.aspx,ד׳׳ר,בשיר כרכבי,bkarkabi@clalit.org.il,,,,,,,"המערך כולל שלוש מחלקות אשפוזיות: טיפול נמרץ לב, קרדיולוגיה, ויחידה לטיפול לאחר צנתורים ומספק טיפול איכותי בחולים המאושפזים תוך שימת דגש על מקצועיות, אנושיות וחדשנות.",,,,6.5,84,9,13,3,2,0,0,"16,954.00","19,965.92","3,011.92",3,1,33.33%,2,66.67%,#DIV/0!,4.5,,#DIV/0!,1,3,1,3,3,2,1,1 - 3,
,מ''ר בינוני,מרכז רפואי כרמל,כירורגיה כללית,א,https://hospitals.clalit.co.il/carmel/he/Departments-and-Outpatient-Clinics-main/Clinical-departments-and-clinics/Surgical-world/Pages/SurgicalA.aspx,ד׳׳ר,אריה ביטרמן,bitterman@clalit.org.il,,,,,,,"מגוון רחב של חולים עם מחלות דחופות ואלקטיביות, מטופלים במחלקה כירורגית א'. ניתוחי בקע, כיס המרה ודרכי המרה, מחלות שד, המעי הגס, הקיבה, לבלב, כבד, בלוטת המגן, מחלות פי הטבעת. הניתוחים מבוצעים בטכניקות עדכניות כולל השימוש בשיטת הלפרוסקופיה.",,,,6,95,8,7,4,9,6,1,"16,954.00","19,965.92","3,011.92",26,6,23.08%,20,76.92%,84.75%,5,,68.56%,1,4,2,1,1,3,4,1 - 4,
,מ''ר בינוני,מרכז רפואי כרמל,כירורגיה כללית,ב,https://hospitals.clalit.co.il/carmel/he/Departments-and-Outpatient-Clinics-main/Clinical-departments-and-clinics/Surgical-world/Pages/SurgicalB.aspx,פרופ׳,ריאד חדאד,RiadHa@clalit.org.il,,,,,,,תחומי הפעילות במחלקה כוללים מגוון רחב של ניתוחים עקב מחלות כירורגיות דחופות ואלקטיביות (שאינן דחופות).,,,,6,95,8,7,4,9,6,1,"16,954.00","19,965.92","3,011.92",26,6,23.08%,20,76.92%,84.75%,5,,68.56%,1,4,2,1,1,3,4,1 - 4,
,מ''ר בינוני,מרכז רפואי כרמל,כירורגיה פלסטית ואסתטית,,https://hospitals.clalit.co.il/carmel/he/Departments-and-Outpatient-Clinics-main/Clinical-departments-and-clinics/Pages/Plastic-Surgery.aspx,ד׳׳ר,עיסא מטאנס,IsaMa@clalit.org.il,,,,,,,"תחומי הפעילות במחלקה כוללים ניתוחי שדיים, תיקון של מומים מולדים, שחזורים של עצב הפנים, דופן הבטן ובית החזה, כריתת גידולי עור, טראומה וכוויות, טיפול בפצעים קשי ריפוי, טיפול ושיפור צלקות ושיתופי פעולה עם מחלקות שונות בבית החולים.",,,,6,#DIV/0!,31,0,2,1,3,0,"16,954.00","19,965.92","3,011.92",4,3,75.00%,1,25.00%,74.65%,4.5,,66.60%,0,0,1,0,1,1,1,0 - 1,
,מ''ר בינוני,מרכז רפואי כרמל,כירורגיה אורולוגית,,https://hospitals.clalit.co.il/carmel/he/Departments-and-Outpatient-Clinics-main/Clinical-departments-and-clinics/urology/Pages/default.aspx,ד׳׳ר,יורם דקל,yoramd@clalit.org.il,,,,,,,"המחלקה האורולוגית מפעילה מערכת מסונפת לטיפול במגוון תחומים באורולוגיה. רופאי המחלקה הבכירים האחראים על תחומים אלו הם בוגרי השתלמויות ספציפיות בחו""ל, ומהווים כיום מוקדי מצוינות וכתובת להפניית חולים מכל הארץ.",,,,6,78,2,7,1,0,3,0,"16,954.00","19,965.92","3,011.92",13,1,8.33%,11,91.67%,67.19%,5,,74.33%,2,0,1,1,2,1,2,1 - 2,
,מ''ר בינוני,מרכז רפואי כרמל,נוירולוגיה,,https://hospitals.clalit.co.il/carmel/he/Departments-and-Outpatient-Clinics-main/Clinical-departments-and-clinics/Neurology-world/Pages/Neurology.aspx,ד׳׳ר,סיון בלוך,SivanBl2@clalit.org.il,,,,,,,"המחלקה מטפלת, מאבחנת ועוקבת אחרי חולים הסובלים ממחלות הקשורות למערכת העצבים המרכזית וההיקפית וכן במחלות שריר.",,,,5,60,5,3,2,2,2,0,"16,954.00","19,965.92","3,011.92",11,5,45.45%,6,54.55%,66.47%,4.6,,78.95%,0,3,2,1,1,2,0,1 - 2,
,מ''ר בינוני,מרכז רפואי כרמל,גריאטריה,,https://hospitals.clalit.co.il/carmel/he/Departments-and-Outpatient-Clinics-main/Clinical-departments-and-clinics/Pages/geriatrics.aspx,ד׳׳ר,אולגה פבליצ'ב,olgapav@clalit.org.il,,,,,,,"במחלקה הגריאטרית מטופלים קשישים בני 75 ומעלה ומבוצעות בה פעולות אבחון, טיפול ושיקום לטווח קצר עד בינוני. במחלקה 28 מיטות אשפוז ,מרפאת ייעוץ גריאטרי ומרפאת אבחון קוגניטיבי.",,,,4.5,72,28,1,1,1,4,2,"16,954.00","19,965.92","3,011.92",12,4,33.33%,8,66.67%,35.32%,4.1,,65.59%,1,2,3,1,2,1,4,1 - 3,
,מ''ר בינוני,מרכז רפואי כרמל,רדיולוגיה (דימות),,https://hospitals.clalit.co.il/carmel/he/departments-and-outpatient-clinics-main/institutes-and-laboratories/imaging-x-ray/pages/ct-computed-tomography.aspx,ד׳׳ר,נטליה גולדברג,renoffice@clalit.org.il,,,,,,,"המחלקה לניתוחי לב וחזה במרכז רפואי כרמל הוקמה בשנת 1984 ומאז היא נחשבת למחלקה מן המובילות בתחומה, המחלקה מטפלת במגוון רחב של חולים בשיטות הניתוחיות המתקדמות והחדישות ביותר.",,,,5,63,9,1,8,4,1,2,"16,954.00","19,965.92","3,011.92",15,4,28.57%,10,71.43%,78.40%,4.7,,73.50%,0,4,1,2,0,3,5,1 - 4,
,מ''ר בינוני,מרכז רפואי כרמל,כירורגיה של בית החזה,,https://hospitals.clalit.co.il/carmel/he/Departments-and-Outpatient-Clinics-main/Clinical-departments-and-clinics/Chest-Heart-Surgery/Pages/ChestHeartSurgery.aspx,ד׳׳ר,ויקטור רובצ'בסקי,VictorRu@clalit.org.il,,,,,,,,,,,6,105,10,2,4,1,0,0,"16,954.00","19,965.92","3,011.92",11,2,18.18%,9,81.82%,91.89%,4.5,,84.88%,0,0,1,2,1,0,2,0 - 2,
,מ''ר בינוני,מרכז רפואי כרמל,יילוד וגינקולוגיה,,https://hospitals.clalit.co.il/carmel/he/Departments-and-Outpatient-Clinics-main/Clinical-departments-and-clinics/Obstetrics-and-Gynecology/Gynecology/Pages/Women-Department.aspx,פרופ׳,עופר לביא,Lavi_ofer@clalit.org.il,,,,,,,"במחלקה מאושפזות מטופלות לפני ולאחר ניתוח מסיבות שפירות, נשים עם ממאירויות של מערכת הרבייה ונשים הזקוקות לאשפוז לצורך אבחון וטיפול ללא ניתוח.",,,,6,77,6,11,12,11,5,0,"16,954.00","19,965.92","3,011.92",32,28,87.50%,4,12.50%,74.40%,4.7,,82.48%,6,3,3,3,4,4,4,3 - 4,
,מ''ר בינוני,מרכז רפואי כרמל,אורתופדיה,,https://hospitals.clalit.co.il/carmel/he/Departments-and-Outpatient-Clinics-main/Clinical-departments-and-clinics/orthopedics/Pages/DepartmentOrthopedics.aspx,ד׳׳ר,ירון ברקוביץ,YARONBER@clalit.org.il,,,,,,,"המחלקה לאורתופדיה מקיימת פעילות עניפה ומגוונת על מנת להעניק את הפתרון היעיל, האיכותי והמקצועי ביותר למגוון רחב ביותר של בעיות רפואיות בתחום הפתולוגיה של מערכת השלד.",,,,6,77,10,5,8,8,0,5,"16,954.00","19,965.92","3,011.92",25,2,8.33%,22,91.67%,70.66%,5.2,,69.70%,1,1,2,3,4,4,4,2 - 4,
,מ''ר בינוני,מרכז רפואי כרמל,בריאות הציבור,,,,,,,,,,,,,,,,4,#DIV/0!,25,0,1,0,0,1,"16,954.00","19,965.92","3,011.92",5,2,40.00%,3,60.00%,71.46%,4.5,,85.72%,1,0,0,0,1,1,1,0 - 1,
,מ''ר בינוני,מרכז רפואי כרמל,רפואה דחופה,,https://hospitals.clalit.co.il/carmel/he/Departments-and-Outpatient-Clinics-main/Clinical-departments-and-clinics/er-world/Pages/Emergency-Medicine.aspx,ד׳׳ר,סלים חלבי,SalimHa@clalit.org.il,,,,,,,"המלר''ד (מחלקה לרפואה דחופה) במרכז רפואי כרמל, משרת את אזור חיפה, הקריות וישובי הסביבה. למחלקה לרפואה דחופה פונים כ- 80,000 חולים בממוצע בשנה והיא ערוכה לקליטת נפגעים מפיגוע המוני",,,,4.5,58,10,3,2,2,2,0,"16,954.00","19,965.92","3,011.92",5,4,80.00%,1,20.00%,66.27%,4.5,,75.55%,0,1,3,0,1,0,2,0 - 2,
,מ''ר בינוני,מרכז רפואי כרמל,כירורגית כלי דם,,https://hospitals.clalit.co.il/carmel/he/Departments-and-Outpatient-Clinics-main/Clinical-departments-and-clinics/Pages/BloodVessel-unit.aspx,ד׳׳ר,האשם חאיכ,hasaemha@clalit.org.il,,,,,,,"מחלקת כלי דם, מתמחה בטיפולים של מחלות הוותין הבטני והחזי, מעקפים לרגליים (הצלת גפיים בחולים סכרתיים), עורקי התרדמה (למניעת אירוע מוחי) ועורקים וורידים לאברים שונים בגוף.",,,,6,90,6,2,3,1,0,1,"16,954.00","19,965.92","3,011.92",6,2,33.33%,4,66.67%,73.91%,4.5,,67.30%,1,3,0,1,1,1,1,1 - 1,
,מ''ר בינוני,מרכז רפואי כרמל,פתולוגיה,,https://hospitals.clalit.co.il/carmel/he/Departments-and-Outpatient-Clinics-main/Institutes-and-Laboratories/Pages/Pathology.aspx,פרופ׳,אדמונד סבו,EdmondSa@clalit.org.il,,,,,,,"המכון לפתולוגיה משרת את כלל מחלקות ביה""ח. צוות המכון לפתולוגיה עוסק באיתור וזיהוי קיומן של מחלות שונות ואבחון דרגת חומרתן בהתבסס על ממצאי דגימות שנלקחו מהמטופלים. בהתאם לאבחנה הפתולוגית מגבש הרופא המטפל את תוכנית הטיפולים המתאימה למטופל.",,,,5,84,5,2,3,1,1,0,"16,954.00","19,965.92","3,011.92",11,7,70.00%,3,30.00%,56.12%,4.5,,58.07%,0,1,0,0,1,0,2,0 - 1,
,מ''ר בינוני,מרכז רפואי כרמל,פסיכיאטריה,,,,,,,,,,,,,,,,4.5,#DIV/0!,#N/A,0,0,0,0,0,"16,954.00","19,965.92","3,011.92",2,1,50.00%,1,50.00%,78.17%,4.7,,62.28%,0,0,0,0,0,0,0,0 - 0,
,מ''ר בינוני,מרכז רפואי כרמל,אונקולוגיה,,,,,,,,,,,,,,,,5.5,#DIV/0!,15,1,1,1,1,0,"16,954.00","19,965.92","3,011.92",2,2,100.00%,0,0.00%,77.68%,4.7,,69.12%,0,1,2,0,0,0,0,0 - 1,
,מ''ר בינוני,מרכז רפואי כרמל,רפואה גרעינית,,https://hospitals.clalit.co.il/carmel/he/Departments-and-Outpatient-Clinics-main/Institutes-and-Laboratories/Pages/nuclear-medicine.aspx,ד׳׳ר,מאיה מור,MayaMo2@clalit.org.il,,,,,,,במכון לרפואה גרעינית (איזוטופים) מבוצעות בדיקות לחולים מאושפזים ולנבדקים אמבולטורים המופנים ממרפאות הקהילה.,,,,4.5,#DIV/0!,#N/A,0,0,0,0,0,"16,954.00","19,965.92","3,011.92",0,0,#DIV/0!,0,#DIV/0!,58.33%,4.5,,51.83%,0,0,0,0,0,0,0,0 - 0,
,מ''ר בינוני,"ביה""ח הדסה עין כרם",הרדמה,,,פרופ׳, ראובן פיזוב, pizovr@hadassah.org.il,,ד׳׳ר,,סטפן לדוט, ledot@hadassah.org.il,,,,,,5,70,3,21,10,4,5,2,"16,954.00","19,965.92","3,011.92",57,16,29.09%,39,70.91%,52.75%,4.5,,61.25%,9,6,15,8,2,7,5,6 - 9,
,מ''ר בינוני,"ביה""ח הדסה עין כרם",רפואת ילדים,,,פרופ׳,אריאל טננבאום,,,,,פוריה אמסטר,poriyaa@hadassah.org.il,,,,,,4.5,64,3,27,15,7,2,1,"16,954.00","19,965.92","3,011.92",33,19,57.58%,14,42.42%,84.92%,4.6,,88.27%,4,6,7,4,8,8,11,5 - 8,
,מ''ר בינוני,"ביה""ח הדסה עין כרם",פסיכיאטריה,,,ד׳׳ר,עמית לוטן,,,,,נועה יקירבית אמיר,noay@hadassah.org.il,,,,,,4.5,61,2,8,4,0,0,0,"16,954.00","19,965.92","3,011.92",10,4,40.00%,6,60.00%,78.17%,4.7,,62.28%,2,3,1,3,1,1,2,1 - 3,
,מ''ר בינוני,"ביה""ח הדסה עין כרם",פנימית,א,,פרופ׳,אביבית כהן,,,ד׳׳ר,רופא בכיר,אריאל קניג,arielk@hadassah.org.il,,,,,,4,49,3,48,27,9,2,1,"16,954.00","19,965.92","3,011.92",41,18,43.90%,23,56.10%,53.19%,4.9,,74.85%,7,6,15,16,19,12,10,9 - 16,
,מ''ר בינוני,"ביה""ח הדסה עין כרם",פנימית,ב,,פרופ׳,עידו בן דב,Iddo@hadassah.org.il,,,,,,,,,,,4,49,3,48,27,9,2,1,"16,954.00","19,965.92","3,011.92",41,18,43.90%,23,56.10%,53.19%,4.9,,74.85%,7,6,15,16,19,12,10,9 - 16,
,מ''ר בינוני,"ביה""ח הדסה עין כרם",פנימית,ג,,פרופ׳,אלון הרשקו,alonh@hadassah.org.il,,,,,,,,,,,4,49,3,48,27,9,2,1,"16,954.00","19,965.92","3,011.92",41,18,43.90%,23,56.10%,53.19%,4.9,,74.85%,7,6,15,16,19,12,10,9 - 16,
,מ''ר בינוני,"ביה""ח הדסה עין כרם",פנימית,ד,,פרופ׳,צבי פרידלנדר,fridlender@hadassah.org.il,,,,,,,,,,,4,49,3,48,27,9,2,1,"16,954.00","19,965.92","3,011.92",41,18,43.90%,23,56.10%,53.19%,4.9,,74.85%,7,6,15,16,19,12,10,9 - 16,
,מ''ר בינוני,"ביה""ח הדסה עין כרם",כירורגיה פלסטית ואסתטית,,,פרופ׳,אלכסנדר מרגוליס,,,,,איזבלה אליהו,bell@hadassah.org.il,,,,,,6,69,15,3,2,1,2,1,"16,954.00","19,965.92","3,011.92",12,2,16.67%,10,83.33%,74.65%,4.5,,66.60%,0,1,0,2,3,1,1,1 - 2,
,מ''ר בינוני,"ביה""ח הדסה עין כרם",מחלות עיניים,,,פרופ׳,איתי חוברס,Eyes@hadassah.org.il,,,,,,,,,,,5,70,3,2,3,5,1,0,"16,954.00","19,965.92","3,011.92",14,7,50.00%,7,50.00%,76.38%,4.5,,71.61%,3,1,2,3,2,2,1,2 - 3,
,מ''ר בינוני,"ביה""ח הדסה עין כרם",אונקולוגיה,,,ד׳׳ר,ג׳וש מוס,joshm@hadassah.org.il,,,,,,,,,,,5.5,67,4,4,2,3,0,0,"16,954.00","19,965.92","3,011.92",16,10,66.67%,5,33.33%,77.68%,4.7,,69.12%,0,4,0,2,3,0,3,0 - 3,
,מ''ר בינוני,"ביה""ח הדסה עין כרם",אורתופדיה,,,פרופ׳,רם מושיוב,,,,,היל סנדורי, hilas@hadassah.org.il,,,,,,6,80,6,8,7,4,3,1,"16,954.00","19,965.92","3,011.92",23,7,30.43%,16,69.57%,70.66%,5.2,,69.70%,5,2,4,1,2,4,6,2 - 5,
,מ''ר בינוני,"ביה""ח הדסה עין כרם",כירורגיה כללית,,,פרופ׳,אלון פיקרסקי,alizs@hadassah.org.il,,,,,,,,,,,6,78,3,8,2,5,1,1,"16,954.00","19,965.92","3,011.92",20,8,42.11%,11,57.89%,84.75%,5,,68.56%,1,1,1,5,3,3,3,1 - 3,
,מ''ר בינוני,"ביה""ח הדסה עין כרם",רדיולוגיה (דימות),משולב הדסות,https://he.hadassah.org.il/medicine-specialization/imaging-medicine/,פרופ׳, סוסנה יעקב,,,גב׳,מזכירת המכון,אביטל עזרא, avitale@hadaasah.org.il,,,,,,5,69,4,6,4,2,1,1,"16,954.00","19,965.92","3,011.92",17,8,47.06%,9,52.94%,78.40%,4.7,,73.50%,6,2,3,2,3,2,4,2 - 4,
,מ''ר בינוני,"ביה""ח הדסה עין כרם",כירורגית כלי דם,,https://he.hadassah.org.il/medicine-specialization/vascular-surgery-ek/#contact-us--73wswloo0u,,,,,גב׳,מזכירת המחלקה,אריאל פליקס,Arielaf@hadassah.org.il,,"מערך כירורגית כלי דם בבית חולים הדסה נחשב למרכז שלישוני מוביל בתחום כירורגית כלי דם בישראל וכולל:

מחלקת אשפוז כירורגית כלי דם (כ-20 מיטות אשפוז).
חדר ניתוח היברידי - המאפשר שילוב יכולות ניתוחיות ויכולות אנגיו באותה הפרוצדורה.
מרפאות כלי דם.
מעבדת כלי דם ייעודית - הכוללת מכשור מתקדם וצוות בעל ניסיון רב באבחון מחלות כלי דם.
יחידה לרפואה היפרבארית הכוללת מספר תאים בודדים (MONOPLACE) ותא רב מטופלים (MULTIPLACE).
קליניקה ייעודית לטיפול בוורידים (מרפאה וחדר טיפולים ייעודי).
מערך כירורגית כלי דם בהדסה מטפל בחולים הסובלים ממחלות כלי דם (עורקים וורידים). הטיפולים מבוצעים בגישות טיפול שונות: טיפול שמרני (תרופתי/חמצן היפרבארי); התערבות זעיר פולשנית באופן אנדווסקולרי (צינטור); ניתוח פתוח; גישה היברידית הכוללת שילוב של ניתוח פתוח, פעולה אנדווסקולרית והשלמת טיפול עם תרופות וחמצן היפרבארי במידת הצורך.",,,,6,70,7,2,2,1,0,0,"16,954.00","19,965.92","3,011.92",3,0,0.00%,3,100.00%,73.91%,4.5,,67.30%,2,1,0,1,0,1,1,1 - 1,
,מ''ר בינוני,"ביה""ח הדסה עין כרם",פסיכיאטריה של הילד והמתבגר,,,ד׳׳ר,עמית שלו,shalevamit@gmail.com,,,,,,,,,,,5,65,3,3,2,1,1,0,"16,954.00","19,965.92","3,011.92",8,4,50.00%,4,50.00%,#DIV/0!,4.5,,73.37%,1,0,0,0,2,3,3,0 - 3,
,מ''ר בינוני,"ביה""ח הדסה עין כרם",פתולוגיה,,,ד׳׳ר,צחי נוימן,tneuman@hadassah.org.il,,ד׳׳ר,רופאה בכירה,קרין אטלן,karin@hadassah.org.il,,,,,,5,59,6,0,1,3,0,0,"16,954.00","19,965.92","3,011.92",5,1,20.00%,4,80.00%,56.12%,4.5,,58.07%,1,1,1,0,0,0,3,0 - 1,
,מ''ר בינוני,"ביה""ח הדסה עין כרם",קרדיולוגיה,,,פרופ׳,עופר אמיר,,,גב׳,מזכירת המחלקה,נירה תורג׳מן, nira@hadassah.org.il,,,,,,6.5,85,43,2,5,3,0,0,"16,954.00","19,965.92","3,011.92",2,0,0.00%,2,100.00%,#DIV/0!,4.5,,#DIV/0!,4,0,3,2,4,2,3,2 - 4,
,מ''ר בינוני,"ביה""ח הדסה עין כרם",אף אוזן גרון,,,פרופ׳,רון אלישר,,,ד׳׳ר,רופאה בכירה,שגית שטרן שביט,sagitst@hadassah.org.il,,,,,,6,83,13,1,4,4,2,0,"16,954.00","19,965.92","3,011.92",13,3,23.08%,10,76.92%,80.08%,4.8,,76.61%,2,2,1,2,1,2,2,2 - 2,
,מ''ר בינוני,"ביה""ח הדסה עין כרם",רפואה דחופה,,,ד׳׳ר,אחמד נעמה,ahmaa@hadassah.org.il,,ד׳׳ר,רופא בכיר,אברהם אלפרט, AVRAHAMAL@hadassah.org.il,,,,,,4.5,78,5,5,2,2,1,0,"16,954.00","19,965.92","3,011.92",12,5,41.67%,7,58.33%,66.27%,4.5,,75.55%,1,4,1,2,5,3,4,2 - 4,
,מ''ר בינוני,"ביה""ח הדסה עין כרם",נוירולוגיה,,,פרופ׳,דנה אקשטיין, dekstein@hadassah.org.il,,פרופ׳,רופאה בכירה,עדי וקנין,avaknin@hadassah.org.il,,,,,,5,64,2,8,6,3,0,0,"16,954.00","19,965.92","3,011.92",15,4,26.67%,11,73.33%,66.47%,4.6,,78.95%,1,1,3,3,0,3,3,1 - 3,
,מ''ר בינוני,"ביה""ח הדסה עין כרם",נוירוכירורגיה,,,פרופ׳,צבי ישראל, israelz@hadassah.org.il,,,,,,,,,,,6,98,3,2,1,1,0,1,"16,954.00","19,965.92","3,011.92",11,2,18.18%,9,81.82%,88.31%,4.5,,66.00%,2,3,1,2,0,0,1,1 - 2,
,מ''ר בינוני,"ביה""ח הדסה עין כרם",רפואת עור,,https://he.hadassah.org.il/medicine-specialization/dermatology/,פרופ׳,ורד מולכו פסח,rverem@hadassah.org.il,,,,,,,"מחלקת עור ומין במרכז הרפואי האוניברסיטאי הדסה הינה מחלקת העור הוותיקה ביותר בארץ, אשר הוקמה בשנת 1919. המחלקה משמשת כמרכז שלישוני למטופלים עם בעיות עור מירושלים והסביבה, אך גם מרחבי הארץ ואף מהעולם. במחלקה מטופלים מעל 20,000 חולים מדי שנה ביחידות השונות של המחלקה הכוללות מרפאות, מחלקת אשפוז, אשפוז יום ומכון פוטותרפיה. במסגרת מחלקת עור ניתנים שירותים מגוונים בכלל התחומים ברפואת עור. פעילות המחלקה העיקרית הינה בהדסה עין כרם, אך אנו נותנים שירות בתחום רפואת העור גם בהדסה הר הצופים.",,,,5,68,7,2,8,6,4,0,"16,954.00","19,965.92","3,011.92",21,17,80.95%,4,19.05%,86.03%,4.5,,79.63%,2,2,3,2,1,3,6,2 - 3,
,מ''ר בינוני,"ביה""ח הדסה עין כרם",יילוד וגינקולוגיה,,,פרופ׳, דוד שויקי,,,,,שרון שטרית, SHARONS@HADASSAH.ORG.IL,,,,,,6,77,4,14,6,3,2,1,"16,954.00","19,965.92","3,011.92",31,23,74.19%,8,25.81%,74.40%,4.7,,82.48%,2,1,3,5,7,3,6,3 - 6,
,מ''ר בינוני,"ביה""ח הדסה עין כרם",כירורגיה אורולוגית,,,פרופ׳,עופר גרפית,ogofrit@gmail.com,,,,,,,,,,,6,75,3,3,0,0,2,0,"16,954.00","19,965.92","3,011.92",7,0,0.00%,6,100.00%,67.19%,5,,74.33%,2,0,1,0,2,0,1,0 - 2,
,מ''ר בינוני,"ביה""ח הדסה עין כרם",בריאות הציבור,,,,,,,,,,,,,,,,4,#DIV/0!,#N/A,0,0,0,0,0,"16,954.00","19,965.92","3,011.92",1,1,100.00%,0,0.00%,71.46%,4.5,,85.72%,0,0,0,0,0,0,0,0 - 0,
,מ''ר בינוני,"ביה""ח הדסה עין כרם",כירורגיה של בית החזה,,,ד׳׳ר,עמית קרח,ramitk@hadassah.org.il,,פרופ׳,רופא בכיר,אורי ולד, ori.wald@mail.huji.ac.il,,,,,,6,#DIV/0!,3,3,1,0,0,0,"16,954.00","19,965.92","3,011.92",7,0,0.00%,6,100.00%,91.89%,4.5,,84.88%,0,1,1,0,1,0,1,0 - 1,
,מ''ר בינוני,"ביה""ח הדסה עין כרם",כירורגית ילדים,,https://he.hadassah.org.il/children/peds-surgery-enkarem/,פרופ׳, דן ארבל,danar@hadassah.org.il,,,,,,,"המחלקה לכירורגיית ילדים מטפלת בתינוקות ובילדים עד גיל 18, וכוללת 10 תת-תחומים של כירורגיה. למחלקה התמחות מיוחדת בניתוחים לפרוסקופיים מתקדמים ובניתוחים טורקוסקופיים מתקדמים. מבוצעים במחלקה מגוון רחב של ניתוחים בשיטות אלו לטמירות אשכים, כריתות טחול וגידולים בטניים, ניתוחים לתיקון רפלוקס קיבתי-ושטי, כריתות כיס מרה בילדים וכן כריתת התוספתן (אפנדציט). במחלקה מבוצעים גם ניתוחים טורקוסקופיים מתקדמים, סימפטקטומיה להזעת-יתר, כריתות גידולים בחזה, ביופסיות ריאתיות וטיפול טורקוסקופי בזיהומים סביב הריאה.",,,,6,#DIV/0!,#N/A,1,0,1,0,0,"16,954.00","19,965.92","3,011.92",0,0,#DIV/0!,0,#DIV/0!,84.85%,4.5,,66.67%,1,1,0,1,0,0,1,0 - 1,
,מ''ר בינוני,"ביה""ח הדסה עין כרם",רפואה גרעינית,,https://he.hadassah.org.il/medicine-specialization/specialization-in-nuclear-medicine/,פרופ׳,סימונה בן-חיים,simonabh@hadassah.org.il,,,,,,,"המחלקה לרפואה גרעינית ממוקמת בבית החולים ""הדסה"" עין-כרם.

המחלקה מציעה אבחון במגוון רחב של תחומים, כולל אונקולוגיה, זיהומים, קרדיולוגיה, ריאות, נוירולוגיה, נפרולוגיה, אורטופדיה ועוד. כמו כן המחלקה מובילה במתן טיפוליים בחומרים רדיואקטיביים בישראל, ומוכרת כמרכז מצוינות לטיפול בגידולים נוירואנדוקריניים.

במחלקה קיימת יחידת ה- PET/CT, אשר מבצעת מגוון בדיקות PET/CT עם מגוון רב של חומרים רדיואקטיביים לאבחון מחלות שונות.",,,,4.5,58,16,1,0,2,1,0,"16,954.00","19,965.92","3,011.92",2,1,50.00%,1,50.00%,58.33%,4.5,,51.83%,3,1,2,0,1,0,0,0 - 2,
,מ''ר בינוני,"ביה""ח הדסה עין כרם",רפואה פיזיקלית ושיקום,הר צופים,,,,,,,,,,,,,,,4,#DIV/0!,#N/A,0,0,0,0,0,"16,954.00","19,965.92","3,011.92",1,0,0.00%,1,100.00%,43.49%,4.6,,44.61%,0,0,0,0,0,0,0,0 - 0,
,מ''ר בינוני,"ביה""ח הדסה עין כרם",גריאטריה,,https://he.hadassah.org.il/internal/geriatrics-enkarem/,,,,,,,,,,,,,,4.5,#DIV/0!,#N/A,0,0,0,0,0,"16,954.00","19,965.92","3,011.92",0,0,#DIV/0!,0,#DIV/0!,35.32%,4.1,,65.59%,0,0,0,0,0,0,0,0 - 0,
,מ''ר בינוני,מרכז רפואי ברזילי,יילוד וגינקולוגיה,,,פרופ׳,אייל ענתבי,profanteby55@gmail.com,,,,,,,,,,,6,94,8,2,3,6,4,2,"16,954.00","19,965.92","3,011.92",29,17,62.96%,10,37.04%,74.40%,4.7,,82.48%,3,3,3,3,1,2,3,3 - 3,
,מ''ר בינוני,מרכז רפואי ברזילי,נוירולוגיה,,,ד׳׳ר,שמואל אפל,shmuela@bmc.gov.il,,,,,,,,,,,5,64,10,1,3,2,3,1,"16,954.00","19,965.92","3,011.92",19,8,47.06%,9,52.94%,66.47%,4.6,,78.95%,0,3,1,2,2,3,0,1 - 3,
,מ''ר בינוני,מרכז רפואי ברזילי,גריאטריה,,,ד׳׳ר,רימון ערטול,,,,,,,,,,,,4.5,76,9,0,3,2,1,2,"16,954.00","19,965.92","3,011.92",24,13,54.17%,11,45.83%,35.32%,4.1,,65.59%,1,3,1,1,2,3,2,1 - 3,
,מ''ר בינוני,מרכז רפואי ברזילי,רפואת ילדים,,,ד׳׳ר,אלון פרפל,farfel@post.bgu.ac.il,,,,,,,,,,,4.5,64,7,12,12,8,6,2,"16,954.00","19,965.92","3,011.92",52,20,39.22%,31,60.78%,84.92%,4.6,,88.27%,6,2,3,7,7,8,6,5 - 7,
,מ''ר בינוני,מרכז רפואי ברזילי,אף אוזן גרון,,,פרופ׳,יהושע בן ציון ,yehoshub@bgu.ac.il,,,,,,,,,,,6,69,17,1,2,2,2,2,"16,954.00","19,965.92","3,011.92",16,3,18.75%,13,81.25%,80.08%,4.8,,76.61%,3,0,1,3,1,1,3,1 - 3,
,מ''ר בינוני,מרכז רפואי ברזילי,אורתופדיה,,,ד׳׳ר,לובובסקי עמרי,olubovsky@gmail.com,,,,,,,,,,,6,72,6,3,6,7,1,1,"16,954.00","19,965.92","3,011.92",25,2,8.00%,23,92.00%,70.66%,5.2,,69.70%,6,3,2,4,4,3,2,3 - 4,
,מ''ר בינוני,מרכז רפואי ברזילי,כירורגיה כללית,,,ד׳׳ר,אוחנה גיל,sigal.oha@gmail.com,,,,,,,,,,,6,83,13,1,3,2,1,1,"16,954.00","19,965.92","3,011.92",24,3,14.29%,18,85.71%,84.75%,5,,68.56%,0,2,0,2,2,2,0,0 - 2,
,מ''ר בינוני,מרכז רפואי ברזילי,פנימית,א,,ד׳׳ר,גולצמן בוריס,,,,,,,,,,,,4,66,6,19,22,18,10,2,"16,954.00","19,965.92","3,011.92",144,45,31.69%,97,68.31%,53.19%,4.9,,74.85%,12,5,20,8,19,9,18,9 - 19,
,מ''ר בינוני,מרכז רפואי ברזילי,פנימית,ב,,ד׳׳ר,אריה פלדמן ,arief@bgu.ac.il,,,,,,,,,,,4,66,6,19,22,18,10,2,"16,954.00","19,965.92","3,011.92",144,45,31.69%,97,68.31%,53.19%,4.9,,74.85%,12,5,20,8,19,9,18,9 - 19,
,מ''ר בינוני,מרכז רפואי ברזילי,פנימית,ג,,ד׳׳ר,לוי וארדי רונן,evirone@post.bgu.ac.il,,,,,,,,,,,4,66,6,19,22,18,10,2,"16,954.00","19,965.92","3,011.92",144,45,31.69%,97,68.31%,53.19%,4.9,,74.85%,12,5,20,8,19,9,18,9 - 19,
,מ''ר בינוני,מרכז רפואי ברזילי,פנימית,ד,,ד׳׳ר,ריי ביטון,bitonra@post.bgu.ac.il,,,,,,,,,,,4,66,6,19,22,18,10,2,"16,954.00","19,965.92","3,011.92",144,45,31.69%,97,68.31%,53.19%,4.9,,74.85%,12,5,20,8,19,9,18,9 - 19,
,מ''ר בינוני,מרכז רפואי ברזילי,פנימית,ה,,ד׳׳ר, רוזנוב אלכסנדר,,,,,,,,,,,,4,66,6,19,22,18,10,2,"16,954.00","19,965.92","3,011.92",144,45,31.69%,97,68.31%,53.19%,4.9,,74.85%,12,5,20,8,19,9,18,9 - 19,
,מ''ר בינוני,מרכז רפואי ברזילי,מחלות עיניים,,,ד׳׳ר,אלוני אייל ,aloniey@bgu.ac.il,,,,,,,,,,,5,73,8,0,8,3,1,0,"16,954.00","19,965.92","3,011.92",14,5,38.46%,8,61.54%,76.38%,4.5,,71.61%,1,3,2,0,1,2,4,1 - 3,
,מ''ר בינוני,מרכז רפואי ברזילי,אונקולוגיה,,https://www.barzilaimc.org.il/?CategoryID=241&ArticleID=304,ד׳׳ר,פלס שרון,,,,,,,,,,,,5.5,#DIV/0!,2,1,0,0,1,0,"16,954.00","19,965.92","3,011.92",1,1,100.00%,0,0.00%,77.68%,4.7,,69.12%,0,0,0,1,0,0,0,0 - 0,
,מ''ר בינוני,מרכז רפואי ברזילי,רדיולוגיה (דימות),,https://www.barzilaimc.org.il/?CategoryID=241&ArticleID=440,ד׳׳ר,צרניאבסקי יבגנייה,evgeniac@bmc.gov.il,,גב׳,מזכירת מנהלת המכון,סיניה כחלון,sinayac@bmc.gov.il,,,,,,5,63,13,5,2,4,0,2,"16,954.00","19,965.92","3,011.92",14,6,46.15%,7,53.85%,78.40%,4.7,,73.50%,2,1,1,1,2,2,3,1 - 2,
,מ''ר בינוני,מרכז רפואי ברזילי,פסיכיאטריה,,,ד׳׳ר,דניאלה עמיטל,amitald@bgu.ac.il,,,,,,,,,,,4.5,76,7,3,4,5,5,1,"16,954.00","19,965.92","3,011.92",33,12,38.71%,19,61.29%,78.17%,4.7,,62.28%,1,1,5,2,2,3,5,2 - 4,
,מ''ר בינוני,מרכז רפואי ברזילי,רפואה דחופה,,,ד׳׳ר,קלסוב ליאונורה,klassovl@bgu.ac.il,,,,,,,,,,,4.5,55,23,1,2,2,0,1,"16,954.00","19,965.92","3,011.92",11,1,9.09%,10,90.91%,66.27%,4.5,,75.55%,1,4,0,4,0,4,2,1 - 4,
,מ''ר בינוני,מרכז רפואי ברזילי,קרדיולוגיה,,,פרופ׳,חיים יוספי,yosefyc@bgu.ac.il,,,,,,,,,,,6.5,#DIV/0!,5,1,0,1,0,0,"16,954.00","19,965.92","3,011.92",4,2,50.00%,2,50.00%,#DIV/0!,4.5,,#DIV/0!,0,0,2,1,0,1,1,0 - 1,
,מ''ר בינוני,מרכז רפואי ברזילי,פסיכיאטריה של הילד והמתבגר,,https://www.barzilaimc.org.il/?CategoryID=240&ArticleID=3825,ד׳׳ר,בחטינסקי ילנה,,,גב׳,מזכירת מנהלת המכון,מרי גויטע,miriamg@bmc.gov.i,,,,,,5,#DIV/0!,56,0,0,1,1,0,"16,954.00","19,965.92","3,011.92",3,1,33.33%,2,66.67%,#DIV/0!,4.5,,73.37%,0,0,1,1,0,1,0,0 - 1,
,מ''ר בינוני,מרכז רפואי ברזילי,כירורגיה אורולוגית,,,ד׳׳ר,עסלי מורד,asli@bgu.ac.il,,,,,,,,,,,6,#DIV/0!,5,0,0,1,1,0,"16,954.00","19,965.92","3,011.92",13,2,15.38%,11,84.62%,67.19%,5,,74.33%,1,0,2,1,0,0,1,0 - 1,
,מ''ר בינוני,מרכז רפואי ברזילי,הרדמה,,,ד׳׳ר,אולג בלוגורצב,,,,,,,,,050-8508011,,,5,#DIV/0!,7,4,2,1,5,0,"16,954.00","19,965.92","3,011.92",29,6,21.43%,22,78.57%,52.75%,4.5,,61.25%,0,2,3,2,2,1,4,2 - 3,
,מ''ר בינוני,מרכז רפואי ברזילי,רפואה פיזיקלית ושיקום,,https://www.barzilaimc.org.il/?CategoryID=878&ArticleID=4195,ד׳׳ר, מיכאל ורשבסקי,,,,,,shikumkabala@bmc.gov.il,,,,,,4,#DIV/0!,2,3,3,0,0,1,"16,954.00","19,965.92","3,011.92",6,3,50.00%,3,50.00%,43.49%,4.6,,44.61%,0,0,3,1,0,1,1,0 - 1,
,מ''ר בינוני,מרכז רפואי ברזילי,כירורגיה פלסטית ואסתטית,,https://www.barzilaimc.org.il/?CategoryID=240&ArticleID=4871,ד׳׳ר, רן טליסמן,talismanmd@gmail.com,,,,,,,,,,,6,#DIV/0!,71,0,0,0,1,2,"16,954.00","19,965.92","3,011.92",3,2,66.67%,1,33.33%,74.65%,4.5,,66.60%,0,0,0,1,1,0,0,0 - 1,
,מ''ר בינוני,מרכז רפואי ברזילי,רפואה גרעינית,,https://www.barzilaimc.org.il/?CategoryID=241&ArticleID=313,ד׳׳ר,אגרנוביץ סבטלה,,,,,,,,,,,,4.5,#DIV/0!,45,0,1,0,0,0,"16,954.00","19,965.92","3,011.92",1,1,100.00%,0,0.00%,58.33%,4.5,,51.83%,0,0,0,0,1,0,0,0 - 0,
,מ''ר בינוני,מרכז רפואי ברזילי,פתולוגיה,,https://www.barzilaimc.org.il/?CategoryID=241&ArticleID=2791,פרופ׳,שקו  לוי רות,veredt@bmc.gov.il,,,,,,,,,,,5,#DIV/0!,26,0,1,0,0,0,"16,954.00","19,965.92","3,011.92",3,2,100.00%,0,0.00%,56.12%,4.5,,58.07%,1,0,0,0,0,0,1,0 - 1,
,מ''ר בינוני,המרכז הרפואי לגליל,יילוד וגינקולוגיה,,https://www.gmc.gov.il/?department=%d7%90%d7%92%d7%a3-%d7%a0%d7%a9%d7%99%d7%9d-%d7%95%d7%99%d7%95%d7%9c%d7%93%d7%95%d7%aa,פרופ׳,ליאור לבנשטיין,LiorL@gmc.gov.il,,,,,,,"אגף נשים ויולדות ע""ש רעיה שטראוס במרכז הרפואי לגליל מעניק לאישה ולאם את הטיפול המקיף, המתקדם והמקצועי ביותר בכל שלבי חייהן. האגף כולל את מחלקת נשים, חדרי לידה, מחלקת יולדות, יחידה לרפואת האם והעובר, יחידה לאולטרה סאונד מיילדות וגניקולוגי ומכון להפריה חוץ גופית.השירותים באגף ניתנים על ידי מערך רופאים ורופאות בכיר וצוות סיעודי מקצועי, אשר מטרתם היא מתן שירות איכותי, אנושי ומסירת מידע מירבי למטופל תוך שמירה על פרטיותו וכבודו. זאת בשיתוף פעולה מלא עם כל המחלקות הרפואיות במרכז הרפואי.אנו, באגף נשים ויולדות ע""ש רעיה שטראוס, אמונים על שמירת ביטחונם של הנשים, האימהות והעוברים המטופלים באגף ולכן אנו מקצים משאבים רבים בציוד טכנולוגי מתקדם ופיתוח צוות רפואי וסיעודי איכותי על מנת לשמור על רמת טיפול רפואית גבוהה לצד יחס אישי, חם ותומך.",,,,6,77,11,5,2,5,9,0,"16,954.00","19,965.92","3,011.92",32,19,63.33%,11,36.67%,74.40%,4.7,,82.48%,5,5,3,2,2,3,3,3 - 4,
,מ''ר בינוני,המרכז הרפואי לגליל,פנימית,א,https://www.gmc.gov.il/?p=10533,פרופ׳,נימר עאסי,,,,,,,,"מחלקה פנימית א' במרכז הרפואי גליל מציעה טיפול רפואי מקיף במגוון רחב של מחלות פנימיות, עם מומחיות ייחודית בתחום מחלות כבד, השתלות כבד. מדובר בפנימית הראשונה שנוסדה בבית החולים בשנות השישים, המחלקה הובילה את התפתחות הרפואה הפנימית בגליל המערבי והעמידה דורות של רופאים מובילים, ביניהם מנהלי מחלקות ברחבי הארץ.",,,,4,56,6,14,13,11,12,4,"16,954.00","19,965.92","3,011.92",110,48,44.44%,60,55.56%,53.19%,4.9,,74.85%,9,7,13,8,9,16,15,9 - 14,
,מ''ר בינוני,המרכז הרפואי לגליל,פנימית,ב,https://www.gmc.gov.il/?p=10561,ד׳׳ר,אבו ג'בל כמאל,Kamalabu@gmc.gov.il,,,,,,,"במחלקה פנימית ב' אנו מתמחים באבחון וטיפול במגוון רחב של מצבים רפואיים מורכבים. המחלקה מצוידת במכשור רפואי מתקדם ומציעה טיפול מקיף במחלות לב, בעיות נשימה, הפרעות במערכת העיכול, מחלות כבד, מחלות כליה, בעיות הורמונליות, מחלות זיהומיות ומצבים רפואיים מורכבים נוספים.",,,,4,56,6,14,13,11,12,4,"16,954.00","19,965.92","3,011.92",110,48,44.44%,60,55.56%,53.19%,4.9,,74.85%,9,7,13,8,9,16,15,9 - 14,
,מ''ר בינוני,המרכז הרפואי לגליל,פנימית,ג,https://www.gmc.gov.il/?p=10659,ד׳׳ר,דרגו רוברט,,,,,,ReutG@gmc.gov.il,,"במחלקה פנימית ג' אנו מחויבים למתן טיפול רפואי וסיעודי מקצועי ואיכותי, תוך שילוב מומחים מתחומים שונים לטובת בריאות מטופלינו. המחלקה מעניקה טיפול במגוון רחב של מחלות פנימיות כרוניות כמו סוכרת, יתר לחץ דם ומחלות לב, וכן במצבים אקוטיים כמו זיהומים חריפים, אי ספיקת לב ואי ספיקת כליות.

מחלקת פנימית ג' מתמחה במיוחד בטיפול בחולים מורכבים שאינם יציבים, הזקוקים למעקב בעזרת ניטור מתקדם. בנוסף, המחלקה מתמחה במחלות כלי דם ריאתיים כמו יתר לחץ דם ריאתי ומפעילה מרפאה ייעודית, יחידה בצפון הארץ, המעניקה מענה טיפולי ייחודי בתחום זה. פניות לייעוץ בתחום מתקבלות הן ממחלקות המרכז הרפואי והן מבתי חולים אחרים וקופות חולים באזור הצפון.",,,,4,56,6,14,13,11,12,4,"16,954.00","19,965.92","3,011.92",110,48,44.44%,60,55.56%,53.19%,4.9,,74.85%,9,7,13,8,9,16,15,9 - 14,
,מ''ר בינוני,המרכז הרפואי לגליל,פנימית,ד,https://www.gmc.gov.il/?p=10688,ד׳׳ר, בוריס סבירסקי,boris.savirsky@biu.ac.il,,,,,"meirae@gmc.gov.il
",,"מחלקה פנימית ד' במרכז הרפואי לגליל, היא אחת משש המחלקות הפנימיות הפועלות במוסדנו, המתמחות במגוון רחב של מחלות.
המחלקה שואפת להיות מחלקה מקצועית, אנושית, תוך שימת המטופל במרכז. המחלקה מקדשת את ערך טיפוח ההון האנושי, העצמתו, הן ברמה האישית והן ברמה המקצועית, תוך כדי הכשרת הרופאים המתמחים למומחיות ברפואה פנימית.
המחלקה משלבת פעילות אקדמאית ענפה ומכשירה את דור העתיד בסיעוד וברפואה גם יחד.
במחלקה פנימית ד', פועל צוות המורכב מרופאים, מומחים ומתמחים, צוות סיעודי, כוח עזר ומזכירה רפואית.",,,,4,56,6,14,13,11,12,4,"16,954.00","19,965.92","3,011.92",110,48,44.44%,60,55.56%,53.19%,4.9,,74.85%,9,7,13,8,9,16,15,9 - 14,
,מ''ר בינוני,המרכז הרפואי לגליל,פנימית,ה,https://www.gmc.gov.il/?p=10697,ד׳׳ר,סעב אמיר,amirs@gmc.gov.il,,,,,,,"המחלקה הנוירולוגית במרכז הרפואי גליל מעניקה מענה רפואי מקיף למגוון רחב של מצבים נוירולוגיים. בליבת פעילות המחלקה עומדת היחידה לטיפול דחוף בשבץ מוחי, המציעה אבחון מהיר וטיפול טרומבוליטי למקרים המתאימים. הצוות הרב-מקצועי שלנו, הכולל רופאים מומחים, אחיות מיומנות, עובדת סוציאלית, דיאטנית וצוות שיקומי מקיף, מעניק טיפול מותאם אישית לכל מטופל.
במסגרת המחלקה אנו מטפלים במגוון רחב של מצבים רפואיים, החל משבץ מוחי על כל סוגיו, דרך מחלות זיהומיות של המוח וקרומיו, ועד לאיזון מטופלים עם מחלת פרקינסון והתקפים אפילפטיים. המחלקה מצוידת במערכת EEG-Video Monitoring מתקדמת, המאפשרת ניטור ממושך לאבחון מדויק של סוגי התקפים אפילפטיים ושכיחותם.",,,,4,56,6,14,13,11,12,4,"16,954.00","19,965.92","3,011.92",110,48,44.44%,60,55.56%,53.19%,4.9,,74.85%,9,7,13,8,9,16,15,9 - 14,
,מ''ר בינוני,המרכז הרפואי לגליל,פנימית,ו,https://www.gmc.gov.il/?p=10702,ד׳׳ר,עווד ג'מאל,JamalA@gmc.gov.il,,,,,,,"מחלקה פנימית ו' במרכז הרפואי גליל מציעה שירות רפואי מקיף תוך שילוב פעילות אקדמית ענפה והכשרת דור העתיד של הרופאים. המחלקה, המשלבת טיפול קליני מתקדם עם הוראה רפואית ברמה גבוהה, מספקת ייעוץ פנימי מקצועי לאגף האורתופדי ומהווה מרכז הדרכה למתמחים, סטאז'רים, רופאי משפחה וסטודנטים לרפואה.
במחלקה פנימית ו' אנו מקיימים מערך לימודי ואקדמי מקיף המשולב בעבודה הקלינית היומיומית. מדי בוקר, מנהל המחלקה מקיים דיון מעמיק בכל מקרה רפואי בהשתתפות הרופאים הבכירים והמתמחים, מה שמבטיח איכות טיפול גבוהה ומהווה הזדמנות ללמידה משותפת.",,,,4,56,6,14,13,11,12,4,"16,954.00","19,965.92","3,011.92",110,48,44.44%,60,55.56%,53.19%,4.9,,74.85%,9,7,13,8,9,16,15,9 - 14,
,מ''ר בינוני,המרכז הרפואי לגליל,אורתופדיה,א,https://www.gmc.gov.il/?p=8838,ד׳׳ר,שטארקר חיים יפים,haims@gmc.gov.il,,,,,EitanS@gmc.gov.il,,"מחלקה אורתופדית א' במרכז הרפואי לגליל מהווה מרכז מצוינות מוביל המשלב טיפול קליני מתקדם עם מחקר אקדמי והוראה. המחלקה מוכרת להתמחות מלאה בכירורגיה אורתופדית על ידי המועצה המדעית של ההסתדרות הרפואית הישראלית, ומסונפת לפקולטה לרפואה של אוניברסיטת בר אילן בגליל.
הצוות הרב-מקצועי של המחלקה כולל מנתחים אורתופדיים מנוסים, אחיות מוסמכות, פיזיותרפיסטים ועובדים סוציאליים, המעניקים טיפול מקיף ומותאם אישית. המחלקה מספקת שירותים הן במסגרת אשפוז והן במרפאות החוץ, תוך שימוש בטכנולוגיות וטכניקות מהמתקדמות בעולם.
",,,,6,83,22,2,2,2,5,0,"16,954.00","19,965.92","3,011.92",24,0,0.00%,24,100.00%,70.66%,5.2,,69.70%,2,2,3,3,2,4,4,2 - 4,
,מ''ר בינוני,המרכז הרפואי לגליל,אורתופדיה,ב,https://www.gmc.gov.il/?p=8899,ד׳׳ר,נמרוד רחמימוב,NimrodR@gmc.gov.il,,,,,moranb@gmc.gov.il,,"יחידת עמוד השדרה במרכז הרפואי לגליל מתמחה בטיפול מקיף בכל חלקי עמוד השדרה – הצווארי, הגבי והמותני. הצוות המקצועי של היחידה מביא עמו ניסיון רב בטיפול במגוון רחב של מצבים, החל מבעיות שכיחות ועד למקרים מורכבים הדורשים התערבות כירורגית מתקדמת.

המחלקה, שהיא הגדולה והמובילה בתחומה בצפון הארץ, מטפלת במגוון רחב של מצבים הכוללים פריצות דיסק, היצרויות של תעלת השדרה, עקמת (סקוליוזיס) ועיוותים שונים של עמוד השדרה. בנוסף, הצוות מתמחה בטיפול בשברים ופציעות טראומטיות, וכן בניתוחים אונקולוגיים של עמוד השדרה.",,,,6,83,22,2,2,2,5,0,"16,954.00","19,965.92","3,011.92",24,0,0.00%,24,100.00%,70.66%,5.2,,69.70%,2,2,3,3,2,4,4,2 - 4,
,מ''ר בינוני,המרכז הרפואי לגליל,רפואה דחופה,,https://www.gmc.gov.il/?department=%D7%90%D7%92%D7%A3-%D7%9E%D7%99%D7%95%D7%9F,ד׳׳ר,עטאללה חאלד,atalla.khalid@biu.ac.il,,,,,,,"המלר""ד במרכז הרפואי גליל פועל ללא הפסקה, ומשמש כנקודת הכניסה העיקרית עבור מטופלים הנזקקים לטיפול דחוף.
הצוות הרב-מקצועי, הכולל רופאים, אחיות ואנשי צוות מסור, פועל בשיתוף פעולה הדוק עם כל מחלקות בית החולים, כדי להבטיח טיפול מהיר ויעיל במגוון רחב של מצבים רפואיים דחופים.
כל זאת, תוך שימוש בטכנולוגיות הרפואיות המתקדמות ביותר והקפדה על הכשרות מתקדמות לצוות הרפואי, מה שמאפשר להם להעניק טיפול מציל חיים ברמה הגבוהה ביותר.",,,,4.5,#DIV/0!,37,1,0,1,0,1,"16,954.00","19,965.92","3,011.92",3,0,0.00%,3,100.00%,66.27%,4.5,,75.55%,1,0,0,0,1,4,2,0 - 2,
,מ''ר בינוני,המרכז הרפואי לגליל,קרדיולוגיה,,https://www.gmc.gov.il/?p=10501,פרופ׳,שאול עטר,Shaula@gmc.gov.il,,,,,majdys@gmc.gov.il,,"המערך הקרדיולוגי במרכז הרפואי לגליל מוביל בטיפול במחלות לב בצפון הארץ. המערך משלב טיפול רפואי מתקדם, מחקר חדשני והוראה אקדמית, ומורכב ממספר יחידות מקצועיות המספקות מענה מקיף לכל סוגי מחלות הלב.
המחלקה הקרדיולוגית מטפלת במגוון מחלות לב המצריכות אשפוז. המחלקה מצוידת במערכת ניטור אלחוטית מתקדמת המאפשרת מעקב רציף אחר מצב המטופלים תוך שמירה על ניידותם. במחלקה מטופלים חולים שעברו אוטם שריר הלב, מטופלים עם אי ספיקת לב, מטופלים לפני ואחרי צנתור, ומטופלים לפני ואחרי השתלת קוצב לב או צריבה של הפרעות קצב.",,,,6.5,70,5,1,0,1,1,0,"16,954.00","19,965.92","3,011.92",4,2,50.00%,2,50.00%,#DIV/0!,4.5,,#DIV/0!,3,0,1,0,1,1,1,1 - 1,
,מ''ר בינוני,המרכז הרפואי לגליל,כירורגיה כללית,א,https://www.gmc.gov.il/?p=8742,ד׳׳ר, אלי קקיאשוילי,eilia.kakishvili@biu.ac.il,,,,,MiriamC@gmc.gov.il,,"מחלקת כירורגיה א' במרכז הרפואי לגליל מספקת מענה כירורגי מקיף במגוון תחומים. המחלקה, המהווה חלק מהאגף הכירורגי, כוללת בתחומה את היחידה לכירורגיית כלי דם, והיחידה לניתוחי שד.

במחלקה מתבצעים ניתוחים אלקטיביים וניתוחים דחופים: בתחום הניתוחים הדחופים המחלקה מטפלת בתהליכים דלקתיים המחייבים התערבות כירורגית מידית, כגון מורסות, דלקת תוספתן וסיבוכי מחלות מעי דלקתית. כמו כן, מתבצעים ניתוחים דחופים במקרים של חסימות מעיים, בקעים כלואים, התנקבות של איבר חלול וניתוחי טראומה מכל הסוגים.",,,,6,81,16,0,2,2,4,1,"16,954.00","19,965.92","3,011.92",19,4,22.22%,14,77.78%,84.75%,5,,68.56%,2,4,2,1,2,2,2,2 - 2,
,מ''ר בינוני,המרכז הרפואי לגליל,כירורגיה כללית,ב,https://www.gmc.gov.il/?p=8759,ד׳׳ר,פראג מועאד,moaad.farraj@biu.ac.il,,,,,hadash@gmc.gov.il,,"המחלקה לכירורגיה כללית ב' במרכז הרפואי לגליל מהווה מרכז מוביל בתחום הכירורגיה הכללית. המחלקה נותנת מענה רפואי מקיף במגוון רחב של תחומי הכירורגיה הכללית ע""י מנתחים מומחים בתחומם, ומשלבת טיפול קליני מתקדם עם מצוינות אקדמית.

במחלקה יחידה אונקולוגית המנוהלת ע""י מומחה לניתוחי כבד לבלב ודרכי מרה. הצוות מטפל במגוון רחב של פרוצדורות כירורגיות, כולל ניתוחי כבד לבלב דרכי מרה וניתוחים אונקולוגים מורכבים בגישות שונות- גישה פתוחה, לפרוסקופית זעיר פולשנית ורובוטית. במסגרת היחידה מתקיימות ישיבות רב תחומיות על כל מקרה בשיתוף המחלקות לאונקולוגיה, דימות, גסטרו, רפואה גרעינית ופתולוגיה ומתבצע מעקב לאחר הניתוחים במרפאה.",,,,6,81,16,0,2,2,4,1,"16,954.00","19,965.92","3,011.92",19,4,22.22%,14,77.78%,84.75%,5,,68.56%,2,4,2,1,2,2,2,2 - 2,
,מ''ר בינוני,המרכז הרפואי לגליל,אונקולוגיה,,https://www.gmc.gov.il/?p=10273,ד׳׳ר,נועה פופוביץ-הדרי,,,,,,oncinst@gmc.gov.il,,"המערך האונקולוגי במרכז הרפואי גליל מהווה מרכז מצוינות בטיפול במחלות הסרטן, תוך שילוב טכנולוגיות מתקדמות עם גישה טיפולית אישית ומכילה. המערך מורכב משתי יחידות מרכזיות:

המכון האונקולוגי ע""ש מרים (מורי) בורקיס ז""ל – מספק מגוון רחב של טיפולים אמבולטוריים מתקדמים, בהם כימותרפיה, טיפולים ביולוגיים, אימונותרפיה וטיפולים הורמונליים. המכון מצטיין בגישה רב-תחומית, בה צוות מומחים מתחומים שונים, רפואה, סיעוד ופרא- רפואי, פועל יחד להתאמת תכנית טיפול אישית לכל מטופל. לצד הטיפול הרפואי, המכון מציע מעטפת תמיכה מקיפה הכוללת ליווי סיעודי, פסיכו-סוציאלי, תמיכה רוחנית וסיוע בהתמודדות עם האתגרים הפיזיים והרגשיים שמציבה המחלה.",,,,5.5,68,4,3,0,0,2,0,"16,954.00","19,965.92","3,011.92",5,4,80.00%,1,20.00%,77.68%,4.7,,69.12%,1,1,0,0,1,2,1,1 - 1,
,מ''ר בינוני,המרכז הרפואי לגליל,מחלות עיניים,,https://www.gmc.gov.il/?p=10069,ד׳׳ר,רלי עובדיה,,,,,,HadasS@gmc.gov.il,,"מחלקת העיניים במרכז הרפואי לגליל מהווה מרכז מצוינות רפואי המשרת את אוכלוסיית הצפון כולה. בהיותה מחלקת העיניים היחידה באזור נרחב, היא מספקת מענה רפואי מקיף ומתקדם למגוון רחב של מצבים רפואיים בתחום העיניים.

הצוות המקצועי של המחלקה כולל 15 רופאי עיניים בכירים, כל אחד מהם מתמחה בתתי התמחויות של רפואת העיניים. כל הרופאים הבכירים עברו השתלמויות במרכזים טובים בארצות הברית, קנדה, אנגליה ואוסטרליה וחזרו עם מטען ידע רחב המיושם בשגרת העבודה לטובת המטופלים. שילוב זה של מומחים מאפשר טיפול מקיף ומותאם אישית לכל מטופל, תוך שימוש בטכנולוגיות מתקדמות ושיטות טיפול חדשניות.",,,,5,79,7,1,3,3,1,0,"16,954.00","19,965.92","3,011.92",6,2,33.33%,4,66.67%,76.38%,4.5,,71.61%,2,3,0,1,0,2,1,1 - 2,
,מ''ר בינוני,המרכז הרפואי לגליל,כירורגיה פלסטית ואסתטית,,https://www.gmc.gov.il/?p=9919,ד׳׳ר,קוגן לאוניד,doc.kogan@gmail.com,,,,,,,"המחלקה לכירורגיה פלסטית וכוויות במרכז הרפואי לגליל היא מהמחלקות המובילות בתחומה, המשלבת מצוינות רפואית עם גישה אנושית ותומכת. הצוות המקצועי של המחלקה מחויב להענקת טיפול מיטבי ומותאם אישית לכל מטופל, תוך שימוש בטכנולוגיות המתקדמות ביותר בתחום.

במחלקה מתבצע מגוון רחב של התערבויות רפואיות, כאשר אחד מתחומי המומחיות המרכזיים הוא הטיפול בנפגעי כוויות. המחלקה מספקת טיפול כוללני בכל שלבי הפציעה, החל מהטיפול הראשוני הקריטי ועד להשתלות עור ושיקום ארוך טווח. בנוסף, המחלקה מתמחה בטיפול בפצעים מורכבים באמצעות טכנולוגיות חדשניות, כולל שימוש במערכת ואקום (VAC) וחומרי חבישה מתקדמים.",,,,6,62,18,0,0,0,5,1,"16,954.00","19,965.92","3,011.92",5,1,20.00%,4,80.00%,74.65%,4.5,,66.60%,1,2,1,1,1,1,0,1 - 1,
,מ''ר בינוני,המרכז הרפואי לגליל,פסיכיאטריה של הילד והמתבגר,,,,,,,,,,,,,,,,5,#DIV/0!,12,0,2,1,2,0,"16,954.00","19,965.92","3,011.92",8,4,50.00%,4,50.00%,#DIV/0!,4.5,,73.37%,0,1,2,1,2,0,2,1 - 2,
,מ''ר בינוני,המרכז הרפואי לגליל,רפואת ילדים,,https://www.gmc.gov.il/?p=10803,ד׳׳ר,קרופיק דנה,,,,,,peds@gmc.gov.il,,"אגף הילדים במרכז הרפואי 'גליל' מהווה מרכז מצוינות רפואית המשלב טיפול רפואי מתקדם עם גישה הוליסטית וחמה. הפילוסופיה הטיפולית שלנו מתבססת על ראיית הילד ומשפחתו כיחידה אחת, תוך הקפדה על סביבה תומכת ומזמינה המותאמת לצרכים הייחודיים של ילדים.
במרכז גישתנו הטיפולית עומדת המחויבות למניעת כאב ואי-נוחות. אנו מיישמים פרוטוקולים מתקדמים לטיפול בכאב ומאפשרים להורים להיות נוכחים בכל הליך רפואי, מה שמעניק לילד תחושת ביטחון ומפחית חרדה. צוותי האגף עוברים הכשרה מיוחדת בטיפול בכאב פרוצדורלי ובתקשורת מותאמת לילדים",,,,4.5,59,15,5,6,11,6,2,"16,954.00","19,965.92","3,011.92",34,22,66.67%,11,33.33%,84.92%,4.6,,88.27%,3,5,8,3,2,6,7,3 - 7,
,מ''ר בינוני,המרכז הרפואי לגליל,אף אוזן גרון,,https://www.gmc.gov.il/?p=9912,ד׳׳ר,אייל סלע,EyalS@gmc.gov.il,,,,,,,"מחלקת אף אוזן גרון וניתוחי ראש צוואר במרכז הרפואי לגליל מהווה מרכז מצוינות המשלב טיפול רפואי מתקדם, מחקר אקדמי וחדשנות טכנולוגית. המחלקה מצוידת במכשור מהמתקדם בישראל, כאשר חלק מהציוד הינו ייחודי וראשון מסוגו בארץ.

המערך הטיפולי במחלקה כולל מספר תתי יחידות מתמחות המנוהלות על ידי מומחים בתחומם שביצעו את ההשתלמות בבתי חולים המובילים בעולם וחזרו למרכז הרפואי לגליל על מנת להמשיך לפתח ולתת את השירות הרפואי המתקדם ביותר בארץ לתושבי הצפון. מחלקת האשפוז וחדרי הניתוח מציעים מגוון רחב של פרוצדורות כירורגיות מתקדמות, המבוצעות על ידי צוות המומחים אשר בודקים את המטופלים במרפאה הרב-תחומית  ומהווה כתובת מקצועית עבור כל סוגי הבעיות בתחום אף אוזן גרון",,,,6,82,9,1,1,2,1,1,"16,954.00","19,965.92","3,011.92",8,3,37.50%,5,62.50%,80.08%,4.8,,76.61%,0,2,2,0,1,2,1,1 - 2,
,מ''ר בינוני,המרכז הרפואי לגליל,רדיולוגיה (דימות),,https://www.gmc.gov.il/?department=%D7%90%D7%92%D7%A3-%D7%93%D7%99%D7%9E%D7%95%D7%AA,ד׳׳ר,דן פז,,,,,,,,"אגף דימות מעניק שירותי הדמיה רפואית מתקדמים, תוך שימוש בטכנולוגיות חדשניות ובמכשור מתקדם וחדיש.

האגף כולל מגוון רחב של מכונים ויחידות – רנטגן, CT, MRI, אולטרסונוגרפיה ודימות פולשני – ומספק מענה אבחוני ותומך טיפול לכלל מחלקות המרכז הרפואי.",,,,5,61,13,2,5,1,1,0,"16,954.00","19,965.92","3,011.92",11,7,63.64%,4,36.36%,78.40%,4.7,,73.50%,3,2,1,0,2,2,2,2 - 2,
,מ''ר בינוני,המרכז הרפואי לגליל,גריאטריה,,https://www.gmc.gov.il/?p=10473,ד׳׳ר, אדוארד קייקוב,edwardk@gmc.gov.il,,,,,HelenaA@gmc.gov.il,,"במחלקה הפנימית גריאטרית ושיקום גריאטרי אנו מאמינים כי כל מטופל ראוי לקבל את הטיפול המיטבי והמקיף ביותר. הגישה הטיפולית שלנו משלבת מומחיות רפואית מתקדמת עם ראייה הוליסטית, המתייחסת למכלול ההיבטים בחייו של המטופל המבוגר – הפיזיים, הנפשיים, הקוגניטיביים והחברתיים.

צוות המחלקה כולל מומחים מובילים בתחום הרפואה הגריאטרית, המעניקים טיפול בשיטת האח/ות האישי/ת, המבטיחה תשומת לב מירבית לכל מטופל. לצד הצוות הרפואי והסיעודי, פועל צוות רב-מקצועי הכולל פיזיותרפיסטים, מרפאים בעיסוק, קלינאי תקשורת, עובדים סוציאליים, דיאטנים ורוקחים, המאפשר מתן מענה כוללני לצרכי המטופל.",,,,4.5,58,21,2,2,3,1,0,"16,954.00","19,965.92","3,011.92",28,16,57.14%,12,42.86%,35.32%,4.1,,65.59%,2,0,2,3,4,2,3,2 - 3,
,מ''ר בינוני,המרכז הרפואי לגליל,פתולוגיה,,https://www.gmc.gov.il/?p=11199,ד׳׳ר,אלכס לייבוף,,,,,,"pat@gmc.gov.il
",,"המכון לפתולוגיה במרכז הרפואי גליל מספק שירותי אבחון מתקדמים ומדויקים של תהליכים פתולוגיים בגוף באמצעות בדיקות היסטולוגיות וציטולוגיות. בהובלת צוות מומחים מקצועי ומנוסה, המכון מפעיל מכשור רפואי חדשני ושיטות בדיקה מתקדמות, תוך עמידה בסטנדרטים בינלאומיים מחמירים ופיקוח קפדני של גופי תקינה מובילים.

המכון לפתולוגיה מציע מגוון רחב של בדיקות אבחנתיות מתקדמות, המבוצעות בשיטות מורפולוגיות, היסטוכימיות ואימונוהיסטוכימיות. צוות המכון המקצועי כולל רופאים פתולוגים מומחים לצד עובדי מעבדה מיומנים בתחומי הפתולוגיה והציטולוגיה. הצוות אחראי על כל שלבי התהליך – מעיבוד הדגימות, דרך צביעתן וסריקתן, ועד לביצוע הבדיקות האבחנתיות המותאמות לקליניקה הרפואית של כל מטופל.",,,,5,100,-6,0,2,1,0,0,"16,954.00","19,965.92","3,011.92",3,2,66.67%,1,33.33%,56.12%,4.5,,58.07%,0,1,0,0,0,0,1,0 - 1,
,מ''ר בינוני,המרכז הרפואי לגליל,כירורגיה אורולוגית,,https://www.gmc.gov.il/?p=8917,ד׳׳ר, דוד קקיאשווילי,,,,,,"RefaelB@gmc.gov.il
",,"מחלקת האורולוגיה במרכז הרפואי לגליל מספקת טיפול רפואי מתקדם למגוון רחב של מחלות אורולוגיות, תוך שילוב טכנולוגיות חדשניות וצוות רפואי בעל ניסיון רב.

המחלקה מטפלת בגברים ונשים כאחד, וכן בילדים עם בעיות אורולוגיות מולדות או נרכשות. אנו שמים דגש על טיפול אישי ומותאם לכל מטופל, תוך שיתוף פעולה הדוק עם מחלקות המרכז ברפואי לצורך אבחון מדויק ותכנון טיפול מיטבי.",,,,6,115,20,1,0,1,3,0,"16,954.00","19,965.92","3,011.92",8,0,0.00%,8,100.00%,67.19%,5,,74.33%,1,0,0,0,1,1,0,0 - 1,
,מ''ר בינוני,המרכז הרפואי לגליל,נוירולוגיה,,https://www.gmc.gov.il/?p=10523,ד׳׳ר,סמיח בדארנה,SamihB@gmc.gov.il,,,,,neuro@gmc.gov.il,,"המחלקה הנוירולוגית במרכז הרפואי גליל מעניקה מענה רפואי מקיף למגוון רחב של מצבים נוירולוגיים. בליבת פעילות המחלקה עומדת היחידה לטיפול דחוף בשבץ מוחי, המציעה אבחון מהיר וטיפול טרומבוליטי למקרים המתאימים. הצוות הרב-מקצועי שלנו, הכולל רופאים מומחים, אחיות מיומנות, עובדת סוציאלית, דיאטנית וצוות שיקומי מקיף, מעניק טיפול מותאם אישית לכל מטופל.

במסגרת המחלקה אנו מטפלים במגוון רחב של מצבים רפואיים, החל משבץ מוחי על כל סוגיו, דרך מחלות זיהומיות של המוח וקרומיו, ועד לאיזון מטופלים עם מחלת פרקינסון והתקפים אפילפטיים. המחלקה מצוידת במערכת EEG-Video Monitoring מתקדמת, המאפשרת ניטור ממושך לאבחון מדויק של סוגי התקפים אפילפטיים ושכיחותם.",,,,5,88,10,0,0,1,1,0,"16,954.00","19,965.92","3,011.92",14,6,42.86%,8,57.14%,66.47%,4.6,,78.95%,0,2,1,0,3,0,4,0 - 3,
,מ''ר בינוני,המרכז הרפואי לגליל,הרדמה,,https://www.gmc.gov.il/?p=10164,ד׳׳ר,וילנר דפנה,dafna.willner@biu.ac.il,,,,,"YaffaM@gmc.gov.il
",,"מחלקת ההרדמה וחדרי הניתוח במרכז הרפואי לגליל מהווה עמוד תווך בפעילות בית החולים מאז הקמתו. המחלקה משלבת מצוינות קלינית, מחקר מתקדם והכשרת דור העתיד של המרדימים, סטאז׳רים, צוותי סיעוד וסטודנטים תוך שימוש בטכנולוגיות חדישות ושיטות טיפול מתקדמות.

הפעילות הקלינית נוגעת בכל תחום כירורגי ובכל סוגי האוכלוסיות, מה שמצריך הבנה במגוון תחומים ברפואה. כמחצית מהניתוחים הם דחופים, המחייבים מוכנות ומקצועיות ברמה הגבוהה ביותר.

המחלקה גאה להוביל את תחום ניתוחי האשפוז יום, עם כ-2,000 התערבויות שנתיות, הכוללות מגוון אפשרויות להרדמה המותאמת לצרכיו הבריאותיים של המטופל וזאת על־מנת לאפשר למטופלים לחזור במהירות לשגרת חייהם באופן הבטוח והנינוח ביותר שניתן.",,,,5,75,4,5,7,5,3,0,"16,954.00","19,965.92","3,011.92",47,10,21.74%,36,78.26%,52.75%,4.5,,61.25%,7,1,2,2,4,5,3,2 - 5,
,מ''ר בינוני,המרכז הרפואי לגליל,כירורגית ילדים,,https://www.gmc.gov.il/?p=10911,ד׳׳ר,נדב סלייפר,nadavs@gmc.gov.il,,,,,SagitP@gmc.gov.il,,"המחלקה לכירורגית ילדים במרכז הרפואי גליל היא מרכז מצוינות המשרת את אוכלוסיית הצפון כולה, מחדרה ועד רמת הגולן. המחלקה מתמחה במגוון רחב של התערבויות כירורגיות, החל מניתוחים אלקטיביים מתוכננים ועד לטיפול במקרי חירום, תוך שימוש בטכניקות הניתוחיות המתקדמות ביותר המותאמות במיוחד לילדים.
צוות המחלקה מתמחה בטיפול במומים מולדים, החל ממצבים שכיחים כמו בקע מפשעתי, הידרוצלה ואשך טמיר, ועד למצבים מורכבים יותר כמו חסימות מולדות במערכת העיכול, מומים בסרעפת או בדופן הבטן. הצוות הרפואי מביא עמו ניסיון עשיר בטיפול במגוון רחב של מצבים חריפים כגון דלקת התוספתן והתפשלות מעי, כמו גם במחלות כרוניות הדורשות התערבות כירורגית.",,,,6,#DIV/0!,9,1,0,0,0,0,"16,954.00","19,965.92","3,011.92",0,0,#DIV/0!,0,#DIV/0!,84.85%,4.5,,66.67%,0,0,2,0,0,0,0,0 - 0,
,מ''ר בינוני,המרכז הרפואי לגליל,רפואה פיזיקלית ושיקום,,https://www.gmc.gov.il/?p=10707,ד׳׳ר,יוליה קובלנקו,,,,,,NuritA2@gmc.gov.il,,"מחלקת שיקום כללי במרכז הרפואי לגליל היא המחלקה השיקומית הגדולה והפעילה באזור הגליל, המציעה שירותי שיקום מקיפים למטופלים שתפקודם נפגע עקב מחלה, תאונה או אירוע רפואי אחר. המחלקה, המונה 40 מיטות אשפוז, מתמחה בשיקום נוירולוגי, אורתופדי וכללי, ומפעילה צוות רב-מקצועי מיומן במטרה להחזיר את המטופלים לחיים פעילים ועצמאיים ולהשיג עבורם את רמת התפקוד המיטבית.

המחלקה מהווה את המרכז השיקומי המוביל באזור, ומציעה מגוון רחב של שירותי שיקום למטופלים צעירים ומבוגרים בעלי פוטנציאל שיקומי. המחלקה מתמחה בהחזרת מטופלים לתפקוד מרבי ועצמאי לאחר פגיעה ביכולות התפקודיות שלהם, תוך התמקדות בשיפור איכות חייהם.",,,,4,#DIV/0!,31,0,0,1,1,0,"16,954.00","19,965.92","3,011.92",5,2,40.00%,3,60.00%,43.49%,4.6,,44.61%,0,0,0,0,2,0,1,0 - 1,
,מ''ר בינוני,המרכז הרפואי לגליל,נוירוכירורגיה,,https://www.gmc.gov.il/?p=9941,פרופ׳, סוסטיאל ז'אן פרנסואה,Jeans@gmc.gov.il,,,,,"Liata2@gmc.gov.il
",,"המחלקה הנוירוכירורגית במרכז הרפואי לגליל היא פרי יוזמת ממשלתית להרחבת שירותי הרפואה המתקדמים בצפון הארץ. הקמתה בשנת 2013 מהווה חלק בלתי נפרד מהחזון להקמת הפקולטה החמישית לרפואה, המבססת את המרכז הרפואי לגליל כעוגן מרכזי במערך הרפואה הצפוני. בשנת 2024, בצל אירוע 7 באוקטובר 2023 ולאור הצורך בחיזוק הרפואי בצפון, נפתחה שלוחה של המחלקה במרכז הרפואי רבקה זיו בצפת.",,,,6,70,6,1,1,1,1,0,"16,954.00","19,965.92","3,011.92",6,1,16.67%,5,83.33%,88.31%,4.5,,66.00%,0,2,0,1,1,1,0,0 - 1,
,מ''ר בינוני,המרכז הרפואי לגליל,רפואה גרעינית,,https://www.gmc.gov.il/?p=12112,ד׳׳ר,אלית ארנון-שלג,EliteA@gmc.gov.il,,,,,izotopim@gmc.gov.il,,"במרכז הרפואי לגליל, מכון הרפואה הגרעינית מספק שירותי אבחון מתקדמים המאפשרים זיהוי מדויק של מגוון מצבים רפואיים. באמצעות טכנולוגיות חדישות ושיטות הדמיה מתקדמות, המכון מציע פתרונות אבחנתיים יעילים ובטוחים. במכון שתי מצלמות גמא דיגיטליות מהדור האחרון, כאשר אחת מהן משלבת מכשיר CT המאפשר ביצוע בדיקות היברידיות המשלבות מידע מרפואה גרעינית ורדיולוגיה, ובכך מספקת תמונה מקיפה ומדויקת יותר.",,,,4.5,#DIV/0!,#N/A,0,0,0,0,0,"16,954.00","19,965.92","3,011.92",1,1,100.00%,0,0.00%,58.33%,4.5,,51.83%,0,0,0,0,0,0,0,0 - 0,
,מ''ר בינוני,מרכז רפואי העמק,פסיכיאטריה,,https://hospitals.clalit.co.il/emek/he/info/emek_doctors/Pages/alon_reshef.aspx,ד׳׳ר,אלון רשף,reshef_a@clalit.org.il,,,,,,,"אנחנו מאמינים שכדי לצאת ממשבר על האדם להיות אקטיבי בתהליך ההחלמה . על כן, במהלך האשפוז אנו דורשים מכל מטופל להיות מחויב לשינוי ומעורב בטיפול. תפקיד הצוות הטיפולי במחלקה הוא לתמוך במטופל במקצועיות ובאנושיות.
צוות המטפלים במחלקה משקיע מאמץ רב בשילוב של שיטות טיפול שונות מתוך אמונה במורכבות של האדם ושל סבלו: צוות סיעודי שתומך במטופל בכל שעות היממה, טיפול רפואי־תרופתי, התערבות פסיכולוגית, שיטות גוף־נפש כגון רפואה סינית ורפלקסולוגיה , והתמקדות בחיבור לכוחות וחזרה לתפקוד.",,,,4.5,74,5,7,6,5,1,0,"16,954.00","19,965.92","3,011.92",21,10,47.62%,11,52.38%,78.17%,4.7,,62.28%,1,3,3,1,3,1,5,1 - 3,
,מ''ר בינוני,מרכז רפואי העמק,רפואה פיזיקלית ושיקום,,https://hospitals.clalit.co.il/emek/he/departmentsandclinics/surgery/Pages/rehabilitation_unit.aspx,ד׳׳ר,עפיף סעאידה,saaidaaf1@clalit.org.il,,,,,,,"אגף השיקום ע""ש הלנברג הוקם במרכז הרפואי ""העמק"" בשנת 2013, ובחלוף עשור - זהו אחד ממרכזי השיקום האיכותיים והמובילים בישראל.
אגף השיקום החדיש הוקם בהשקעה של 10 מיליון $ בבניין הרב תחומי החדש, והוא משתרע על פני 2 קומות מרווחות",,,,4,60,41,0,0,1,1,0,"16,954.00","19,965.92","3,011.92",3,1,33.33%,2,66.67%,43.49%,4.6,,44.61%,1,1,0,0,2,0,1,0 - 1,
,מ''ר בינוני,מרכז רפואי העמק,רפואת עור,,https://hospitals.clalit.co.il/emek/he/departmentsandclinics/internal_departments/Pages/skin.aspx,ד׳׳ר,מיכאל זיו,ziv_mi@clalit.org.il,,,,,,,"​​​​​​מחלקת העור משרתת אוכלוסייה גדולה מרמת הגולן בצפון ועד חדרה בדרום.
מרבית האבחון והטיפול במחלות עור ומין מבוצע במרפאות החוץ, במרכז רפואי העמק. במסגרת מחלקת האשפוז ניתנים טיפולים אינטנסיביים לחולים אשר לא ניתן לטפל בהם במסגרת אמבולטורית.",,,,5,65,9,6,12,8,7,0,"16,954.00","19,965.92","3,011.92",30,13,43.33%,17,56.67%,86.03%,4.5,,79.63%,5,4,3,3,4,3,11,3 - 5,
,מ''ר בינוני,מרכז רפואי העמק,פנימית,א,https://hospitals.clalit.co.il/emek/he/departmentsandclinics/internal_departments/Pages/internal_department_a.aspx,ד׳׳ר,סח'ניני עלי,,,,,,,,"​​​​​​​​במחלקה פנימית א', במרכז רפואי העמק, מאושפזים חולים מבוגרים הדורשים בירור, אבחון וטיפול בכל המגוון הרחב של המחלות הפנימיות בגיל המבוגר.

העקרונות המנחים את עבודת המחלקה כוללים:
מתן טיפול סיעודי ורפואי איכותי, בתנאי בטיחות ובסטנדרטים גבוהים תוך כדי שמירה על אווירה טובה ועל שביעות הרצון של החולים, המשפחות והצוות.
חינוך רופאים על מנת שיהפכו לרופאים מומחים בעלי מקצועיות רפואית גבוהה וגישה הומאנית לחולה.
לימוד סטודנטים ולהשריש בהם ידע, יושרה ואנושיות.
תחום התעניינות של המחלקה עוסק במחלות כלי דם, על כל גווניה, פקקת ורידית ועורקית, כמו כן, גורמי סיכון לטרשת עורקים והפרעות במטבוליזם שומני הדם.",,,,4,60,7,26,20,22,16,1,"16,954.00","19,965.92","3,011.92",66,22,33.33%,44,66.67%,53.19%,4.9,,74.85%,6,8,14,9,10,18,17,9 - 16,
,מ''ר בינוני,מרכז רפואי העמק,פנימית,ב,https://hospitals.clalit.co.il/emek/he/departmentsandclinics/internal_departments/Pages/internal_department_b.aspx,ד׳׳ר,ניזאר חג'אזי,,,,,,,,"​​​​​​​​​​​​במחלקה פנימית ב', במרכז רפואי העמק מאושפזים חולים בגילאים שונים הדורשים בירור, אבחון וטיפול במגוון הרחב של המחלות הפנימיות.
העקרונות המנחים את עבודת המחלקה כוללים:
מתן טיפול סיעודי ורפואי איכותי, בתנאי בטיחות ובסטנדרטים גבוהים תוך כדי שמירה על אווירה טובה ועל שביעות הרצון של החולים, המשפחות והצוות.
חינוך רופאים על מנת שיהפכו לרופאים מומחים בעלי מקצועיות רפואית גבוהה וגישה הומאנית לחולה.
לימוד סטודנטים לרפואה ולסיעוד והשרשת ידע, יושרה ואנושיות.
תחומי ההתעניינות של המחלקה והרופאים כוללים מחלות מפרקים (ראומטולוגיה), יתר שומני הדם (היפרליפידמיה) ומחלות כליה (נפרולוגיה).",,,,4,60,7,26,20,22,16,1,"16,954.00","19,965.92","3,011.92",66,22,33.33%,44,66.67%,53.19%,4.9,,74.85%,6,8,14,9,10,18,17,9 - 16,
,מ''ר בינוני,מרכז רפואי העמק,פנימית,ג,https://hospitals.clalit.co.il/emek/he/departmentsandclinics/internal_departments/Pages/internal_department_c.aspx,פרופ׳,לי גולדשטיין,Goldstein_le@clalit.org.il,,מזכירת המחלקה,,,yuval_ma@clalit.org.il,,"חזון המחלקה: הענקת טיפול רפואי איכותי ואנושי תוך שימת האדם במרכז. כמו כן, אנו מחויבים לחינוך מקצועי לדור המטפלים הבא.
מערך המחלקה כולל מחלקת אשפוז בעלת 30 מיטות אשפוז בה מטופלים חולים שסובלים ממחלות פנימיות כגון מחלות לב, ריאות, כליות, פרקים, דרכי עיכול וכדומה.
​המחלקה עורכת ומשתתפת במגוון מחקרים קליניים בנושאים שונים, כולל בין היתר: פיתוח תרופות חדשות לטיפול ומניעה של מחלות שונות כגון סכרת, אי-ספיקת לב, אי-ספיקת כליות וקרישת הדם.​",,,,4,60,7,26,20,22,16,1,"16,954.00","19,965.92","3,011.92",66,22,33.33%,44,66.67%,53.19%,4.9,,74.85%,6,8,14,9,10,18,17,9 - 16,
,מ''ר בינוני,מרכז רפואי העמק,פנימית,ד,https://hospitals.clalit.co.il/emek/he/departmentsandclinics/internal_departments/Pages/internal_department_d.aspx,פרופ׳,נאיל בשאראת,bisharat_na@clalit.org.il,,,,,pnimitd@clalit.org.il,,"המחלקה דוגלת במתן טיפול רפואי וסיעודי המבוסס על ידע קליני ומחקרי נרחב תוך שימוש מושכל במשאבים העומדים לרשותנו. מחלקה פנימית ד' חרטה על דגלה מצוינות בטיפול הרפואי והסיעודי, מצוינות אשר באה לידי ביטוי בזכייה במספר פרסים בעשור האחרון בתחום יעילות ואיכות הטיפול ושביעות רצון המטופלים. בשנת 2018 זכתה המחלקה בפרס מנכ""ל שירותי בריאות כללית בתחום יעילות ואיכות הטיפול.

הצוות הסיעודי מעניק טיפול המושתת על ידע, שיטות טיפול, ומיומנויות בין אישיות גבוהות. בפנימית ד' אנו מבטיחים את שיתוף המטופל ומשפחתו מתוך הבנה ורגישות לשונות ורב-תרבותיות של המטופלים ומשפחותיהם. הצוות הסיעודי של המחלקה מורכב כולו מאחים ואחיות עם רקע אקדמי וחלקם ביצעו השתלמויות נוספות ייחודיות לטיפול בחולים הסובלים ממחלות ממאירות.",,,,4,60,7,26,20,22,16,1,"16,954.00","19,965.92","3,011.92",66,22,33.33%,44,66.67%,53.19%,4.9,,74.85%,6,8,14,9,10,18,17,9 - 16,
,מ''ר בינוני,מרכז רפואי העמק,פנימית,ה,https://hospitals.clalit.co.il/emek/he/departmentsandclinics/internal_departments/Pages/internal_department_f.aspx,ד׳׳ר,גיא דורי,Guydo@clalit.org.il,,,,,,,"​​​​​​​​​​מחלקה פנימית ה' במרכז רפואי העמק מטפלת בחולים מבוגרים עם מגוון רחב של מחלות פנימיות ומעניקה טיפול רב צוותי איכותי והומאני למטופל ולמשפחתו, תוך יצירת אוירה טובה ושביעות רצון המטופלים ומשפחותיהם.
המחלקה שמה דגש על חינוך מקצועי וערכי של רופאים מתמחים והכנתם לקראת בחינות ההתמחות והחיים המקצועיים העצמאיים.",,,,4,60,7,26,20,22,16,1,"16,954.00","19,965.92","3,011.92",66,22,33.33%,44,66.67%,53.19%,4.9,,74.85%,6,8,14,9,10,18,17,9 - 16,
,מ''ר בינוני,מרכז רפואי העמק,רדיולוגיה (דימות),,https://hospitals.clalit.co.il/emek/he/departmentsandclinics/institutes/Pages/xray.aspx,ד׳׳ר, זיו נאמן,ziv_ne@clalit.org.il,,,,,,,"במכון הדימות במרכז הרפואי העמק, מתבצע מגוון רחב של בדיקות אבחנתיות ופעולות טיפוליות מונחות דימות.

השירות במכון ניתן למטופלים מאושפזים ובמיון, ולמטופלים אמבולטוריים ממרפאות החוץ והקהילה.

מכון הדימות הוא לב ליבו של המרכז הרפואי בשל טכנולוגיות הדימות המתקדמות בו, ובשל הצוות הרפואי והפרה- רפואי המקצועי והמיומן, התומך והמייעץ לרופאי המרכז הרפואי והקהילה.

",,,,5,66,6,5,7,6,1,0,"16,954.00","19,965.92","3,011.92",19,6,31.58%,13,68.42%,78.40%,4.7,,73.50%,1,0,1,3,5,3,5,1 - 4,
,מ''ר בינוני,מרכז רפואי העמק,רפואת ילדים,א,https://hospitals.clalit.co.il/emek/he/departmentsandclinics/pediatric/Pages/pediatrics_department_a.aspx,ד׳׳ר,אבישי להד,miron_da@clalit.org.il,,,,,,,"מחלקת ילדים א' במרכז הרפואי העמק מונה כ- 30 מיטות ומאושפזים בה ילדים החל מגיל 3 ימים ועד גיל 18 שנים. המענה הרפואי הניתן במסגרת המחלקה כולל טיפול ומזור במגוון מחלות אקוטיות ומחלות כרוניות, בדרגת חומרה משתנה. צוות המחלקה כולל רופאים בכירים עם התמחויות על במגוון תחומים, רופאים מתמחים, רופאי משפחה, צוערים ברפואה (סטז'רים), אחיות מוסמכות, פיזיותרפיסטיות, עובדות סוציאליות, דיאטניות, ליצנים רפואיים ומורות מקצועיות. כמו כן לרשות המחלקה צוות יועצים מתחומי הרפואה השונים הזמין בכל עת. כולם אנשי מקצוע מהמעלה הראשונה ובעלי ניסיון רב בטיפול בילדים.

צוות ילדים א' מעניק טיפול רפואי איכותי, מקצועי, תוך רגישות, אכפתיות ואחריות רבה הן למטופל והן לבני המשפחה.

המחלקה מטפלת במגוון מחלות: מחלות זיהומיות, מחלות דרכי עיכול וכבד, מחלות דרכי הנשימה, מחלות נוירולוגיות, מחלות אנדוקרינולוגיות, מחלות ראומטיות, ממאירויות. בנוסף  במחלקה מבוצעים ברורים מורכבים לאפיון מחלות מורכבות. הטיפול בילדים משלב צוות רב מערכתי מתחומים שונים מתוך מטרה להעניק את הטיפול המיטבי.",,,,4.5,60,7,21,18,16,8,6,"16,954.00","19,965.92","3,011.92",63,39,63.93%,22,36.07%,84.92%,4.6,,88.27%,7,8,6,6,15,12,15,7 - 14,
,מ''ר בינוני,מרכז רפואי העמק,רפואת ילדים,ב,https://hospitals.clalit.co.il/emek/he/departmentsandclinics/pediatric/Pages/pediatrix_department_b.aspx,פרופ׳,רונן שפיגל​,spiegel_ro@clalit.org.il,,,,,,,"המחלקה כוללת 30 מיטות אשפוז. 

ממוצע אשפוזים בשנה הוא כ - 3500, כ - 9000 ימי אשפוז רגילים ועוד כ- 1500 טיפולים אמבולטוריים שנעשים במסגרת של אשפוזי יום. 

אשפוזים אלה כוללים טיפולים מיוחדים במגוון רחב של מחלות מטבוליות, המטולוגיות, נפרולוגיות, גנטיות, מחלות מערכת עיכול ואחרים וכוללים בין היתר טיפולים באנזים תחליפי, טיפולים ביולוגיים, טסטים אנדוקריניים וכו'.",,,,4.5,60,7,21,18,16,8,6,"16,954.00","19,965.92","3,011.92",63,39,63.93%,22,36.07%,84.92%,4.6,,88.27%,7,8,6,6,15,12,15,7 - 14,
,מ''ר בינוני,מרכז רפואי העמק,כירורגית ילדים,,https://hospitals.clalit.co.il/emek/he/departmentsandclinics/surgery/Pages/children_surgery.aspx,ד׳׳ר,מרק ארקוביץ,pressman_as@clalit.org.il,,,,,,,"במחלקה כירורגית ילדים במרכז רפואי העמק מאושפזים ילדים בגילאים 0 - 16 שנים.​

רופאי המחלקה אחראים על האבחון והטיפול הראשוני של חולים עם מחלות כירורגיות לילודים מיד לאחר הלידה, במחלקת תינוקות או ביחידה לטיפול נמרץ לפג ולילוד, לילדים שהתקבלו בדחיפות דרך המחלקה לרפואה דחופה (חדר המיון), לילדים המאושפזים במחלקות הילדים.
המחלקה מבצעת ניתוחים מוקדמים לילודים הסובלים ממחלת הירשפרונג ולמגוון מומים מולדים נוספים. המחלקה מטפלת בכל המצבים הדחופים המחייבים התערבות כירורגית.
המחלקה נותנת מענה למגוון של מחלות הדורשות טיפול ניתוחי, כגון ניתוחי בקע, אשך טמיר, היפוספדיאס, כיס המרה ודרכי המרה, מחלות המעי הגס והדק, הקיבה, פי הטבעת, הזעת יתר בכפות הידיים ועוד.

ניתוחים רבים מבוצעים בעזרת לפרוסקופ או טורקוסקופ לקיצור זמן האשפוז וזירוז ההחלמה. ",,,,6,#DIV/0!,12,0,1,0,1,1,"16,954.00","19,965.92","3,011.92",3,1,33.33%,2,66.67%,84.85%,4.5,,66.67%,0,1,0,1,0,0,1,0 - 1,
,מ''ר בינוני,מרכז רפואי העמק,הרדמה,,https://hospitals.clalit.co.il/emek/he/departmentsandclinics/surgery/Pages/anesthesia_operating_rooms_department.aspx,ד׳׳ר,רודין מיכאל,rudin_mi@clalit.org.il,,,,,,,"פעילות המחלקה כוללת מגוון רחב של תחומים: כירורגיה כללית, כלי דם וילדים, אף אוזן וגרון, עיניים, גניקולוגיה ומיילדות, אורולוגיה, אורתופדיה, פלסטיקה, גסטרואנטרולוגיה ועוד. סוגי הפעולות המבוצעות על ידי המחלקות השונות מגוונות והדגש הוא על פולשנות מינימאלית, שימוש במיטב המכשור, בטיחות גבוהה וקיצור שהיית המטופל בבית החולים ככל שניתן תוך גרימת אי נוחות מזערית.​
מחלקת הרדמה מספקת שירותים רבים במרכז רפואי העמק: הרדמה ושיכוך כאב למנותחים בחדר ניתוח ובמסגרת שירותי אשפוז יום, אלחוש כאב ליולדות בחדר לידה ורפואת טיפול נמרץ. 

המחלקה תומכת בטיפול לאחר ניתוח וטיפול בכאב לחולים מאושפזים. ",,,,5,#DIV/0!,6,8,3,3,2,0,"16,954.00","19,965.92","3,011.92",34,16,47.06%,18,52.94%,52.75%,4.5,,61.25%,1,4,2,2,4,3,2,2 - 4,
,מ''ר בינוני,מרכז רפואי העמק,כירורגיה אורולוגית,,https://hospitals.clalit.co.il/emek/he/departmentsandclinics/surgery/Pages/urology_department.aspx,ד׳׳ר,ארנון לביא,,,,,,,,"​​​​​​​​​​המחלקה האורולוגית במרכז הרפואי העמק נותנות שרות לאוכלוסיית צפון - מזרח מדינת ישראל, אוכלוסיה של כ - 500,000 אזרחים.
במחלקה 25 מיטות למאושפזים ומבוצעים ניתוחים ופעולות הנמצאים בחזית האורולוגיה המודרנית.
טיפול בגידולי מערכת השתן: מבוצעים ניתוחי כריתה רדיקלית של הערמונית תוך שימור העצבים כטיפול לסרטן הערמונית. ניתוחי כריתה ושיחלוף כיס שתן כטיפול לסרטן חודר של שלפוחית השתן. כריתות משמרות כליה בשל סרטן הכליות. טיפולים כמותרפיים ואימונולוגים לגידולי כיס שתן כולל טיפול במכשיר SYNERGO (שילוב של הפעלת כמוטרפיה בתוך כיס שתן עם גלי רדיו המגבירים את חדירות והשפעת התרופה).
אבני כליות ומערכת השתן: מבוצעים ריסוקי אבנים חוץ-גופיים באמצעות גלי הדף חיצוניים. הרחקת אבני כליות ודרכי שתן בגישה מילעורית (PCNL) ואנדוסקופית
(URETEROSCOPY).",,,,6,90,4,2,1,2,0,0,"16,954.00","19,965.92","3,011.92",9,2,22.22%,7,77.78%,67.19%,5,,74.33%,0,1,1,1,1,1,1,1 - 1,
,מ''ר בינוני,מרכז רפואי העמק,אורתופדיה,,https://hospitals.clalit.co.il/emek/he/departmentsandclinics/surgery/Pages/orthopedics_division.aspx,ד׳׳ר,דוד אליהו רותם,,,,,,,,"המחלקה האורתופדית, בניהולו של דר' דוד רותם,  מהווה נדבך מרכזי וחשוב בעשייה הרפואית של בית החולים ומחוז הצפון. רופאי המחלקה מנתחים ומטפלים במגוון רב של בעיות אורתופדיות– ניתוחי טראומה מורכבים של הגפיים והאגן, החלפות מפרקים מתקדמות וחדשניות, ניתוחי כף יד ומיקרוכירורגיה, ניתוחי עמוד-שדרה כולל פגיעות נוירולוגיות ועקמות, בעיות של הקרסול וכפות הרגליים, פציעות ספורט של הברך הירך והכתף וכן טיפול במגוון רחב של בעיות אורתופדיות של ילדים. ​",,,,6,78,6,4,8,11,3,1,"16,954.00","19,965.92","3,011.92",22,3,13.64%,19,86.36%,70.66%,5.2,,69.70%,4,4,2,5,4,1,4,3 - 4,
,מ''ר בינוני,מרכז רפואי העמק,אף אוזן גרון,,https://hospitals.clalit.co.il/emek/he/departmentsandclinics/surgery/Pages/otolaringology_department.aspx,ד׳׳ר,סלים מזוואי,salim_ma@clalit.org.il,,,,,,,"המחלקה מוכרת להתמחות מלאה ומשמשת גם כמחלקת אם של המתמחים ממחלקת אף אוזן גרון של ביה""ח פוריה טבריה.
צוות הרופאים במחלקה משמש כצוות ההוראה של הפקולטה לרפואה של הטכניון בחיפה במקצוע אף אוזן גרון מהלך כל שנה מגיעים למחלקה לרפואה מהשנים חמישית ושישית ללימודי הרפואה.
אחת לשבוע מתקיימת ישיבת הדרכה למתמחים בנושאים בסיסיים בתחום אף אוזן גרון.​​",,,,6,77,22,0,5,2,1,1,"16,954.00","19,965.92","3,011.92",12,1,8.33%,11,91.67%,80.08%,4.8,,76.61%,3,0,1,1,2,1,2,1 - 2,
,מ''ר בינוני,מרכז רפואי העמק,רפואה דחופה,,https://hospitals.clalit.co.il/emek/he/departmentsandclinics/e_r/Pages/emergency_medicine_department.aspx,ד׳׳ר,ארי ליפסקי,reumash@clalit.org.il,,,,,,,"​בתוך המיון קיימות 5 יחידות והן: מיון ראשוני, מיון טראומה, מיון ילדים, מיון פנימי וחדר הלם. המחלקה מצוידת במכשור משוכלל וחדיש שעונה על הצרכים והטיפולים במחלות ומצבים דחופים ורב-גוניים.

המיון משרת אוכלוסייה של כ - 400,000 איש.
מתקבלים למחלקה כ- 110,000 חולים בשנה. מרבית הפונים מטופלים ומשוחררים הביתה וכ - 23% מהם מתאשפזים במחלקות השונות במרכז הרפואי העמק.
בהעדר ניתוחי חזה וראש, חולים או נפגעים הזקוקים לטיפול הנ''ל מופנים לבתי חולים אחרים בעיקר לרמב''ם וכרמל.
המחלקה ערוכה לטיפול באירועים רבי נפגעים.",,,,4.5,#DIV/0!,11,4,2,3,0,0,"16,954.00","19,965.92","3,011.92",6,1,16.67%,5,83.33%,66.27%,4.5,,75.55%,1,2,1,3,0,5,1,1 - 3,
,מ''ר בינוני,מרכז רפואי העמק,יילוד וגינקולוגיה,,https://hospitals.clalit.co.il/emek/he/yoldot_vetinokot/ahrey_haleyda/Pages/infants_department.aspx,ד׳׳ר,ארי רייס,shabtai_r@clalit.org.il,,,,,,,"במחלקה שלנו צוות רב מקצועי המורכב מרופאים, אחיות, עובדת סוציאלית ומזכירה. אנשי הצוות למדו ועברו הכשרות מיוחדת לטיפול בתינוקות ובאימותיהן לאחר לידה. רוב אנשי הצוות הם בעלי השכלה אקדמאית ובעלי ניסיון מקצועי של שנים רבות. הצוות שוקד ללא לאות לתת יחס אישי, חם, רגיש ומתחשב, שרות מקצועי אדיב ואיכותי. הצוות מאמין כי האם והתינוק הם במרכז הפעילות המקצועית והם זכאים לקבל את הטיפול הטוב ביותר, בתנאים נאותים בכבוד ובסובלנות.",,,,6,73,4,11,11,6,4,0,"16,954.00","19,965.92","3,011.92",35,33,94.29%,2,5.71%,74.40%,4.7,,82.48%,7,4,5,6,5,4,4,4 - 6,
,מ''ר בינוני,מרכז רפואי העמק,מחלות עיניים,,https://hospitals.clalit.co.il/emek/he/departmentsandclinics/surgery/Pages/eyes_department.aspx,ד׳׳ר,דניאל בריסקו,daniel_br@clalit.org.il,,,,,,,"​​​​​מחלקת העיניים, במרכז רפואי העמק, משרתת את מבוטחי כל קופות החולים מאזורי עמק יזרעאל על שני צידיו, עמק בית שאן וצפונה- בואכה, אצבע הגליל ורמת הגולן.
צוות המחלקה על כל שלוחותיו מונה כ- 40 עובדים ובהם רופאים, אחיות, מזכירות וכוחות עזר רפואיים. בנוסף לכך, הרופאים עובדים גם במרפאות הקהילה בעמקים הצפוניים ובקריית שמונה. הרופאים המומחים נותנים שירות בנושאים רבים ומגוונים בתחום רפואת העיניים: מרפאת קטרקט, מרפאת קרנית, מרפאת גלאוקומה, ניורולוגית עיניים, רשתית, פלסטיקה עיניים, דרכי דמעות, ניתוחי ארובה.
הפעילות הקלינית במערך מתקיימת בכול שעות היממה וכוללת חדר מיון, חדר ניתוח, מחלקת אשפוז ומרפאות חוץ. בחדר הניתוח נערכים כאלפי ניתוחים בשנה.
מחלקת האשפוז מיועדת לאשפוז חולים עם בעיות עיניים מסובכות, ולחולים לקראת הניתוח ולאחריו.",,,,5,70,10,2,2,4,3,5,"16,954.00","19,965.92","3,011.92",19,7,36.84%,12,63.16%,76.38%,4.5,,71.61%,1,4,2,2,2,4,3,2 - 4,
,מ''ר בינוני,מרכז רפואי העמק,פסיכיאטריה של הילד והמתבגר,,https://hospitals.clalit.co.il/emek/he/departmentsandclinics/psychiatric/Pages/mental_health_of_children_and_youth.aspx,ד׳׳ר,גיא שוסהיים,Guy_sc@clalit.org.il,,,,,,,"המרפאה מונה כארבעים אנשי צוות מקצועי מתחומי הטיפול הרפואי, העבודה הסוציאלית, הפסיכולוגיה, הריפוי בעיסוק והתזונה. 

היחידה נותנת מענה למצוקות של מטופלים ילדים ומתבגרים (בגילאי 6-21, למעט היחידה להפרעות אכילה עד גיל 25), של הוריהם ושל משפחותיהם.  ",,,,5,69,4,0,5,3,0,0,"16,954.00","19,965.92","3,011.92",7,6,85.71%,1,14.29%,#DIV/0!,4.5,,73.37%,0,2,0,2,0,3,2,0 - 2,
,מ''ר בינוני,מרכז רפואי העמק,כירורגיה כללית,א,https://hospitals.clalit.co.il/emek/he/departmentsandclinics/surgery/Pages/surgery_department_a.aspx,פרופ׳,דן הרשקו,dan_he@clalit.org.il,,,,,,,"​​​במחלקה כירורגית א' קיימות 33 מיטות אשפוז (5 מיטות מיועדות ל""טיפול מוגבר'' ומיועדות לחולים מורכבים במיוחד). תנאי האשפוז נוחים ובסטנדרט גבוה.
בכירורגית א' מתמחה בכל תחומי הכירורגיה הכללית: מערכת העיכול, כירורגיה של השד, מערכת המרה, כירורגיה אונקולוגית.
הרופאים המומחים של כירורגית א' מתמחים במיוחד בכירורגיה של מחלות מעי דלקתיות ומחלות המעי הגס, הרקטום ופי הטבעת. בנושאים ייחודיים בתחומים אלה, מופנים למחלקה חולים מכל אזורי הארץ.
למחלקה כירורגית א' מרפאת שד ייחודית ומרפאה פרוקטולוגית (קביעת תורים דרך מוקד זימון תורים). הרופאים הבכירים של המחלקה משמשים גם יועצים מקצועיים בכירורגיה במרפאות הקהילה של שירותי בריאות כללית.",,,,6,78,12,2,1,3,1,0,"16,954.00","19,965.92","3,011.92",15,3,20.00%,12,80.00%,84.75%,5,,68.56%,1,2,2,1,3,3,1,1 - 3,
,מ''ר בינוני,מרכז רפואי העמק,כירורגיה כללית,ב,https://hospitals.clalit.co.il/emek/he/departmentsandclinics/surgery/Pages/surgery_department_b.aspx,פרופ׳,אוסאמה אבו חאטום,,,,,,,,"​​​​​במחלקה כירורגית ב' במרכז רפואי העמק קיימות 33 מיטות אשפוז (5 מהן מותאמות ל''טיפול מוגבר'' ומיועדות לחולים ומצבים מורכבים במיוחד).
במחלקה תנאי האשפוז נוחים, המחלקה נקיה ומוארת, נוף מדהים של העמק נשקף מכל חלון והעיקר הוא היחס האישי והאנושי, רמת השרות המקצועי והאישי הגבוהה מאד.
המחלקה עוסקת ברב תחומי הכירורגיה הכללית:
במחלות של אברי מערכת העיכול: קיבה, מעי דק, מעי גס ורקטום, מחלות וגידולים במערכת הכבד, כירורגיה של השד, ניתוחי בקעים בדופן הבטן, וטיפול בפציעות (נפגעי תאונות ואלימות).
המחלקה מצטיינת במיוחד בשימוש רוטיני בטכנולוגיות כירורגיות המתקדמות ביותר ומתמחה במספר נושאים באופן מיוחד:
בכירורגיה לפרוסקופית של גידולים ודלקות של מערכת העיכול.",,,,6,78,12,2,1,3,1,0,"16,954.00","19,965.92","3,011.92",15,3,20.00%,12,80.00%,84.75%,5,,68.56%,1,2,2,1,3,3,1,1 - 3,
,מ''ר בינוני,מרכז רפואי העמק,נוירולוגיה,,https://hospitals.clalit.co.il/emek/he/departmentsandclinics/internal_departments/Pages/neurology.aspx,ד׳׳ר,סבטלנה טוב,,,גב׳,מזכירת המחלקה,שרה כהן,Sara_co@clalit.org.il,,"צוות המחלקה הינו צוות רב תחומי הכולל רופאים, אחיות, מזכירה, עובדת סוציאלית, פסיכולוגית, קלינאית תקשורת, דיאטנית פיזיותרפיסט ומרפא בעיסוק. הצוות מקיים קשר יום יומי עם יועצים מתחומים שונים לצורך מתן טיפול מקצועי ומקיף למטופלי המחלקה. 

כל מטופל חדש נבדק ע""י רופא בכיר עד 24 שעות מקבלתו.",,,,5,#DIV/0!,14,2,1,4,1,0,"16,954.00","19,965.92","3,011.92",8,5,62.50%,3,37.50%,66.47%,4.6,,78.95%,0,0,0,3,2,1,2,0 - 2,
,מ''ר בינוני,מרכז רפואי העמק,פתולוגיה,,https://hospitals.clalit.co.il/emek/he/departmentsandclinics/institutes/Pages/pathology.aspx,ד׳׳ר,יהודית קראוס,,,,,,shechtman_lea@clalit.org.il,,"המכון לאבחון רקמתי וחקר הסרטן במרכז רפואי העמק (המכון לפתולוגיה) מאבחן מעל ל-40,000 דגימות בשנה של כ-30,000 מטופלים, מתוכם למעלה מ- 6,000 חולים מאובחנים ומטופלים במחלת הסרטן ובנוסף כ-12,000 דגימות ציטולוגיות.

המכון משתרע על שטח של כ-1000 מ""ר הכולל מעבדות, חדרי רופאים, חדר ישיבות ובו מיקרוסקופ רב ראשי ואמצעי תצוגה, ספריה וארכיון.

במכון מבצעים אבחון של תהליכים פתולוגיים ברקמות ותאים, בדיקות מהירות של חתך קפוא במהלך ניתוח בכדי לסייע בהחלטות לגבי המשך הניתוח, ונתיחות שלאחר המוות, שאינן קשורות לרפואה משפטית.",,,,5,89,14,2,3,2,1,0,"16,954.00","19,965.92","3,011.92",11,7,63.64%,4,36.36%,56.12%,4.5,,58.07%,0,0,2,1,1,3,1,1 - 2,
,מ''ר בינוני,מרכז רפואי העמק,קרדיולוגיה,,https://hospitals.clalit.co.il/emek/he/departmentsandclinics/cardiologiccenter/Pages/cardiology.aspx,ד׳׳ר,לימור אילן בושארי,,,,,,yoav_t@clalit.org.il,,"המערך הקרדיולוגי מבצע בדיקות ובירורים שונים הקשורים למחלות לב, ומטפל במגוון הסוגים השונים של מחלות הלב.
המערך מוביל בשירותים ייחודיים אליהם מופנים מטופלים מהצפון ומשאר חלקי הארץ",,,,6.5,#DIV/0!,#N/A,5,0,1,0,0,"16,954.00","19,965.92","3,011.92",1,1,100.00%,0,0.00%,#DIV/0!,4.5,,#DIV/0!,3,0,0,1,1,1,3,1 - 2,
,מ''ר בינוני,מרכז רפואי העמק,אונקולוגיה,,https://hospitals.clalit.co.il/emek/he/departmentsandclinics/institutes/beit_shulamit/Pages/oncology_clinics.aspx,פרופ׳,גיל בר סלע,barsela_g@clalit.org.il,,,,,oncological_ma@clalit.org.il,,"מרפאות המרכז ​האונקולוגי במרכז רפואי העמק מרכזות את הטיפול בחולי הסרטן בצפון- מזרח המדינה. במרפאות מתבצעת קבלה ראשונית של חולים חדשים ומעקב אחר חולי סרטן לפני תחילת הטיפול, במהלכו ולאחריו. כל אדם המתקבל למעקב או טיפול יראה על ידי צוות רופאים העוסקים בתחום מחלתו באופן ספציפי.

כל מטופל חדש מוצג ונדון בישיבה משותפת של כל רופאי המכון וצוות האחיות. בישיבה נדונה תוכנית הטיפול, השלמת בדיקות נדרשת וכדומה. לעיתים יתכנו שינויים מתוכנית הטיפול הראשונית והם ימסרו למטופל במפגש הרפואי הקרוב או בטלפון אם נדרש. מקרים מורכבים הדורשים התייעצות של מספר רופאים מובאים גם הם לישיבת צוות המכון.",,,,5.5,#DIV/0!,14,2,1,3,0,0,"16,954.00","19,965.92","3,011.92",7,4,57.14%,3,42.86%,77.68%,4.7,,69.12%,1,0,0,0,3,0,3,0 - 2,
,מ''ר בינוני,מרכז רפואי העמק,רפואה גרעינית,,https://hospitals.clalit.co.il/emek/he/departmentsandclinics/institutes/Pages/nuclear_medicine.aspx,ד׳׳ר,חוסין עסאם ​,,,,,,,,"​​​​​​​​​במכון לרפואה גרעינית של מרכז רפואי העמק מבוצע מגוון רחב של בדיקות וטיפולים בעזרת חומרים רדיואקטיבים, תוך הקפדה על רמת בטיחות ובקרת איכות גבוהה.

המכון הוא מהראשונים בארץ והוא פעיל יותר מ 30 שנה. במשך השנים בוצעו במכון עבודות מחקר רבות, חלקם אומצו כשגרה על ידי מכונים גדולים בעולם.

המכון מספק את שירותיו למחלקות ולמרפאות השונות של מרכז רפואי העמק ולמחוז הצפון (מהגולן ועד חדרה). המכון עוסק בתחומים רבים כמו: אונקולוגיה, מבוגרים וילדים, נוירולוגיה, קרדיולוגיה והבדיקות במסגרתו כוללות, בין השאר: מיפוי עצמות, מיפוי לב, מיפוי כליות ועוד. לרשות המכון מצלמה גרעינית המשלבת מערכת מחשוב דו ותלת ממדית, המאפשרת ביצוע בדיקות וטיפולים במגוון רחב.",,,,4.5,#DIV/0!,18,1,1,0,0,0,"16,954.00","19,965.92","3,011.92",2,1,50.00%,1,50.00%,58.33%,4.5,,51.83%,0,0,0,0,0,1,1,0 - 1,
,מ''ר בינוני,מרכז רפואי וולפסון,כירורגיה כללית,א,,פרופ׳,מרדכי שמעונוב,shimonov.m@wolfson.health.gov.il,,,,,,,,,,,6,90,7,2,1,0,2,0,"16,954.00","19,965.92","3,011.92",26,7,26.92%,19,73.08%,84.75%,5,,68.56%,1,1,3,1,1,6,2,1 - 3,
,מ''ר בינוני,מרכז רפואי וולפסון,כירורגיה כללית,ב,,ד׳׳ר,קטיה דיין,katiad@wmc.gov.il,,,,,,,,,,,6,90,7,2,1,0,2,0,"16,954.00","19,965.92","3,011.92",26,7,26.92%,19,73.08%,84.75%,5,,68.56%,1,1,3,1,1,6,2,1 - 3,
,מ''ר בינוני,מרכז רפואי וולפסון,רדיולוגיה (דימות),,,ד׳׳ר,אריקה פולק,ericap@wmc.gov.il,,,,,,,,,,,5,88,7,3,3,4,1,0,"16,954.00","19,965.92","3,011.92",22,7,31.82%,15,68.18%,78.40%,4.7,,73.50%,1,1,3,3,4,3,3,2 - 3,
,מ''ר בינוני,מרכז רפואי וולפסון,אף אוזן גרון,,,ד׳׳ר,אבי גולדפרב,avidoc@wmc.gov.il,,,,,,,,,,,6,80,12,3,2,4,2,1,"16,954.00","19,965.92","3,011.92",16,4,26.67%,11,73.33%,80.08%,4.8,,76.61%,2,2,2,1,2,1,2,2 - 2,
,מ''ר בינוני,מרכז רפואי וולפסון,הרדמה,,,ד׳׳ר,ריגיני נוגזר,,,,,,,,,,,,5,101,5,3,8,4,2,0,"16,954.00","19,965.92","3,011.92",37,14,38.89%,22,61.11%,52.75%,4.5,,61.25%,3,2,4,3,5,1,3,3 - 4,
,מ''ר בינוני,מרכז רפואי וולפסון,רפואת ילדים,,,פרופ׳,אילן דלאל,dalal@wolfson.health.gov.il,,,,,,,,,,,4.5,57,4,20,11,10,0,0,"16,954.00","19,965.92","3,011.92",35,20,58.82%,14,41.18%,84.92%,4.6,,88.27%,8,6,6,5,7,8,9,6 - 8,
,מ''ר בינוני,מרכז רפואי וולפסון,נוירולוגיה,,,ד׳׳ר,רון דבי,dabbyr@netvision.net.il,,,,,,,,,,,5,82,5,2,1,1,1,0,"16,954.00","19,965.92","3,011.92",15,5,33.33%,10,66.67%,66.47%,4.6,,78.95%,1,0,0,1,3,2,0,0 - 2,
,מ''ר בינוני,מרכז רפואי וולפסון,יילוד וגינקולוגיה,,,פרופ׳,ערן וינר,proferanweiner@gmail.com,,,,,,,,,,,6,81,7,5,10,7,4,1,"16,954.00","19,965.92","3,011.92",36,28,77.78%,8,22.22%,74.40%,4.7,,82.48%,1,4,4,6,5,6,5,4 - 6,
,מ''ר בינוני,מרכז רפואי וולפסון,מחלות עיניים,,https://www.gov.il/he/pages/medical_staff,פרופ׳,ריטה ארליך,ritaehrlich@gmail.com,,,,,,,,,,,5,66,5,0,9,4,3,0,"16,954.00","19,965.92","3,011.92",15,6,40.00%,9,60.00%,76.38%,4.5,,71.61%,1,2,4,2,2,2,5,2 - 3,
,מ''ר בינוני,מרכז רפואי וולפסון,פנימית,א,,ד׳׳ר,דראושה אמיר,,,,,,,,,,,,4,59,5,20,21,12,3,0,"16,954.00","19,965.92","3,011.92",146,60,42.86%,80,57.14%,53.19%,4.9,,74.85%,8,11,14,11,10,22,10,10 - 13,
,מ''ר בינוני,מרכז רפואי וולפסון,פנימית,ב,,ד׳׳ר, ישראל גרינבלט,,,,,,,,,,,,4,59,5,20,21,12,3,0,"16,954.00","19,965.92","3,011.92",146,60,42.86%,80,57.14%,53.19%,4.9,,74.85%,8,11,14,11,10,22,10,10 - 13,
,מ''ר בינוני,מרכז רפואי וולפסון,פנימית,ד,,ד׳׳ר,דוד חובל,Dr.hoveldavid@gmail.com,,,,,,,,,,,4,59,5,20,21,12,3,0,"16,954.00","19,965.92","3,011.92",146,60,42.86%,80,57.14%,53.19%,4.9,,74.85%,8,11,14,11,10,22,10,10 - 13,
,מ''ר בינוני,מרכז רפואי וולפסון,פנימית,ה,,ד׳׳ר,מרגריטה משבי,,,,,,,,,,,,4,59,5,20,21,12,3,0,"16,954.00","19,965.92","3,011.92",146,60,42.86%,80,57.14%,53.19%,4.9,,74.85%,8,11,14,11,10,22,10,10 - 13,
,מ''ר בינוני,מרכז רפואי וולפסון,פנימית,ו,,ד׳׳ר,דורון מנחמי,doron.menachemi@mail.tau.ac.il,,,,,,,,,,,4,59,5,20,21,12,3,0,"16,954.00","19,965.92","3,011.92",146,60,42.86%,80,57.14%,53.19%,4.9,,74.85%,8,11,14,11,10,22,10,10 - 13,
,מ''ר בינוני,מרכז רפואי וולפסון,רפואה דחופה,,,ד׳׳ר,אנדרי שופן,,,,,,,,,,,,4.5,#DIV/0!,2,4,3,0,0,0,"16,954.00","19,965.92","3,011.92",18,7,38.89%,11,61.11%,66.27%,4.5,,75.55%,3,4,3,3,3,4,2,3 - 4,
,מ''ר בינוני,מרכז רפואי וולפסון,קרדיולוגיה,,https://www.gov.il/he/departments/units/the-heart-array-wolfson/govil-landing-page,פרופ׳,רונן רובינשטיין,,,,,,,,,,,,6.5,73,10,1,4,1,0,0,"16,954.00","19,965.92","3,011.92",2,0,0.00%,2,100.00%,#DIV/0!,4.5,,#DIV/0!,1,1,0,0,4,0,1,0 - 1,
,מ''ר בינוני,מרכז רפואי וולפסון,אורתופדיה,,,פרופ׳,רפאל לוטן,,,,,,,,"המחלקה לאורתופדיה מהווה את הלב של המערך האורתופדי, המאגד בתוכו את היחידות השונות. המערך כולל 18 רופאים מומחים, 13 רופאים מתמחים, 9 אחיות מוסמכות (אקדמאיות), 11 אחיות מוסמכות, 2 אחיות מעשיות, 9 אנשי כוח-עזר, גבסן. במערך מועסקות 3 מזכירות, והמערך נעזר בצוות פיזיותרפיסטים, צוות סיעודי של מרפאות החוץ, עובדת סוציאלית, וצוות תחזוקה.",,,,6,92,14,2,7,5,2,1,"16,954.00","19,965.92","3,011.92",23,0,0.00%,22,100.00%,70.66%,5.2,,69.70%,2,7,1,3,2,1,4,2 - 4,
,מ''ר בינוני,מרכז רפואי וולפסון,כירורגיה פלסטית ואסתטית,,https://www.gov.il/he/pages/staff_of_the_plastic_surgery_unit,ד׳׳ר, יעקב פרנד,,,גב׳,מזכירת המחלקה,הודיה מזרחי, surgery@wmc.gov.il,,,,,,6,#DIV/0!,8,1,2,1,0,1,"16,954.00","19,965.92","3,011.92",6,1,16.67%,5,83.33%,74.65%,4.5,,66.60%,0,0,1,1,1,2,1,1 - 1,
,מ''ר בינוני,מרכז רפואי וולפסון,פתולוגיה,,https://www.gov.il/he/pages/wolfson_institute_of_pathology,ד׳׳ר,מרק הירש,,,גב׳,מזכירת המחלקה,רחל רובין, Rachelro@wmc.gov.il,,,,,,5,#DIV/0!,7,1,0,1,0,0,"16,954.00","19,965.92","3,011.92",10,4,44.44%,5,55.56%,56.12%,4.5,,58.07%,0,2,1,1,0,0,2,0 - 2,
,מ''ר בינוני,מרכז רפואי וולפסון,כירורגיה של בית החזה,,https://www.gov.il/he/pages/surgery-a-chest-surgeries-staff,ד׳׳ר,פראס אבו עכר,firasabuakar@gmail.com,,,,,,,,,,,6,#DIV/0!,3,0,0,0,0,0,"16,954.00","19,965.92","3,011.92",4,1,25.00%,3,75.00%,91.89%,4.5,,84.88%,0,0,2,0,1,0,1,0 - 1,
,מ''ר בינוני,מרכז רפואי וולפסון,כירורגית כלי דם,,https://www.gov.il/he/pages/vascular-clinic,ד׳׳ר,דימיטרי יעקובוביץ,dyakubovitch@gmail.com,,,,,,,"היחידה לכירורגית כלי דם מטפלת בחולים הסובלים ממחלות כלי הדם הכוללות מפרצות (אנוריזמות) של אבי העורקים (AORTA) ושל כלי דם אחרים. כמוכן, הצרויות של עורקי הצוואר (הקרוטיד), מחלות חסימתיות של עורקי הגפיים, ומחלות ורידיות.
 ד""ר דימיטרי יעקובוביץ', מנהל היחידה , מומחה בניתוחים בעורקים תרדמננים (קרוטיס), גפיים, אורטה בטנית כולל טיפולים אנדווסקולארים (זעירים פולשניים-צינתוריים) עם השתלת תומכנים  למפרצת אאורטה.

בנוסף, הינו מומחה בעל ניסיון רב בטיפול במחלות ורידים בשיטות מודרניות בטכנולוגיות זעיר פולשניות כולל לייזר, גלי רדיו, קיטור, הזרקת קצף תחת אולטרה-סאונד, טיפול קוסמטי בנימים בהזרקות.",,,,6,#DIV/0!,2,0,0,0,0,0,"16,954.00","19,965.92","3,011.92",1,0,0.00%,1,100.00%,73.91%,4.5,,67.30%,0,0,0,0,0,2,0,0 - 0,
,מ''ר בינוני,מרכז רפואי וולפסון,כירורגיה אורולוגית,,,ד׳׳ר,איתי שגיא,,,,,,,,,,,,6,75,9,3,0,0,0,0,"16,954.00","19,965.92","3,011.92",8,0,0.00%,8,100.00%,67.19%,5,,74.33%,0,0,1,0,3,2,0,0 - 2,
,מ''ר בינוני,מרכז רפואי וולפסון,אונקולוגיה,,https://www.gov.il/he/departments/topics/oncology-institute/govil-landing-page,ד׳׳ר,ברנר רונן,,,,,,,,"הטיפול במסגרת המכון כולל:

מרפאות , בהן נבדקים החולים
יחידה לאשפוז יום , בה ניתנים כל סוגי הטיפול האונקולוגי (התרופתיים) וטיפול תומך
 מחלקה המטו-אונקולוגית , במקרים בהם נדרש אשפוז לצורך טיפול כימי
יחידת מחקר",,,,5.5,#DIV/0!,16,0,0,0,0,0,"16,954.00","19,965.92","3,011.92",3,2,66.67%,1,33.33%,77.68%,4.7,,69.12%,0,0,0,0,0,2,1,0 - 1,
,מ''ר בינוני,מרכז רפואי וולפסון,פסיכיאטריה,,,,,,,,,,,,,,,,4.5,#DIV/0!,#N/A,0,0,0,0,0,"16,954.00","19,965.92","3,011.92",1,1,100.00%,0,0.00%,78.17%,4.7,,62.28%,0,0,0,0,0,0,0,0 - 0,
,מ''ר בינוני,מרכז רפואי וולפסון,רפואה גרעינית,,https://www.gov.il/he/pages/nuclear_medicine_institute_staff,ד׳׳ר,אולגה וולקוב,,,,,,,,,,,,4.5,#DIV/0!,4,0,0,0,0,0,"16,954.00","19,965.92","3,011.92",1,1,100.00%,0,0.00%,58.33%,4.5,,51.83%,0,0,0,0,0,0,0,0 - 0,
,מ''ר גדול,מרכז רפואי יצחק שמיר,אורתופדיה,א,https://www.shamir.org/clinics/orthopedics/ortopedicdepartment/,ד׳׳ר,בר יפתח,yiftah.beer@gmail.com,,,,,,,"""אחת מאבני הדרך שלי היא להכשיר דור צעיר של מומחים, שההיבט האנושי והיחס לפציינט עומדים לנגד עיניהם, לא פחות מההיבט הרפואי. בכך, אני ממשיך את מורשתו של פרופ' נחום הלפרין, מנהל החטיבה האורתופדית הקודם"".

""אחת המטרות החשובות של המחלקה לאורתופדיה, הינה חינוך דור צעיר של רופאים. כ-15 מתמחים עוברים את תהליך ההתמחות במחלקה לאורתופדיה של המרכז הרפואי שמיר (אסף הרופא), הנחשבת למחלקה מובילה, מקצועית, ומבוקשת להתמחות"".​ ",,,,6,72,6,5,7,2,2,1,"16,954.00","19,965.92","3,011.92",25,2,8.00%,23,92.00%,70.66%,5.2,,69.70%,2,3,3,3,3,5,3,3 - 3,
,מ''ר גדול,מרכז רפואי יצחק שמיר,אורתופדיה,ב,https://www.shamir.org/clinics/orthopedics/ortopedicdepartmentb/,פרופ׳,אנקשטיין יורם,anekspine@gmail.com,,,,,,,"מחלקת אורתופדיה ב', בצוותא עם מחלקת אורתופדיה א' ואורתופדיה ילדים, מרכיבה את חוד החנית של המערך האורתופדי במרכז הרפואי. אורתופדיה ב' כוללת אומנם מחלקה נפרדת מבחינת מבנה, אך למעשה העבודה בה מתבצעת בצורה חטיבתית, כאשר בכל אחת מהמחלקות מרוכזות התמחויות שונות. הייחוד של אורתופדיה ב' מתמקד בשלושה תחומים עיקריים והם: כף רגל וקרסול, עמוד שדרה וכף יד. חולי הטראומה המגיעים למחלקות- מנותבים ביניהן בהתאם.",,,,6,72,6,5,7,2,2,1,"16,954.00","19,965.92","3,011.92",25,2,8.00%,23,92.00%,70.66%,5.2,,69.70%,2,3,3,3,3,5,3,3 - 3,
,מ''ר גדול,מרכז רפואי יצחק שמיר,רפואת ילדים,,https://www.shamir.org/clinics/pediatrics/,ד׳׳ר,רייזלר גד,reisler@shamir.gov.il,,,,,,,"​חטיבת הילדים של המרכז הרפואי שמיר (אסף הרופא) מורכבת ממחלקות, יחידות, מרפאות ושירותים שונים. החטיבה רואה כערך עליון את נושא הנגישות והתמיכה הכוללת למטופל, תוך הדגשת שיוך הילד למקומו הטבעי בקהילה. טיפולים אלו עולים בקנה אחד עם המוטיב המרכזי של חטיבת הילדים: ""עם הפנים לקהילה"". מוטיב זה בא לידי ביטוי בשירותי רפואת ילדים קהילתית בקרב בני מיעוטים, שכבות מצוקה וגזרות דמוגרפיות רב-גוניות.",,,,4.5,61,3,23,8,4,1,1,"16,954.00","19,965.92","3,011.92",41,25,62.50%,15,37.50%,84.92%,4.6,,88.27%,5,7,7,5,4,7,8,5 - 7,
,מ''ר גדול,מרכז רפואי יצחק שמיר,פנימית,א,https://www.shamir.org/clinics/%D7%97%D7%98%D7%99%D7%91%D7%94-%D7%A4%D7%A0%D7%99%D7%9E%D7%99%D7%AA/%D7%A4%D7%A0%D7%99%D7%9E%D7%99%D7%AA-%D7%90-%D7%9E%D7%97%D7%9C%D7%A7%D7%94/,ד׳׳ר,רונית קורן ,,,,,,,,"מחלקת פנימית א’ הינה אחת משבע מחלקות פנימיות במרכז הרפואי. במחלקה מטפלים בחולים שמיר (אסף הרופא), הסובלים ממגוון רב של מחלות, כגון: אי ספיקת לב ומחלת לב איסכמית, סוכרת, אי ספיקת כליות ומחלות זיהומיות שונות",,,,4,55,3,44,31,15,4,2,"16,954.00","19,965.92","3,011.92",86,30,36.59%,52,63.41%,53.19%,4.9,,74.85%,12,12,24,12,15,15,17,12 - 16,
,מ''ר גדול,מרכז רפואי יצחק שמיר,פנימית,ב,https://www.shamir.org/clinics/%D7%97%D7%98%D7%99%D7%91%D7%94-%D7%A4%D7%A0%D7%99%D7%9E%D7%99%D7%AA/%D7%A4%D7%A0%D7%99%D7%9E%D7%99%D7%AA-%D7%91-%D7%9E%D7%97%D7%9C%D7%A7%D7%94/,ד׳׳ר,מזרחי אבי,,,,,,,,"מחלקת אשפוז פנימית ב' היא אחת המחלקות המשתייכות לחטיבה הפנימית של המרכז הרפואי שמיר (אסף הרופא). תחום ההתמחות העיקרי של המחלקה הוא ראומטולוגיה אך המחלקה עוסקת במגוון תחומים הקשורים לרפואה פנימית הכללית הקשור למחלות זיהומיות, מחלות מערכת הנשימה וטיפול מוגבר בחולה המונשם.",,,,4,55,3,44,31,15,4,2,"16,954.00","19,965.92","3,011.92",86,30,36.59%,52,63.41%,53.19%,4.9,,74.85%,12,12,24,12,15,15,17,12 - 16,
,מ''ר גדול,מרכז רפואי יצחק שמיר,פנימית,ג,https://www.shamir.org/clinics/%D7%97%D7%98%D7%99%D7%91%D7%94-%D7%A4%D7%A0%D7%99%D7%9E%D7%99%D7%AA/%D7%A4%D7%A0%D7%99%D7%9E%D7%99%D7%AA-%D7%92-%D7%9E%D7%97%D7%9C%D7%A7%D7%94/,ד׳׳ר,דרור קנטרל,,,,,,,,"""ישנם שני ערכים שמובילים את פעילות מחלקת פנימית ג'. הראשונה, כל העבודה במחלקה נעשית תוך הקפדה על שמירת כבוד האדם וזכויות החולה. ערך חשוב שעומד בראש סדר העדיפויות, הוא של המחלקה ושל בית החולים כמכלול. השנייה, התפתחות מקצועית מתמדת של עובדי המחלקה השונים. המחלקה מעודדת את אנשיה לצאת ללימודים, להמשיך ולהתפתח; כל זאת, במטרה לתת את השירות האיכותי והמקצועי ביותר למטופלים"".",,,,4,55,3,44,31,15,4,2,"16,954.00","19,965.92","3,011.92",86,30,36.59%,52,63.41%,53.19%,4.9,,74.85%,12,12,24,12,15,15,17,12 - 16,
,מ''ר גדול,מרכז רפואי יצחק שמיר,פנימית,ד,https://www.shamir.org/clinics/%D7%97%D7%98%D7%99%D7%91%D7%94-%D7%A4%D7%A0%D7%99%D7%9E%D7%99%D7%AA/%D7%A4%D7%A0%D7%99%D7%9E%D7%99%D7%AA-%D7%93-%D7%9E%D7%97%D7%9C%D7%A7%D7%94/,ד׳׳ר, גלינה הולצמן,,,,,,,,"מחלקת האשפוז פנימית ד', היא אחת המחלקות המשתייכות לחטיבה הפנימית של המרכז הרפואי שמיר (אסף הרופא). פנימית ד' עוסקת באבחון ובטיפול במגוון רב של מטופלים, החולים במחלות פנימיות, בהן מחלות לב, סוכרת, יתר לחץ דם ואירועים מוחיים, מחלות אימונולוגיות, מטבוליות, אונקולוגיות, אנדוקריניות וזיהומיות. ",,,,4,55,3,44,31,15,4,2,"16,954.00","19,965.92","3,011.92",86,30,36.59%,52,63.41%,53.19%,4.9,,74.85%,12,12,24,12,15,15,17,12 - 16,
,מ''ר גדול,מרכז רפואי יצחק שמיר,פנימית,ה,https://www.shamir.org/clinics/%D7%97%D7%98%D7%99%D7%91%D7%94-%D7%A4%D7%A0%D7%99%D7%9E%D7%99%D7%AA/%D7%A4%D7%A0%D7%99%D7%9E%D7%99%D7%AA-%D7%94-%D7%9E%D7%97%D7%9C%D7%A7%D7%94/,ד׳׳ר,משייב יוסף,,,,,,,,"מחלקת פנימית ה' במרכז הרפואי שמיר (אסף הרופא) הינה מחלקה אשפוזית המאבחנת ומטפלת במגוון רחב של מטופלים הסובלים מקשת רחבה של בעיות פנימיות כגון מחלות קרדיווסקולריות, מחלות ריאה, סוכרת, יתר לחץ דם, מחלות זיהומיות ועוד.

כמו כן, המחלקה עוסקת במתן יעוצים בתחום הפנימי למחלקות כירורגית כלי דם ואורטופדיה. המחלקה עוסקת בין השאר גם בהכשרת רופאים לקבלת תואר מומחה ברפואה פנימית.",,,,4,55,3,44,31,15,4,2,"16,954.00","19,965.92","3,011.92",86,30,36.59%,52,63.41%,53.19%,4.9,,74.85%,12,12,24,12,15,15,17,12 - 16,
,מ''ר גדול,מרכז רפואי יצחק שמיר,פנימית,ו,https://www.shamir.org/clinics/%D7%97%D7%98%D7%99%D7%91%D7%94-%D7%A4%D7%A0%D7%99%D7%9E%D7%99%D7%AA/%D7%A4%D7%A0%D7%99%D7%9E%D7%99%D7%AA-%D7%95-%D7%9E%D7%97%D7%9C%D7%A7%D7%94/,ד׳׳ר,איליה מסלקוב,,,,,,,,"""מחלקת פנימית ו' בשמיר (אסף הרופא) הוקמה בשנת 1996 והינה אחת מ - 7 המחלקות הפנימיות של המרכז הרפואי שמיר ""אסף הרופא.

פנימית ו' הינה מחלקה אשפוזית המיועדת למטופלים הסובלים ממחלות פנימיות כגון: מחלות לב וריאה, זיהומים ועוד.

במחלקה 17 חדרי אשפוז המיועדים לחולה אחד או שני חולים. בכל חדר שירותים ומקלחון עבור החולה/ים המאושפז/ים בו. חדר נוסף הינו חדר מוגבר המיועד ל – 8 מונשמים ומאויש באחיות 24 שעות ביממה.",,,,4,55,3,44,31,15,4,2,"16,954.00","19,965.92","3,011.92",86,30,36.59%,52,63.41%,53.19%,4.9,,74.85%,12,12,24,12,15,15,17,12 - 16,
,מ''ר גדול,מרכז רפואי יצחק שמיר,פנימית,ח,,ד׳׳ר,יונתן שפירא,,,,,,,,"רוב המטופלים מגיעים כמקרים דחופים מחדר המיון. חלקם מועברים ממחלקות אשפוז שונות כגון טיפול נמרץ כללי וביניים להמשך ברור וטיפול וחלקם מתקבל באופן אלקטיבי לשם הכנה לבדיקות ופעולות פולשניות.
רופאי המחלקה מחויבים לטיפול רפואי מקצועי ועדכני תוך שמירה על כבוד המטופלים ועל יחסי עבודה מכבדים. חשיבות רבה ניתנת לעבודת צוות ועל כן מתקיים שיח מתמיד בין הרופאים לצוות הסיעודי וליתר העוסקים במלאכה ( פיזיוטרפיסטים, תזונאיות ועובדים סוציאליים).",,,,4,55,3,44,31,15,4,2,"16,954.00","19,965.92","3,011.92",86,30,36.59%,52,63.41%,53.19%,4.9,,74.85%,12,12,24,12,15,15,17,12 - 16,
,מ''ר גדול,מרכז רפואי יצחק שמיר,יילוד וגינקולוגיה,,https://www.shamir.org/clinics/gynecology/,פרופ׳,מיכל קובו,,,,,,,,"אגף נשים ויולדות במרכז הרפואי שמיר (אסף הרופא), מעניק לכן הנשים את כל מגוון השירותים בתחום המיילדות, הגינקולוגית והפריון. האגף כולל את מחלקת הנשים, המחלקות המילדותיות, יחידת אולטרסאונד מתקדמת ויחידות פריון לנשים ולגברים.",,,,6,73,8,6,10,12,5,1,"16,954.00","19,965.92","3,011.92",35,27,77.14%,8,22.86%,74.40%,4.7,,82.48%,6,5,5,4,7,5,3,5 - 6,
,מ''ר גדול,מרכז רפואי יצחק שמיר,פתולוגיה,,https://www.shamir.org/clinics/labs/cytologyandpathology/,,,,,,,,,,"המכון הפתולוגי במרכז הרפואי שמיר (אסף הרופא), מבצע בדיקות אבחנתיות של תאים ורקמות המתקבלים ממטופלים באמצעות ביופסיה או במהלך ניתוח וכן כבדיקה ציטולוגית (משטחים, נוזלי גוף, ניקורי מחט עדינה). ",,,,5,61,7,0,2,3,1,1,"16,954.00","19,965.92","3,011.92",7,6,85.71%,1,14.29%,56.12%,4.5,,58.07%,1,1,0,2,1,0,2,1 - 2,
,מ''ר גדול,מרכז רפואי יצחק שמיר,רפואה דחופה,,https://www.shamir.org/clinics/malrad-%D7%A8%D7%A4%D7%95%D7%90%D7%94-%D7%93%D7%97%D7%95%D7%A4%D7%94-%D7%9E%D7%99%D7%95%D7%9F-%D7%97%D7%93%D7%A8%D7%99-%D7%9E%D7%99%D7%95%D7%9F-%D7%9E%D7%9C%D7%A8%D7%93-%D7%97%D7%93%D7%A8-%D7%9E%D7%99%D7%95%D7%9F/,,,adm@shamir.gov.il,,,,,,,"המחלקה לרפואה דחופה (מלר""ד), במרכז הרפואי שמיר (אסף הרופא), היא מהגדולות בארץ. מדי שנה, מטופלים במחלקות המיון כ-145 אלף פונים בממוצע, וניתן מענה לבעיות רפואיות דחופות של כ-600 אלף תושבים מהמעגל הקרוב. צוותי המחלקות מחויבים לסטנדרטים גבוהים של מצוינות ואיכות במתן טיפול רפואי עדכני ביותר, תוך מתן יחס אישי ואנושי. בסקר ארצי שבדק את רמת שביעות הרצון ממגוון השירותים בחדרי המיון בארץ, המלר""ד במרכז הרפואי שמיר (אסף הרופא) זכה במקום השני בישראל רבתי, ובמקום הראשון מבין חדרי המיון במרכז הארץ.",,,,4.5,51,3,9,3,0,0,1,"16,954.00","19,965.92","3,011.92",13,4,30.77%,9,69.23%,66.27%,4.5,,75.55%,1,1,3,5,5,3,3,2 - 4,
,מ''ר גדול,מרכז רפואי יצחק שמיר,מחלות עיניים,,https://www.shamir.org/clinics/eye/,פרופ׳,ערן פרס,eranpras@gmail.com,,,,,,,"מערך העיניים במרכז הרפואי שמיר (אסף הרופא) ,מהמובילים והגדולים בישראל, כולל מכון עיניים (מרפאות), מחלקת אשפוז וחדרי ניתוח משוכללים ומצוידים במיטב הטכנולוגיה.
המערך מסונף לבית הספר לרפואה באוניברסיטת ת""א, ומדי שנה, לומדים ומשתלמים בו סטודנטים לרפואה וסטז'רים.
במכון העיניים פועלות 10 מרפאות חדישות ומרווחות, המעניקות שירות לאלפי אנשים מאזור השפלה והמרכז.",,,,5,69,3,3,3,3,1,0,"16,954.00","19,965.92","3,011.92",9,4,44.44%,5,55.56%,76.38%,4.5,,71.61%,2,3,1,1,2,2,4,2 - 3,
,מ''ר גדול,מרכז רפואי יצחק שמיר,אף אוזן גרון,,https://www.shamir.org/clinics/aag/,פרופ׳,גבריאל חיים,drhaimgavriel@gmail.com,,,,,,,"צוות המחלקה לאף אוזן גרון, כולל בנוסף למנהל המחלקה, גם עשרה רופאים בכירים ושבעה מתמחים. כמו כן, נמצאים במחלקה סטאג'רים ומתמחי חוץ לפרקי זמן שונים. ",,,,6,78,4,3,2,2,2,0,"16,954.00","19,965.92","3,011.92",13,5,38.46%,8,61.54%,80.08%,4.8,,76.61%,4,1,0,1,2,2,2,1 - 2,
,מ''ר גדול,מרכז רפואי יצחק שמיר,כירורגית כלי דם,,https://www.shamir.org/clinics/bloodvesselsurgical/,ד׳׳ר,איגור רבין,,,,,,,,"עיסוקה של המחלקה הוא במחלות כלי הדם (עורקים, ורידים ודרכי לימפה), בכל חלקי הגוף, פרט למוח וללב. בין המחלות השכיחות: דליות של הורידים, טרומבוזות של הורידים, עתודות העורקים והתרחבות (מפרצת) של העורקים השונים.

בנוסף, המחלקה מטפלת בפצעים קשיי ריפוי, בשיתוף פעולה עם מכון תא הלחץ ואורתופדיה של כף הרגל ומשתמשת בכל הטכניקות המודרניות הקיימות.​",,,,6,96,19,1,0,0,0,0,"16,954.00","19,965.92","3,011.92",4,1,25.00%,3,75.00%,73.91%,4.5,,67.30%,0,0,2,0,2,0,0,0 - 1,
,מ''ר גדול,מרכז רפואי יצחק שמיר,כירורגיה כללית,,https://www.shamir.org/clinics/surgery/,פרופ׳,עודד זמורה,zmorao@shamir.gov.il,,,,,,,"המערך לכירורגיה כללית כולל שתי מחלקות כירורגיות, המאוגדות למערך אחוד המאפשר איחוד משאבים ודגש על מקצוענות כירורגית לטובת המטופלים ובריאותם.
המערך לכירורגיה כללית שבמרכז הרפואי שמיר (אסף הרופא), מטפל מידי שנה בלמעלה מ- 4,000 מנותחים ובכ- 5,000-6,000 מטופלים הפונים לביקורי מרפאה. במערך הכירורגיה קיימים מרכזי מצוינות במגוון תחומים. מומחים בעלי התמחות על בתחומים השונים, המעניקים טיפול כירורגי כוללני למטופל, ומאפשרים שירות מקצועי טוב יותר על ידי צוות קבוע של מומחי-על בתחום. ",,,,6,78,5,3,2,1,0,0,"16,954.00","19,965.92","3,011.92",20,9,50.00%,9,50.00%,84.75%,5,,68.56%,4,2,1,1,3,4,2,2 - 4,
,מ''ר גדול,מרכז רפואי יצחק שמיר,רדיולוגיה (דימות),,https://www.shamir.org/he/clinics/%D7%9E%D7%A2%D7%A8%D7%9A-%D7%94%D7%93%D7%99%D7%9E%D7%95%D7%AA/,פרופ׳,טל סיגל,sigalt@asaf.health.gov.il,,,,,,,"המערך מבצע כ-300,000 פעולות דימות בשנה ומשרת את המחלקות השונות של המרכז הרפואי, כולל המיון, בביצוע בדיקות דימות מגוונות למאושפזים וכן מספק שירות לנבדקים לא מאושפזים  (אמבולטורים) דרך קופות החולים.",,,,5,70,8,1,6,5,1,1,"16,954.00","19,965.92","3,011.92",19,8,44.44%,10,55.56%,78.40%,4.7,,73.50%,1,3,3,2,2,3,4,2 - 3,
,מ''ר גדול,מרכז רפואי יצחק שמיר,כירורגית ילדים,,https://www.shamir.org/clinics/pediatrics/departmentpediatricsurgery/,ד׳׳ר,אסנת זמורה-בלוססקי,ped_surgery@shamir.org,,,,,,,"המחלקה לניתוחי ילדים מטפלת בילדים החל מילודים, פגים ואף עוברים, עד נערים ונערות בני 18 שנים, המתמודדים עם מגוון גדול של מומים מולדים ומחלות נרכשות בבטן, בחזה, באזור הראש והצוואר, כמו גם בילדים וילדות שנפצעו מסיבות שונות.

הצוות שלנו כולל שלושה רופאים מומחים, מתמחים, אחות מומחית קלינית, אחיות מוסמכות, צוות כח עזר, ניקיון ותחזוקה, פסיכולוגית, צוות חינוכי, מומחיות תזונה, עובדות סוציאליות וצוות מינהלי. למידע נוסף לחצו לאנשי צוות מרכזיים.",,,,6,94,38,0,0,0,0,0,"16,954.00","19,965.92","3,011.92",0,0,#DIV/0!,0,#DIV/0!,84.85%,4.5,,66.67%,1,1,0,1,0,0,0,0 - 1,
,מ''ר גדול,מרכז רפואי יצחק שמיר,כירורגיה אורולוגית,,https://www.shamir.org/clinics/urologysurgery1/,פרופ׳,זיסמן אמנון,Urology@shamir.gov.il,,,,,,,,,,,6,70,8,5,1,3,0,1,"16,954.00","19,965.92","3,011.92",12,0,0.00%,11,100.00%,67.19%,5,,74.33%,1,1,0,1,4,1,2,1 - 2,
,מ''ר גדול,מרכז רפואי יצחק שמיר,קרדיולוגיה,,https://www.shamir.org/clinics/cardiology/,פרופ׳,שמואל פוקס,shmulik.fuchs@gmail.com,,,,,,,"""המערך הקרדיולוגי במרכז הרפואי שמיר (אסף הרופא) הוא מהמתקדמים בישראל.

צוות המערך כולל רופאים, אחיות, טכנאים ואנשי מנהלה, אשר אמונים על מתן טיפול רפואי מיטבי, בכל שעות היממה.

חרטנו על דגלנו לאבחן ולטפל באופן אישי בכל אחד ואחת מכם, תוך שימוש בטכנולוגיות המתקדמות ביותר.

הטיפול, המתחיל לעיתים כפעולה דחופה מצילת חיים, ממשיך באשפוז באחת מיחידות הטפול נמרץ ונמשך לאחר מכן, לאורך חודשים ושנים, במסגרת מרפאות ושרותי מכון הלב.""",,,,6.5,64,8,1,1,0,0,0,"16,954.00","19,965.92","3,011.92",3,1,33.33%,2,66.67%,#DIV/0!,4.5,,#DIV/0!,2,1,1,3,0,1,3,1 - 3,
,מ''ר גדול,מרכז רפואי יצחק שמיר,נוירולוגיה,,https://www.shamir.org/clinics/neurology/,ד׳׳ר,שלומי פרץ,shlomip@shamir.gov.il,,,,,,,"מטרת העל של המערך הנוירולוגי במרכז הרפואי שמיר היא להעניק אבחון וטיפול ברמה הגבוהה ביותר למטופלים הסובלים ממגוון מחלות של מערכת העצבים המרכזית וההיקפית.

המערך הנוירולוגי כולל בתוכו את מחלקת האשפוז הנוירולוגי, היחידה הנוירוכירורגית, אשפוז יום נוירולוגי והמכון הנוירולוגי (מרפאות חוץ).",,,,5,66,3,2,2,1,1,0,"16,954.00","19,965.92","3,011.92",14,6,42.86%,8,57.14%,66.47%,4.6,,78.95%,1,1,1,1,2,2,1,1 - 2,
,מ''ר גדול,מרכז רפואי יצחק שמיר,כירורגיה פלסטית ואסתטית,,https://www.shamir.org/clinics/plasticsurgery/,פרופ׳,ליאור הלר,hellersurgery@gmail.com,,,,,,,"המחלקה לכירורגיה פלסטית שייכת לחטיבה הכירורגית של המרכז הרפואי שמיר (אסף הרופא). המחלקה עוסקת בכירורגיה משחזרת, על כל רבדיה, תוך כדי שיתוף פעולה עם המחלקות השונות בבית החולים.

המחלקה מעניקה שירות בתחום הניתוחים הקוסמטיים והטיפולים האסתטיים. צוות המחלקה עושה שימוש במגוון טכנולוגיות מתקדמות לרווחת המטופלים כדוגמת שימוש באמצעי חבישה מודרניים, שתלים בעלי תו תקן מחמיר ואמצעים הדמתיים וכירורגיים מתוחכמים.",,,,6,78,14,0,2,4,3,1,"16,954.00","19,965.92","3,011.92",12,4,33.33%,8,66.67%,74.65%,4.5,,66.60%,1,2,0,0,2,2,2,1 - 2,
,מ''ר גדול,מרכז רפואי יצחק שמיר,הרדמה,,https://www.shamir.org/clinics/anesthesia/,ד׳׳ר,חייטוב בן זקרי זויה,,,,,,NUCMED@SHAMIR.GOV.IL,,"חדרי הניתוח וההרדמה במרכז הרפואי כוללים 22 חדרי ניתוח, מתוכם 6 חדרי ניתוח במסגרת אמבולטורית. מערך ההרדמה וחדרי הניתוח פועלים 24 שעות ביממה. בחטיבה יש כמה יחידות המאובזרות במיטב הטכנולוגיות – חדר ניתוח כללי, התעוררות, טיפול נמרץ נשימתי כירורגי, חדר ניתוח אמבולטורי, מכון כאב, חדרי ניתוח כהנוב, חדר לידה ושירות סדציה. 

רופאי המערך נותנים מענה לניתוחים מתוכננים, כמו גם לניתוחי חירום. הצוות המקצועי הוא רב תחומי וכולל רופאים מרדימים, אחיות ומזכירות. כמו כן, צוות מהנדסים וביוטכנאים האחראים על תקינות והפעלת הציוד המקצועי המתקדם העומד לרשות צוות חדר ניתוח והרופאים המרדימים והמנתחים.",,,,5,82,3,5,5,1,0,0,"16,954.00","19,965.92","3,011.92",49,18,36.73%,31,63.27%,52.75%,4.5,,61.25%,2,8,5,4,3,1,2,2 - 5,
,מ''ר גדול,מרכז רפואי יצחק שמיר,רפואה גרעינית,,https://www.shamir.org/he/clinic/%D7%A8%D7%A4%D7%95%D7%90%D7%94-%D7%92%D7%A8%D7%A2%D7%99%D7%A0%D7%99%D7%AA-%D7%9E%D7%9B%D7%95%D7%9F/,ד׳׳ר,כהן-פור מהרזד,,,,,,,,"המחלקה האונקולוגית בניהולה של ד""ר זלטה חרומוי, מרכזת את הטיפול בחולים אונקולוגיים במרכז הרפואי שמיר (אסף הרופא). המחלקה כוללת צוות נרחב ומקצועי המעניק טיפול אנושי ואמפתי תוך מתן מענה רחבככל האפשר לצרכים המשתנים.המחלקה משופצת וכוללת 20 מיטות אישפוז, חדרי בידוד, ניטור לב מרכזי, אזור ייעודי לטיפולים ציטוטוקסיים ועוד.",,,,4.5,#DIV/0!,17,0,3,1,0,1,"16,954.00","19,965.92","3,011.92",7,5,71.43%,2,28.57%,58.33%,4.5,,51.83%,0,0,1,2,2,0,0,0 - 2,
,מ''ר גדול,מרכז רפואי יצחק שמיר,אונקולוגיה,,https://www.shamir.org/clinics/oncology/,ד׳׳ר,זלטה חרומוי,,,,,,,,,,,,5.5,60,5,3,1,0,1,0,"16,954.00","19,965.92","3,011.92",5,4,80.00%,1,20.00%,77.68%,4.7,,69.12%,0,0,2,0,1,0,2,0 - 2,
,מ''ר גדול,מרכז רפואי יצחק שמיר,כירורגיה של בית החזה,,https://www.shamir.org/clinics/chestsurgery/,ד׳׳ר,ניר גולן,,,,,,,,"המחלקה מציעה לציבור הרחב לא רק את מיטב המכשור הרפואי בתחום ניתוחי החזה אלא גם צוות מקצועי ובעל ניסיון רב. ניתוחי החזה במחלקה מתבצעים תוך שימוש בטכנולוגיות חדשניות, תשומת לב ואכפתיות מרביים. ייחודה של המחלקה הוא שיטות הטיפול השונות ומגוון ניתוחי החזה המתבצעים בה, המאפשרים לרופאים להתאים את הטיפול המתאים לכל מטופל.",,,,6,#DIV/0!,39,0,1,1,0,0,"16,954.00","19,965.92","3,011.92",2,0,0.00%,2,100.00%,91.89%,4.5,,84.88%,0,0,0,0,1,0,1,0 - 1,
,מ''ר גדול,"מרכז רפואי רמב""ם",רפואה דחופה,,,,,,,,,,,,,,,,4.5,58,4,7,7,0,1,1,"16,954.00","19,965.92","3,011.92",9,4,50.00%,4,50.00%,66.27%,4.5,,75.55%,2,3,2,6,4,2,6,2 - 5,
,מ''ר גדול,"מרכז רפואי רמב""ם",הרדמה,,,,,,,,,,,,,,,,5,78,2,18,7,5,3,0,"16,954.00","19,965.92","3,011.92",48,19,39.58%,29,60.42%,52.75%,4.5,,61.25%,6,4,8,2,7,7,9,5 - 8,
,מ''ר גדול,"מרכז רפואי רמב""ם",רפואת ילדים,,,,,,,,,,,,,,,,4.5,57,4,22,12,12,4,1,"16,954.00","19,965.92","3,011.92",31,20,71.43%,8,28.57%,84.92%,4.6,,88.27%,5,7,8,10,4,6,6,6 - 8,
,מ''ר גדול,"מרכז רפואי רמב""ם",אורתופדיה,,,,,,,,,,,,,,,,6,75,5,11,6,5,2,0,"16,954.00","19,965.92","3,011.92",21,5,23.81%,16,76.19%,70.66%,5.2,,69.70%,2,4,2,1,4,3,5,2 - 4,
,מ''ר גדול,"מרכז רפואי רמב""ם",פנימית,,,,,,,,,,,,,,,,4,51,2,83,31,8,3,2,"16,954.00","19,965.92","3,011.92",75,36,49.32%,37,50.68%,53.19%,4.9,,74.85%,8,14,17,20,17,23,15,15 - 19,
,מ''ר גדול,"מרכז רפואי רמב""ם",קרדיולוגיה,,,,,,,,,,,,,,,,6.5,#DIV/0!,28,10,2,2,0,0,"16,954.00","19,965.92","3,011.92",1,1,100.00%,0,0.00%,#DIV/0!,4.5,,#DIV/0!,2,2,2,3,3,4,3,2 - 3,
,מ''ר גדול,"מרכז רפואי רמב""ם",אונקולוגיה,,,,,,,,,,,,,,,,5.5,77,4,12,2,1,0,2,"16,954.00","19,965.92","3,011.92",21,11,57.89%,8,42.11%,77.68%,4.7,,69.12%,4,3,4,0,5,1,4,2 - 4,
,מ''ר גדול,"מרכז רפואי רמב""ם",יילוד וגינקולוגיה,,,,,,,,,,,,,,,,6,76,5,14,10,5,1,0,"16,954.00","19,965.92","3,011.92",25,18,72.00%,7,28.00%,74.40%,4.7,,82.48%,4,6,5,4,2,4,4,4 - 5,
,מ''ר גדול,"מרכז רפואי רמב""ם",כירורגיה כללית,,,,,,,,,,,,,,,,6,85,4,7,6,2,4,0,"16,954.00","19,965.92","3,011.92",23,9,40.91%,13,59.09%,84.75%,5,,68.56%,2,3,1,4,2,5,2,2 - 4,
,מ''ר גדול,"מרכז רפואי רמב""ם",כירורגיה פלסטית ואסתטית,,,,,,,,,,,,,,,,6,#DIV/0!,18,0,1,1,5,1,"16,954.00","19,965.92","3,011.92",8,3,37.50%,5,62.50%,74.65%,4.5,,66.60%,1,0,3,0,2,1,2,1 - 2,
,מ''ר גדול,"מרכז רפואי רמב""ם",רדיולוגיה (דימות),,,,,,,,,,,,,,,,5,63,4,9,8,4,4,0,"16,954.00","19,965.92","3,011.92",23,10,45.45%,12,54.55%,78.40%,4.7,,73.50%,4,3,3,3,2,5,8,3 - 5,
,מ''ר גדול,"מרכז רפואי רמב""ם",נוירולוגיה,,,,,,,,,,,,,,,,5,68,2,6,3,3,5,2,"16,954.00","19,965.92","3,011.92",20,8,40.00%,12,60.00%,66.47%,4.6,,78.95%,2,2,3,3,2,7,5,2 - 4,
,מ''ר גדול,"מרכז רפואי רמב""ם",כירורגית כלי דם,,,,,,,,,,,,,,,,6,#DIV/0!,26,1,1,0,0,1,"16,954.00","19,965.92","3,011.92",3,1,33.33%,2,66.67%,73.91%,4.5,,67.30%,1,1,0,1,2,0,0,0 - 1,
,מ''ר גדול,"מרכז רפואי רמב""ם",נוירוכירורגיה,,,,,,,,,,,,,,,,6,67,2,5,4,1,0,0,"16,954.00","19,965.92","3,011.92",8,4,50.00%,4,50.00%,88.31%,4.5,,66.00%,1,1,2,0,1,2,3,1 - 2,
,מ''ר גדול,"מרכז רפואי רמב""ם",אף אוזן גרון,,,,,,,,,,,,,,,,6,#DIV/0!,5,1,3,4,0,1,"16,954.00","19,965.92","3,011.92",11,4,40.00%,6,60.00%,80.08%,4.8,,76.61%,0,0,0,3,1,3,0,0 - 2,
,מ''ר גדול,"מרכז רפואי רמב""ם",רפואת עור,,,,,,,,,,,,,,,,5,70,16,0,5,1,3,0,"16,954.00","19,965.92","3,011.92",16,8,50.00%,8,50.00%,86.03%,4.5,,79.63%,0,0,2,1,3,5,2,1 - 3,
,מ''ר גדול,"מרכז רפואי רמב""ם",פסיכיאטריה של הילד והמתבגר,,,,,,,,,,,,,,,,5,#DIV/0!,3,1,1,0,0,0,"16,954.00","19,965.92","3,011.92",3,2,66.67%,1,33.33%,#DIV/0!,4.5,,73.37%,0,0,0,0,0,2,1,0 - 1,
,מ''ר גדול,"מרכז רפואי רמב""ם",כירורגיה אורולוגית,,,,,,,,,,,,,,,,6,71,5,2,4,0,0,0,"16,954.00","19,965.92","3,011.92",9,3,33.33%,6,66.67%,67.19%,5,,74.33%,2,0,1,2,1,0,2,1 - 2,
,מ''ר גדול,"מרכז רפואי רמב""ם",פסיכיאטריה,,,,,,,,,,,,,,,,4.5,52,6,9,4,1,0,1,"16,954.00","19,965.92","3,011.92",14,6,42.86%,8,57.14%,78.17%,4.7,,62.28%,1,2,2,3,3,3,2,2 - 3,
,מ''ר גדול,"מרכז רפואי רמב""ם",מחלות עיניים,,,,,,,,,,,,,,,,5,59,3,3,0,3,1,1,"16,954.00","19,965.92","3,011.92",14,5,35.71%,9,64.29%,76.38%,4.5,,71.61%,0,4,1,1,1,3,4,1 - 4,
,מ''ר גדול,"מרכז רפואי רמב""ם",רפואה גרעינית,,,,,,,,,,,,,,,,4.5,60,3,3,2,0,0,0,"16,954.00","19,965.92","3,011.92",3,2,66.67%,1,33.33%,58.33%,4.5,,51.83%,2,1,0,1,2,2,0,1 - 2,
,מ''ר גדול,"מרכז רפואי רמב""ם",כירורגית ילדים,,,,,,,,,,,,,,,,6,#DIV/0!,11,1,0,1,1,1,"16,954.00","19,965.92","3,011.92",3,2,66.67%,1,33.33%,84.85%,4.5,,66.67%,2,1,0,0,1,0,1,0 - 1,
,מ''ר גדול,"מרכז רפואי רמב""ם",פתולוגיה,,,,,,,,,,,,,,,,5,53,8,1,2,4,0,0,"16,954.00","19,965.92","3,011.92",9,5,55.56%,4,44.44%,56.12%,4.5,,58.07%,1,1,1,1,2,2,0,1 - 2,
,מ''ר גדול,"מרכז רפואי רמב""ם",כירורגיה של בית החזה,,,,,,,,,,,,,,,,6,71,4,4,3,1,0,1,"16,954.00","19,965.92","3,011.92",6,2,33.33%,4,66.67%,91.89%,4.5,,84.88%,3,1,0,1,2,1,2,1 - 2,
,מ''ר גדול,"מרכז רפואי ת""א סוראסקי",רפואה דחופה,,,,,,,,,,,,,,,,4.5,57,4,14,8,1,3,0,"16,954.00","19,965.92","3,011.92",16,6,37.50%,10,62.50%,66.27%,4.5,,75.55%,10,9,6,4,5,6,4,5 - 8,
,מ''ר גדול,"מרכז רפואי ת""א סוראסקי",הרדמה,,,,,,,,,,,,,,,,5,66,4,38,20,3,1,0,"16,954.00","19,965.92","3,011.92",81,19,24.05%,60,75.95%,52.75%,4.5,,61.25%,6,5,4,7,8,15,12,6 - 10,
,מ''ר גדול,"מרכז רפואי ת""א סוראסקי",רפואת ילדים,,,,,,,,,,,,,,,,4.5,61,6,29,46,8,2,0,"16,954.00","19,965.92","3,011.92",64,30,47.62%,33,52.38%,84.92%,4.6,,88.27%,7,7,7,18,10,10,14,7 - 12,
,מ''ר גדול,"מרכז רפואי ת""א סוראסקי",אורתופדיה,,,,,,,,,,,,,,,,6,81,4,9,10,6,2,0,"16,954.00","19,965.92","3,011.92",29,3,10.34%,26,89.66%,70.66%,5.2,,69.70%,2,3,4,2,5,3,3,3 - 4,
,מ''ר גדול,"מרכז רפואי ת""א סוראסקי",פנימית,,,,,,,,,,,,,,,,4,54,3,93,61,30,4,1,"16,954.00","19,965.92","3,011.92",151,70,46.98%,79,53.02%,53.19%,4.9,,74.85%,22,30,23,23,28,28,25,23 - 28,
,מ''ר גדול,"מרכז רפואי ת""א סוראסקי",קרדיולוגיה,,,,,,,,,,,,,,,,6.5,#DIV/0!,#N/A,9,3,3,0,0,"16,954.00","19,965.92","3,011.92",3,1,33.33%,2,66.67%,#DIV/0!,4.5,,#DIV/0!,6,3,4,4,5,4,3,4 - 5,
,מ''ר גדול,"מרכז רפואי ת""א סוראסקי",אונקולוגיה,,,,,,,,,,,,,,,,5.5,79,3,8,7,2,2,0,"16,954.00","19,965.92","3,011.92",24,14,63.64%,8,36.36%,77.68%,4.7,,69.12%,5,2,4,5,3,3,3,3 - 5,
,מ''ר גדול,"מרכז רפואי ת""א סוראסקי",יילוד וגינקולוגיה,,,,,,,,,,,,,,,,6,79,10,5,17,27,1,2,"16,954.00","19,965.92","3,011.92",51,33,66.00%,17,34.00%,74.40%,4.7,,82.48%,8,6,6,4,6,8,6,6 - 7,
,מ''ר גדול,"מרכז רפואי ת""א סוראסקי",כירורגיה כללית,,,,,,,,,,,,,,,,6,82,3,22,5,5,3,0,"16,954.00","19,965.92","3,011.92",46,18,40.91%,26,59.09%,84.75%,5,,68.56%,8,8,1,8,6,2,9,4 - 8,
,מ''ר גדול,"מרכז רפואי ת""א סוראסקי",כירורגיה פלסטית ואסתטית,,,,,,,,,,,,,,,,6,77,20,3,1,5,3,3,"16,954.00","19,965.92","3,011.92",14,5,35.71%,9,64.29%,74.65%,4.5,,66.60%,1,2,3,2,1,1,5,1 - 3,
,מ''ר גדול,"מרכז רפואי ת""א סוראסקי",רדיולוגיה (דימות),,,,,,,,,,,,,,,,5,67,5,14,9,7,1,0,"16,954.00","19,965.92","3,011.92",32,12,40.00%,18,60.00%,78.40%,4.7,,73.50%,4,5,4,5,7,6,4,4 - 6,
,מ''ר גדול,"מרכז רפואי ת""א סוראסקי",נוירולוגיה,,,,,,,,,,,,,,,,5,64,2,10,10,3,0,0,"16,954.00","19,965.92","3,011.92",21,11,57.89%,8,42.11%,66.47%,4.6,,78.95%,4,2,5,3,4,3,3,3 - 4,
,מ''ר גדול,"מרכז רפואי ת""א סוראסקי",כירורגית כלי דם,,,,,,,,,,,,,,,,6,81,1,4,1,1,1,0,"16,954.00","19,965.92","3,011.92",7,2,28.57%,5,71.43%,73.91%,4.5,,67.30%,1,0,1,0,2,1,0,0 - 1,
,מ''ר גדול,"מרכז רפואי ת""א סוראסקי",נוירוכירורגיה,,,,,,,,,,,,,,,,6,82,3,6,4,1,0,0,"16,954.00","19,965.92","3,011.92",17,3,17.65%,14,82.35%,88.31%,4.5,,66.00%,1,0,2,2,3,2,1,1 - 2,
,מ''ר גדול,"מרכז רפואי ת""א סוראסקי",אף אוזן גרון,,,,,,,,,,,,,,,,6,73,5,0,10,8,3,0,"16,954.00","19,965.92","3,011.92",18,9,52.94%,8,47.06%,80.08%,4.8,,76.61%,3,2,2,4,1,1,4,2 - 4,
,מ''ר גדול,"מרכז רפואי ת""א סוראסקי",רפואת עור,,,,,,,,,,,,,,,,5,71,8,8,9,4,1,0,"16,954.00","19,965.92","3,011.92",24,13,54.17%,11,45.83%,86.03%,4.5,,79.63%,3,3,2,4,6,4,4,3 - 4,
,מ''ר גדול,"מרכז רפואי ת""א סוראסקי",פסיכיאטריה של הילד והמתבגר,,,,,,,,,,,,,,,,5,#DIV/0!,#N/A,0,0,0,0,0,"16,954.00","19,965.92","3,011.92",0,0,#DIV/0!,0,#DIV/0!,#DIV/0!,4.5,,73.37%,0,0,0,0,0,0,0,0 - 0,
,מ''ר גדול,"מרכז רפואי ת""א סוראסקי",כירורגיה אורולוגית,,,,,,,,,,,,,,,,6,76,6,4,2,1,1,0,"16,954.00","19,965.92","3,011.92",11,3,27.27%,8,72.73%,67.19%,5,,74.33%,0,2,1,1,2,0,2,1 - 2,
,מ''ר גדול,"מרכז רפואי ת""א סוראסקי",פסיכיאטריה,,,,,,,,,,,,,,,,4.5,51,2,3,11,3,0,0,"16,954.00","19,965.92","3,011.92",15,6,40.00%,9,60.00%,78.17%,4.7,,62.28%,1,2,3,2,3,3,3,2 - 3,
,מ''ר גדול,"מרכז רפואי ת""א סוראסקי",מחלות עיניים,,,,,,,,,,,,,,,,5,70,3,4,6,3,2,0,"16,954.00","19,965.92","3,011.92",29,11,39.29%,17,60.71%,76.38%,4.5,,71.61%,6,3,1,3,3,3,3,3 - 3,
,מ''ר גדול,"מרכז רפואי ת""א סוראסקי",רפואה גרעינית,,,,,,,,,,,,,,,,4.5,55,13,4,1,2,0,0,"16,954.00","19,965.92","3,011.92",6,5,83.33%,1,16.67%,58.33%,4.5,,51.83%,0,2,1,1,1,3,1,1 - 2,
,מ''ר גדול,"מרכז רפואי ת""א סוראסקי",כירורגית ילדים,,,,,,,,,,,,,,,,6,62,33,0,0,2,2,1,"16,954.00","19,965.92","3,011.92",6,1,16.67%,5,83.33%,84.85%,4.5,,66.67%,2,0,1,1,0,0,1,0 - 1,
,מ''ר גדול,"מרכז רפואי ת""א סוראסקי",פתולוגיה,,,,,,,,,,,,,,,,5,57,8,3,2,3,1,1,"16,954.00","19,965.92","3,011.92",16,10,62.50%,6,37.50%,56.12%,4.5,,58.07%,1,1,0,2,4,1,1,1 - 2,
,מ''ר גדול,"מרכז רפואי ת""א סוראסקי",כירורגיה של בית החזה,,,,,,,,,,,,,,,,6,67,12,1,3,3,2,0,"16,954.00","19,965.92","3,011.92",10,1,10.00%,9,90.00%,91.89%,4.5,,84.88%,1,1,1,1,1,2,2,1 - 2,
,מ''ר גדול,"ביה""ח בילינסון מרכז רפואי רבין",רפואה דחופה,,,,,,,,,,,,,,,,4.5,67,7,6,2,3,2,0,"16,954.00","19,965.92","3,011.92",11,4,36.36%,7,63.64%,66.27%,4.5,,75.55%,4,2,5,0,4,4,3,3 - 4,
,מ''ר גדול,"ביה""ח בילינסון מרכז רפואי רבין",הרדמה,,,,,,,,,,,,,,,,5,63,3,26,15,6,0,0,"16,954.00","19,965.92","3,011.92",64,14,24.56%,43,75.44%,52.75%,4.5,,61.25%,6,5,10,5,8,9,6,6 - 9,
,מ''ר גדול,"ביה""ח בילינסון מרכז רפואי רבין",רפואת ילדים,,,,,,,,,,,,,,,,4.5,#DIV/0!,#N/A,0,0,0,0,0,"16,954.00","19,965.92","3,011.92",13,8,61.54%,5,38.46%,84.92%,4.6,,88.27%,0,0,0,0,0,0,0,0 - 0,
,מ''ר גדול,"ביה""ח בילינסון מרכז רפואי רבין",אורתופדיה,,,,,,,,,,,,,,,,6,70,9,6,4,4,4,1,"16,954.00","19,965.92","3,011.92",27,4,15.38%,22,84.62%,70.66%,5.2,,69.70%,1,4,1,2,3,7,6,2 - 5,
,מ''ר גדול,"ביה""ח בילינסון מרכז רפואי רבין",פנימית,,,,,,,,,,,,,,,,4,55,3,74,43,19,2,0,"16,954.00","19,965.92","3,011.92",101,51,53.68%,44,46.32%,53.19%,4.9,,74.85%,16,12,22,19,18,17,18,17 - 19,
,מ''ר גדול,"ביה""ח בילינסון מרכז רפואי רבין",קרדיולוגיה,,,,,,,,,,,,,,,,6.5,#DIV/0!,27,20,3,1,1,0,"16,954.00","19,965.92","3,011.92",4,0,0.00%,3,100.00%,#DIV/0!,4.5,,#DIV/0!,2,5,8,3,1,7,6,3 - 7,
,מ''ר גדול,"ביה""ח בילינסון מרכז רפואי רבין",אונקולוגיה,,,,,,,,,,,,,,,,5.5,72,5,6,16,0,1,0,"16,954.00","19,965.92","3,011.92",22,17,77.27%,5,22.73%,77.68%,4.7,,69.12%,1,5,4,4,7,3,4,4 - 5,
,מ''ר גדול,"ביה""ח בילינסון מרכז רפואי רבין",יילוד וגינקולוגיה,,,,,,,,,,,,,,,,6,73,9,7,16,7,5,0,"16,954.00","19,965.92","3,011.92",38,25,65.79%,13,34.21%,74.40%,4.7,,82.48%,4,4,7,2,5,6,5,4 - 6,
,מ''ר גדול,"ביה""ח בילינסון מרכז רפואי רבין",כירורגיה כללית,,,,,,,,,,,,,,,,6,84,5,9,6,2,2,0,"16,954.00","19,965.92","3,011.92",37,16,45.71%,19,54.29%,84.75%,5,,68.56%,3,1,2,3,6,8,4,3 - 5,
,מ''ר גדול,"ביה""ח בילינסון מרכז רפואי רבין",כירורגיה פלסטית ואסתטית,,,,,,,,,,,,,,,,6,84,16,3,1,5,3,0,"16,954.00","19,965.92","3,011.92",11,2,18.18%,9,81.82%,74.65%,4.5,,66.60%,2,1,1,0,3,4,1,1 - 3,
,מ''ר גדול,"ביה""ח בילינסון מרכז רפואי רבין",רדיולוגיה (דימות),רבין,,,,,,,,,,,,,,,5,63,7,9,12,2,0,0,"16,954.00","19,965.92","3,011.92",30,15,55.56%,12,44.44%,78.40%,4.7,,73.50%,3,6,4,4,6,4,5,4 - 6,
,מ''ר גדול,"ביה""ח בילינסון מרכז רפואי רבין",נוירולוגיה,,,,,,,,,,,,,,,,5,59,3,6,3,3,1,0,"16,954.00","19,965.92","3,011.92",15,10,66.67%,5,33.33%,66.47%,4.6,,78.95%,3,1,3,3,3,2,2,2 - 3,
,מ''ר גדול,"ביה""ח בילינסון מרכז רפואי רבין",כירורגית כלי דם,,,,,,,,,,,,,,,,6,76,6,2,1,2,0,0,"16,954.00","19,965.92","3,011.92",5,2,40.00%,3,60.00%,73.91%,4.5,,67.30%,0,0,0,1,1,2,1,0 - 1,
,מ''ר גדול,"ביה""ח בילינסון מרכז רפואי רבין",נוירוכירורגיה,,,,,,,,,,,,,,,,6,#DIV/0!,2,3,5,2,0,0,"16,954.00","19,965.92","3,011.92",14,6,42.86%,8,57.14%,88.31%,4.5,,66.00%,1,2,3,0,2,2,0,1 - 2,
,מ''ר גדול,"ביה""ח בילינסון מרכז רפואי רבין",אף אוזן גרון,,,,,,,,,,,,,,,,6,77,6,4,4,7,3,1,"16,954.00","19,965.92","3,011.92",19,8,42.11%,11,57.89%,80.08%,4.8,,76.61%,4,3,1,2,2,6,2,2 - 4,
,מ''ר גדול,"ביה""ח בילינסון מרכז רפואי רבין",רפואת עור,,,,,,,,,,,,,,,,5,66,10,7,7,6,6,0,"16,954.00","19,965.92","3,011.92",29,22,75.86%,7,24.14%,86.03%,4.5,,79.63%,5,4,4,3,6,7,7,4 - 7,
,מ''ר גדול,"ביה""ח בילינסון מרכז רפואי רבין",פסיכיאטריה של הילד והמתבגר,,,,,,,,,,,,,,,,5,#DIV/0!,#N/A,0,0,0,0,0,"16,954.00","19,965.92","3,011.92",0,0,#DIV/0!,0,#DIV/0!,#DIV/0!,4.5,,73.37%,0,0,0,0,0,0,0,0 - 0,
,מ''ר גדול,"ביה""ח בילינסון מרכז רפואי רבין",כירורגיה אורולוגית,,,,,,,,,,,,,,,,6,57,4,0,6,2,1,0,"16,954.00","19,965.92","3,011.92",9,3,33.33%,6,66.67%,67.19%,5,,74.33%,1,1,3,1,1,0,1,1 - 1,
,מ''ר גדול,"ביה""ח בילינסון מרכז רפואי רבין",פסיכיאטריה,,,,,,,,,,,,,,,,4.5,#DIV/0!,#N/A,0,0,0,0,0,"16,954.00","19,965.92","3,011.92",1,0,0.00%,1,100.00%,78.17%,4.7,,62.28%,0,0,0,0,0,0,0,0 - 0,
,מ''ר גדול,"ביה""ח בילינסון מרכז רפואי רבין",מחלות עיניים,רבין,,,,,,,,,,,,,,,5,60,5,4,7,3,3,1,"16,954.00","19,965.92","3,011.92",19,10,58.82%,7,41.18%,76.38%,4.5,,71.61%,4,2,3,3,3,3,1,3 - 3,
,מ''ר גדול,"ביה""ח בילינסון מרכז רפואי רבין",רפואה גרעינית,,,,,,,,,,,,,,,,4.5,59,14,0,2,2,0,0,"16,954.00","19,965.92","3,011.92",6,4,66.67%,2,33.33%,58.33%,4.5,,51.83%,0,2,1,1,0,0,1,0 - 1,
,מ''ר גדול,"ביה""ח בילינסון מרכז רפואי רבין",כירורגית ילדים,,,,,,,,,,,,,,,,6,#DIV/0!,#N/A,0,0,0,0,0,"16,954.00","19,965.92","3,011.92",1,0,0.00%,1,100.00%,84.85%,4.5,,66.67%,0,0,0,0,0,0,0,0 - 0,
,מ''ר גדול,"ביה""ח בילינסון מרכז רפואי רבין",פתולוגיה,רבין,,,,,,,,,,,,,,,5,69,2,3,2,5,1,0,"16,954.00","19,965.92","3,011.92",18,10,58.82%,7,41.18%,56.12%,4.5,,58.07%,2,1,3,0,1,3,2,1 - 3,
,מ''ר גדול,"ביה""ח בילינסון מרכז רפואי רבין",כירורגיה של בית החזה,,,,,,,,,,,,,,,,6,102,5,4,1,1,1,0,"16,954.00","19,965.92","3,011.92",10,3,30.00%,7,70.00%,91.89%,4.5,,84.88%,2,0,0,2,2,1,1,1 - 2,
,מ''ר גדול,מרכז רפואי שערי צדק,רפואה דחופה,,,דר,טוד זלוט,er@szmc.org.il,,,,,,,,,,,4.5,54,2,19,5,1,1,0,"16,954.00","19,965.92","3,011.92",15,5,33.33%,10,66.67%,66.27%,4.5,,75.55%,2,3,3,5,3,5,5,3 - 5,
,מ''ר גדול,מרכז רפואי שערי צדק,הרדמה,,,פרופ׳,יעקב גוזל,gozaly@szmc.org.il,,,,,,,,,,,5,66,3,15,6,4,3,0,"16,954.00","19,965.92","3,011.92",30,8,27.59%,21,72.41%,52.75%,4.5,,61.25%,2,4,6,4,4,6,6,4 - 6,
,מ''ר גדול,מרכז רפואי שערי צדק,רפואת ילדים,,,פרופ׳,יחיאל שלזינגר,yechiel@szmc.org.il,,,,,,,,,,,4.5,60,3,35,9,2,3,1,"16,954.00","19,965.92","3,011.92",43,28,66.67%,14,33.33%,84.92%,4.6,,88.27%,3,8,9,10,7,5,6,6 - 9,
,מ''ר גדול,מרכז רפואי שערי צדק,אורתופדיה,,,ד׳׳ר,ידין לוי,shensec@szmc.org.il,,,,,,,,,,,6,73,4,6,3,3,1,3,"16,954.00","19,965.92","3,011.92",24,3,12.50%,21,87.50%,70.66%,5.2,,69.70%,2,1,3,4,1,2,3,2 - 3,
,מ''ר גדול,מרכז רפואי שערי צדק,פנימית,א,,פרופ׳,דיויד כץ,dkatz@szmc.org.il,,,,,,,,,,,4,54,2,41,12,7,3,5,"16,954.00","19,965.92","3,011.92",74,27,37.50%,45,62.50%,53.19%,4.9,,74.85%,10,6,15,9,8,10,13,9 - 12,
,מ''ר גדול,מרכז רפואי שערי צדק,פנימית,ב,,ד׳׳ר,שושנה זווין,szevin@szmc.org.il,,,,,,,,,,,4,54,2,41,12,7,3,5,"16,954.00","19,965.92","3,011.92",74,27,37.50%,45,62.50%,53.19%,4.9,,74.85%,10,6,15,9,8,10,13,9 - 12,
,מ''ר גדול,מרכז רפואי שערי צדק,פנימית,ג,,ד׳׳ר,גבריאל מונטר,gmunter@szmc.org.il,,,,,,,,,,,4,54,2,41,12,7,3,5,"16,954.00","19,965.92","3,011.92",74,27,37.50%,45,62.50%,53.19%,4.9,,74.85%,10,6,15,9,8,10,13,9 - 12,
,מ''ר גדול,מרכז רפואי שערי צדק,פנימית,ד,,פרופ׳,טליה וולק,talyaw@szmc.org.il,,,,,,,,,,,4,54,2,41,12,7,3,5,"16,954.00","19,965.92","3,011.92",74,27,37.50%,45,62.50%,53.19%,4.9,,74.85%,10,6,15,9,8,10,13,9 - 12,
,מ''ר גדול,מרכז רפואי שערי צדק,קרדיולוגיה,,,פרופ׳,מיכאל גליקסון,mglikson@szmc.org.il,,,,,,,,,,,6.5,86,1,5,1,1,1,0,"16,954.00","19,965.92","3,011.92",4,0,0.00%,3,100.00%,#DIV/0!,4.5,,#DIV/0!,2,2,1,3,1,3,1,1 - 3,
,מ''ר גדול,מרכז רפואי שערי צדק,אונקולוגיה,,,פרופ׳,ניר פלד,oncolung@szmc.org.il,,,,,,,,,,,5.5,69,4,4,6,2,2,1,"16,954.00","19,965.92","3,011.92",16,6,37.50%,10,62.50%,77.68%,4.7,,69.12%,2,0,1,1,2,4,2,1 - 2,
,מ''ר גדול,מרכז רפואי שערי צדק,יילוד וגינקולוגיה,,,פרופ׳,סורינה גריסרו גרנובסקי,,,פרופ׳,רופא בכיר,חן יצחק סלע,hysela@szmc.org.il,,,,,,6,76,6,17,19,7,5,0,"16,954.00","19,965.92","3,011.92",72,54,76.06%,17,23.94%,74.40%,4.7,,82.48%,6,7,1,8,9,7,6,6 - 8,
,מ''ר גדול,מרכז רפואי שערי צדק,כירורגיה כללית,,,פרופ׳,מנחם בן-חיים,,,ד׳׳ר,רופא בכיר,שלמה ילינק,shlomiy@szmc.org.il,,,,,,6,71,3,9,3,1,0,0,"16,954.00","19,965.92","3,011.92",31,7,23.33%,23,76.67%,84.75%,5,,68.56%,2,1,6,2,2,2,3,2 - 3,
,מ''ר גדול,מרכז רפואי שערי צדק,כירורגיה פלסטית ואסתטית,,,פרופ׳,יואב גורנוביץ,yoavg@szmc.org.il,,,,,,,,,,,6,86,4,2,3,0,2,0,"16,954.00","19,965.92","3,011.92",12,3,25.00%,9,75.00%,74.65%,4.5,,66.60%,1,1,2,0,1,3,0,1 - 2,
,מ''ר גדול,מרכז רפואי שערי צדק,רדיולוגיה (דימות),,,ד׳׳ר,עופר בינימינוב,,,,,,,,,,,,5,72,6,4,7,4,1,0,"16,954.00","19,965.92","3,011.92",21,13,61.90%,8,38.10%,78.40%,4.7,,73.50%,1,3,1,1,4,2,5,1 - 4,
,מ''ר גדול,מרכז רפואי שערי צדק,נוירולוגיה,,,ד׳׳ר,רוני אייכל,adneuro@szmc.org.il,,,,,,,,,,,5,#DIV/0!,7,6,3,2,1,1,"16,954.00","19,965.92","3,011.92",13,8,61.54%,5,38.46%,66.47%,4.6,,78.95%,5,2,0,2,3,3,4,2 - 4,
,מ''ר גדול,מרכז רפואי שערי צדק,כירורגית כלי דם,,,,,,,,,,,,,,,,6,#DIV/0!,#N/A,0,1,0,0,0,"16,954.00","19,965.92","3,011.92",0,0,#DIV/0!,0,#DIV/0!,73.91%,4.5,,67.30%,0,1,0,0,0,1,0,0 - 1,
,מ''ר גדול,מרכז רפואי שערי צדק,נוירוכירורגיה,,,ד׳׳ר,נבו מרגלית,nevom@szmc.org.il,,,,,,,,,,,6,#DIV/0!,14,0,0,3,0,0,"16,954.00","19,965.92","3,011.92",8,0,0.00%,8,100.00%,88.31%,4.5,,66.00%,0,1,1,2,1,1,1,1 - 1,
,מ''ר גדול,מרכז רפואי שערי צדק,אף אוזן גרון,,,פרופ׳,ג'אן-איב סישל,,,,,,,,,,,,6,87,5,3,2,2,0,1,"16,954.00","19,965.92","3,011.92",10,2,20.00%,8,80.00%,80.08%,4.8,,76.61%,1,3,0,2,1,2,0,1 - 2,
,מ''ר גדול,מרכז רפואי שערי צדק,רפואת עור,,,,,,,,,,,,,,,,5,#DIV/0!,#N/A,0,0,0,0,0,"16,954.00","19,965.92","3,011.92",0,0,#DIV/0!,0,#DIV/0!,86.03%,4.5,,79.63%,0,0,0,0,0,0,0,0 - 0,
,מ''ר גדול,מרכז רפואי שערי צדק,פסיכיאטריה של הילד והמתבגר,,,,,,,,,,,,,,,,5,#DIV/0!,#N/A,0,0,0,0,0,"16,954.00","19,965.92","3,011.92",0,0,#DIV/0!,0,#DIV/0!,#DIV/0!,4.5,,73.37%,0,0,0,0,0,0,0,0 - 0,
,מ''ר גדול,מרכז רפואי שערי צדק,כירורגיה אורולוגית,,,פרופ׳,בוריס צ׳רטין,chertinb@szmc.org.il,,,,,,,,,,,6,74,4,4,4,3,0,0,"16,954.00","19,965.92","3,011.92",15,3,20.00%,12,80.00%,67.19%,5,,74.33%,2,0,1,2,1,3,2,1 - 2,
,מ''ר גדול,מרכז רפואי שערי צדק,פסיכיאטריה,,,,,,,,,,,,,,,,4.5,#DIV/0!,#N/A,0,0,0,0,0,"16,954.00","19,965.92","3,011.92",1,0,#DIV/0!,0,#DIV/0!,78.17%,4.7,,62.28%,0,0,0,0,0,0,0,0 - 0,
,מ''ר גדול,מרכז רפואי שערי צדק,מחלות עיניים,,,פרופ׳,דויד צדוק,deyes@szmc.org.il,,,,,,,,,,,5,68,3,5,3,4,2,0,"16,954.00","19,965.92","3,011.92",17,6,35.29%,11,64.71%,76.38%,4.5,,71.61%,1,3,3,4,1,3,2,2 - 3,
,מ''ר גדול,מרכז רפואי שערי צדק,רפואה גרעינית,,,,,,,,,,,,,,,,4.5,#DIV/0!,#N/A,0,0,0,0,0,"16,954.00","19,965.92","3,011.92",0,0,#DIV/0!,0,#DIV/0!,58.33%,4.5,,51.83%,0,0,0,0,0,0,0,0 - 0,
,מ''ר גדול,מרכז רפואי שערי צדק,כירורגית ילדים,,,ד׳׳ר,ירון ארמון,yaronarmon@szmc.org.il,,,,,,,,,,,6,#DIV/0!,#N/A,1,0,0,0,0,"16,954.00","19,965.92","3,011.92",0,0,#DIV/0!,0,#DIV/0!,84.85%,4.5,,66.67%,1,1,0,0,0,1,0,0 - 1,
,מ''ר גדול,מרכז רפואי שערי צדק,פתולוגיה,,,,,,,,,,,,,,,,5,77,8,0,1,3,0,0,"16,954.00","19,965.92","3,011.92",6,4,66.67%,2,33.33%,56.12%,4.5,,58.07%,1,1,1,1,1,0,0,1 - 1,
,מ''ר גדול,מרכז רפואי שערי צדק,כירורגיה של בית החזה,,,,,,,,,,,,,,,,6,#DIV/0!,3,1,1,1,0,0,"16,954.00","19,965.92","3,011.92",3,0,0.00%,3,100.00%,91.89%,4.5,,84.88%,0,2,0,1,1,0,0,0 - 1,
,מ''ר גדול,מרכז רפואי שיבא,רפואה דחופה,,,ד׳׳ר,אבינח עירוני,Avinoah.Irony@sheba.health.gov.il,,,מזכירת המחלקה,פרידה נוי,frida.noy@sheba.health.gov.il ,,"המיון בשיבא מוגדר ""מיון על"" והוא אחד מששת מרכזי הטראומה הפועלים בישראל. הוא משמש מיון ייעודי להפניות במרכז הארץ של פגיעות הקשורות לנוירוכירורגיה, לכירורגיית בית חזה, לכוויות ולשיקום, וכן מועברים אליו מטופלים קשים מחדרי מיון בבתי חולים בפריפריה.
צוות המחלקה לרפואה דחופה (מלר""ד) כולל 10 רופאים מומחים לרפואה דחופה ועוד 22 מתמחים ברפואה דחופה, שעוברים הכשרה מקיפה ויסודית. האחיות במיון קיבלו הכשרה בסיסית באַחֲיוּת מתקדם והכשרה על-בסיסית ברפואה דחופה, בטראומה או בטיפול נמרץ. הצוות מחויב למיון של החולים, לאבחון ולטיפול בהתאם לאופי הבעיה הרפואית ולחומרתה.",,,,4.5,62,3,8,7,2,1,0,"16,954.00","19,965.92","3,011.92",16,7,46.67%,8,53.33%,66.27%,4.5,,75.55%,3,6,5,4,2,9,5,4 - 6,
,מ''ר גדול,מרכז רפואי שיבא,הרדמה,,,פרופ׳,חיים ברקנשטט,Haim.Berkenstadt@sheba.health.gov.il,,,מזכירת המחלקה,ענת שריזלי,anat.sharizly@sheba.health.gov.il,,"המערך להרדמה הוא חלק מאגף חדרי ניתוח בניהולה של ד""ר דינה אורקין. המערך אחראי על מתן שירותי הרדמה ושיכוך כאב, והוא מונה יותר מ-70 רופאים. מדי יום ניתנים שירותי הרדמה בכל רחבי המרכז הרפואי, ובכלל זה במתחם חדרי הניתוח המרכזי, בחדרי הניתוח וחדרי הלידה של אגף נשים ויולדות, בחדרי הניתוח של אשפוז יום כירורגי. בבית החולים לילדים ובמרכז הלב.",,,,5,70,2,33,21,6,0,1,"16,954.00","19,965.92","3,011.92",69,25,37.31%,42,62.69%,52.75%,4.5,,61.25%,5,9,6,7,8,12,18,7 - 11,
,מ''ר גדול,מרכז רפואי שיבא,רפואת ילדים,א,,פרופ׳,רז סומך,Raz.Somech@sheba.health.gov.il,,,,,yeladima.dept@sheba.health.gov.il,,"במחלקת ילדים א נותנים מענה רפואי וסיעודי למטופלים מגיל ינקות עד גיל 18, וכן לחולים מבוגרים יותר הנמצאים במעקב המחלקה, במגוון מחלות רחב ובדרגת מורכבות משתנה, תוך הקפדה על מצוינות טיפולית ואנושית.
במחלקה מתאשפזים ילדים הסובלים ממחלות חריפות, כמו דלקת ריאות, דלקות מעיים ודלקת אוזניים, וילדים הסובלים ממחלות כרוניות מורכבות בתקופות החמרת המחלה, כמו מחלות אוטואימוניות, מחלות גנטיות ועוד. המחלקה מתמחה בטיפול במחלות חסר חיסוני מולדות, ועושה שימוש בשיטות אבחון חדשניות, לעיתים מבוססות גנטיקה.
תחומי ייחוד קליניים נוספים: השתלות מח עצם ומחלות המטולוגיות, מחלות ריאה כרוניות כמו ציסטיק פיברוזיס, מחלות מעי או כבד כרוניות ומחלות מעי דלקתיות מולדות.",,,,4.5,56,3,53,27,7,1,1,"16,954.00","19,965.92","3,011.92",66,41,64.06%,23,35.94%,84.92%,4.6,,88.27%,8,13,15,13,9,11,25,10 - 14,
,מ''ר גדול,מרכז רפואי שיבא,רפואת ילדים,ב,,פרופ׳,אסף ויונטה,asaf.vivante@sheba.health.gov.il,,,,,YELADIMB2@sheba.health.gov.il,,"מחלקת ילדים ב' מטפלת בילדים מהארץ והעולם. במסגרת האשפוז, אנו עורכים בירור ומספקים אבחון וטיפול למצבים מורכבים שונים ברפואת ילדים, תוך הקפדה על שירות אנושי ומסור, עבודת צוות, ראייה הוליסטית של המטופל ומשפחתו, מצוינות, מקצועיות ובטיחות.
צוות המחלקה מטפל במגוון רחב של מצבים רפואיים, לרבות כוויות, הפרעות אכילה ומחלות גנטיות ומטבוליות. צוות המחלקה הוא רב-מקצועי וכולל רופאים מומחים מתחומי רפואת הילדים השונים, מתמחים ברפואת ילדים, אחים ואחיות בעלי הכשרה אקדמית וקלינית נרחבת, פרמקולוגית קלינית, פיזיותרפיסטים/ות, מרפאים/ות בעיסוק, דיאטנים/ות, צוות פסיכוסוציאלי וחינוכי וכוחות עזר.
במסגרת השאיפה להפחית חרדה וכאבים של הילדים המאושפזים אצלנו, אנו נעזרים בצוות החינוכי של בית החולים לצורך הכנה רגשית של הילד לפעולות פשוטות כמורכבות. בנוסף, אנו מבצעים פעולות כואבות (לדוגמה, טיפול בכוויות) תחת סדציה (הרדמה שטחית).",,,,4.5,56,3,53,27,7,1,1,"16,954.00","19,965.92","3,011.92",66,41,64.06%,23,35.94%,84.92%,4.6,,88.27%,8,13,15,13,9,11,25,10 - 14,
,מ''ר גדול,מרכז רפואי שיבא,אורתופדיה,,,"ד""ר",אלון פרידלנדר,Alon.Friedlander@sheba.health.gov.il,,"ד""ר",סגן מנהל המערך,דן פרט,Dan.Prat@sheba.health.gov.il,,,,,,6,78,4,12,9,5,0,0,"16,954.00","19,965.92","3,011.92",20,1,5.26%,18,94.74%,70.66%,5.2,,69.70%,6,2,3,5,3,4,5,3 - 5,
,מ''ר גדול,מרכז רפואי שיבא,פנימית,א,,ד׳׳ר,חגית יונת,Hagith.Yonath@sheba.health.gov.il,,,,,pnima@sheba.health.gov.il,,"מחלקה פנימית א מטפלת במגוון רחב של חולים במחלות פנימיות ועוסקת בבעיות רפואיות שקשורות למחלות הורמונליות, אנדוקריניות וסוכרת, מחלות גנטיות, הרעלות של תרופות, ועוד. היא מסונפת לפקולטה לרפואה באוניברסיטת תל אביב ומדריכה סטודנטים לרפואה בשנה שלישית עד שישית.
הצוות במחלקה מורכב מרופאים, אחיות, כוחות עזר, מדריכות קליניות, עובד סוציאלי, מזכירה רפואית, פיזיותרפיסטית, דיאטנית ומתנדבים. כל אלו שואפים לטפל במטופלים באופן מקצועי ואנושי ולסייע להם לכל אורך האשפוז.",,,,4,56,3,64,41,23,0,0,"16,954.00","19,965.92","3,011.92",100,52,52.53%,47,47.47%,53.19%,4.9,,74.85%,14,22,17,19,27,25,19,18 - 24,
,מ''ר גדול,מרכז רפואי שיבא,פנימית,ב,,פרופ',הווארד עמיטל,Howard.Amital@sheba.health.gov.il,,,,,,,"המחלקה לרפואה פנימית ב מטפלת בכל סוגי המחלות הפנימיות ומתמחה במיוחד במחלות ראומטיות. במחלקה צוות רב-מקצועי הכולל רופאים, אחיות, כוחות עזר, עובדת סוציאלית, פיזיותרפיסטית ומרפאה בעיסוק. המחלקה מסונפת לפקולטה לרפואה באוניברסיטת תל אביב ועוסקת רבות בחינוך והוראה של סטודנטים לרפואה ולאַחֲיוּת.
מספר חדרים: 18. מרבית החדרים מיועדים לעד שלושה מטופלים, ולכל חדר שירותים ומקלחת צמודים.",,,,4,56,3,64,41,23,0,0,"16,954.00","19,965.92","3,011.92",100,52,52.53%,47,47.47%,53.19%,4.9,,74.85%,14,22,17,19,27,25,19,18 - 24,
,מ''ר גדול,מרכז רפואי שיבא,פנימית,ג,,ד׳׳ר,אייל מלצר,Eyal.Meltzer@sheba.health.gov.il,,,,,,,"המחלקה לרפואה פנימית ג מטפלת בכל סוגי המחלות הפנימיות. צוות המחלקה שואף לאיכות ולמצוינות בטיפול הרפואי והסיעודי, תוך שמירה על כבוד המטופלים וזכויותיהם. הצוות הרב-מקצועי כולל מומחים ומתמחים ברפואה פנימית, אחים ואחיות מנוסים ובעלי הכשרה קלינית ואקדמית נרחבת, כוחות עזר מיומנים, פיזיותרפיסטים, עובדת סוציאלית ודיאטנית. במחלקה פועלת יחידה לטיפול מוגבר שמיועדת למטופלים מורכבים הזקוקים להשגחה רציפה. השהות ביחידה נתונה לשיקול הדעת של הצוות המטפל, ובכל שלב ייתכן מעבר בין החדרים.",,,,4,56,3,64,41,23,0,0,"16,954.00","19,965.92","3,011.92",100,52,52.53%,47,47.47%,53.19%,4.9,,74.85%,14,22,17,19,27,25,19,18 - 24,
,מ''ר גדול,מרכז רפואי שיבא,פנימית,ד,,ד׳׳ר,אבשלום ליבוביץ׳,Avshalom.Leibowitz@sheba.health.gov.il,,,,,,,"מחלקה פנימית ד, המסונפת לאוניברסיטת תל אביב, מתמחה ברפואה פנימית כללית (כל סוגי המחלות הפנימיות), במחלות זיהומיות וביתר לחץ דם (בתחום זה היא עוסקת גם במחקר בסיסי וקליני). מספר האשפוזים השנתי במחלקה עומד על כ-3,000.למחלקה מסונף המכון ליתר לחץ דם שנותן שירותים למטופלים עם יתר לחץ דם משני או עמיד לטיפול ולכאלו שנמצאים בסיכון למחלות לב וכלי דם.",,,,4,56,3,64,41,23,0,0,"16,954.00","19,965.92","3,011.92",100,52,52.53%,47,47.47%,53.19%,4.9,,74.85%,14,22,17,19,27,25,19,18 - 24,
,מ''ר גדול,מרכז רפואי שיבא,גריאטריה,א,,ד׳׳ר,מרינה ערד,Marina.Arad@sheba.health.gov.il,,,אחות אחראית,עדינה יעקבוב,Adina.Yakubov@sheba.health.gov.il,,"צוות גריאטריה שיקומית א' מקבל מטופלים ממחלקות שונות במרכז הרפואי שיבא ומחוצה לו, לאחר שברים, שבץ מוחי, ניתוחים ואשפוזים ממושכים אשר גרמו לירידה תפקודית, במטרה להחזירם לרמת תפקוד ולעצמאות מרבית.
מחלקתנו פועלת למתן שירות איכותי ובטיחותי למטופלים על ידי צוות רב-תחומי, המנהל את הטיפול הרפואי, התפקודי והנפשי של המטופל, בראייה הוליסטית. הטיפול מתייחס לצרכים המידיים, הכרוניים והפוטנציאליים של המטופל, לסביבתו הקבועה בקהילה ולמשאביו הסוציאליים. הצוות פועל לאיתור ולזיהוי של תסמונות גריאטריות השכיחות בגיל המבוגר, תוך מתן מענה וטיפול מניעתי והדרכה לקידום בריאות.
הצוות הרב-תחומי של המחלקה כולל רופאות ורופאים מומחים בגריאטריה וברפואה פנימית ומתמחים, אחים ואחיות מוסמכים ואקדמאים עם הכשרה על-בסיסית בגריאטריה והכשרות נוספות, פיזיותרפיסטים, מרפאים בעיסוק, קלינאיות תקשורת, עובדת סוציאלית, פסיכולוגית, תזונאית ורוקחת קלינית.",,,,4.5,73,16,5,4,5,0,1,"16,954.00","19,965.92","3,011.92",21,12,57.14%,9,42.86%,35.32%,4.1,,65.59%,2,3,4,1,6,3,4,3 - 4,
,מ''ר גדול,מרכז רפואי שיבא,גריאטריה,ב,,ד׳׳ר,אלכסנדר רבינוביץ',Alexander.Rabinovich@sheba.health.gov.il,,,אח אחראי,תומר אברהם,Tomer.Avraham@sheba.health.gov.il,,"הצוות הרב-מקצועי של מחלקת גריאטריה שיקומית ב פועל למתן שירות איכותי ובטיחותי למטופלים, תוך התמקדות בצרכים הייחודים של המטופל הקשיש. יעדים נוספים של המחלקה: הובלת פרויקטים ומחקריים בתחום השיקום הגריאטרי ושילוב טכנולוגיות חדשות וגישות טיפול חדשניות.",,,,4.5,73,16,5,4,5,0,1,"16,954.00","19,965.92","3,011.92",21,12,57.14%,9,42.86%,35.32%,4.1,,65.59%,2,3,4,1,6,3,4,3 - 4,
,מ''ר גדול,מרכז רפואי שיבא,גריאטריה,ג,,ד׳׳ר,רות לוינסון,,,,אח אחראי,ראמי חמדאן,Rami.Hamdan@sheba.health.gov.il,,"המחלקה פועלת לתת שירות איכותי ובטיחותי למטופלים קשישים, תוך התמקדות בצרכיהם הייחודיים ושמירה על כבודם וזכויותיהם. מטרתה להעניק להם טיפול מיטבי ולצייד אותם בכלים שיסייעו להם בהתנהלות בהמשך הדרך.
הצוות הרב-מקצועי – רופאים, אחיות, כוחות עזר, עובדת סוציאלית, פיזיותרפיסטית, מרפאה בעיסוק, מזכירה רפואית ומתנדבים – שואף לאיכות ולמצוינות בטיפול הרפואי והסיעודי. המחלות העיקריות שבגינן מגיעים המטופלים לאשפוז במחלקה הן דלקת ריאות, דלקת בדרכי השתן, אירועי מוח, הפרעות בהליכה ובשיווי המשקל, נפילות, שברים, דמנציה והפרעות התנהגותיות בעקבותיה, הפרעות אכילה ותת-תזונה ופצעי לחץ.",,,,4.5,73,16,5,4,5,0,1,"16,954.00","19,965.92","3,011.92",21,12,57.14%,9,42.86%,35.32%,4.1,,65.59%,2,3,4,1,6,3,4,3 - 4,
,מ''ר גדול,מרכז רפואי שיבא,גריאטריה,ד,,ד׳׳ר,אנה ויצמן,Anna.Waitzman@sheba.health.gov.il,,,,,,,,,,,4.5,73,16,5,4,5,0,1,"16,954.00","19,965.92","3,011.92",21,12,57.14%,9,42.86%,35.32%,4.1,,65.59%,2,3,4,1,6,3,4,3 - 4,
,מ''ר גדול,מרכז רפואי שיבא,פנימית,ה,,ד׳׳ר,ליאת נגרו,Liat.Negru@sheba.health.gov.il,,,מזכירת מנהלת המחלקה,מיכל נולמן בר,Michal.NolmanBar@sheba.gov.il,,"המחלקה לרפואה פנימית ה מטפלת בכל סוגי המחלות הפנימיות, כגון מחלות פרקים, מטבוליות וזיהומיות, ורוב מטופליה מגיעים מחדר מיון. בנוסף, היא מסונפת לפקולטה לרפואה באוניברסיטת תל אביב ועוסקת בהוראת סטודנטים לרפואה ולאַחֲיוּת.",,,,4,56,3,64,41,23,0,0,"16,954.00","19,965.92","3,011.92",100,52,52.53%,47,47.47%,53.19%,4.9,,74.85%,14,22,17,19,27,25,19,18 - 24,
,מ''ר גדול,מרכז רפואי שיבא,פנימית,ו,,פרופ׳,אילן בן צבי,Ilan.BenZvi@sheba.health.gov.il,,,מזכירת מנהלת המחלקה,שרית צמאל,Sarit.Zamael@sheba.health.gov.il,,"מחלקה פנימית ו מטפלת בכל המחלות הפנימיות, כגון מחלות לב, מחלות מפרקים, מחלות רב מערכתיות, קדחת ים תיכונית משפחתית (FMF), ועמילואידוזיס. למחלקה מעבדות מחקר באימונולוגיה, FMF ועמילואידוזיס. המחקרים הקליניים שמתבצעים בהן מתפרסמים דרך קבע בכתבי עת מדעיים מהמובילים בעולם. בנוסף, מחלקה פנימית ו מסונפת לפקולטה לרפואה באוניברסיטת תל אביב ועוסקת בהכשרת סטודנטים, סטאז'רים ומתמחים.  

",,,,4,56,3,64,41,23,0,0,"16,954.00","19,965.92","3,011.92",100,52,52.53%,47,47.47%,53.19%,4.9,,74.85%,14,22,17,19,27,25,19,18 - 24,
,מ''ר גדול,מרכז רפואי שיבא,פנימית,ט,,ד׳׳ר,אמיר דגן,Amir.Dagan@sheba.health.gov.il,,,,,Internal.Medicine.I@sheba.health.gov.il,,"מחלקה פנימית ט מטפלת בכל סוגי המחלות הפנימיות בהסתכלות כוללנית על גוף ונפש.במחלקה עובד צוות רב-מקצועי הכולל רופאים/ות, אחים/ות, כוחות עזר, עובד סוציאלי, פיזיותרפיסטים, דיאטנית, מזכירה רפואית, בנות שירות, מתנדבים ומתנדבות.
מטרת הצוות היא להעניק טיפול איכותי ובטיחותי למטופלים, להפוך את שהותם במחלקה לנעימה ככל האפשר, ולתת את השירות הטוב ביותר – רפואי, סיעודי ואנושי. גם דלתו של מנהל המחלקה פתוחה בפני כל מטופל/ת או בן משפחה שזקוקים למידע רפואי.
למחלקה כמה מרפאות מעקב, כמו מרפאה פנימית, מרפאת אי-ספיקת לב ומרפאה ראומטולוגית, ומתבצע בה מחקר בתחומי הרפואה הפנימית בדגש על ראומטולוגיה. ",,,,4,56,3,64,41,23,0,0,"16,954.00","19,965.92","3,011.92",100,52,52.53%,47,47.47%,53.19%,4.9,,74.85%,14,22,17,19,27,25,19,18 - 24,
,מ''ר גדול,מרכז רפואי שיבא,קרדיולוגיה,,,פרופ',רועי בינרט,roy.beinart@sheba.health.gov.il,03-5302604,,,,roy.beinart@sheba.health.gov.il,,"המערך הקרדיולוגי במרכז הרפואי שיבא הוא מהמובילים בישראל ובעולם, ונבחר על ידי מגזין Newsweek לצמרת בתי החולים הטובים בעולם לפי התמחות רפואית. 
 המערך נוסד בשנת 1952 על ידי פרופ' הנרי נויפלד ז""ל, ובמהלך כל שנות פעילות שם דגש על מקצועיות, חדשנות ומצוינות כאשר החולה הקרדיאלי ומשפחתו במרכז.
רפואת הלב עוברת מהפכה בשנים האחרונות והיא הפכה להיות טכנולוגית וחדשנית. אבל, אנו מקפידים תמיד לזכור שהחולה ומשפחתו נמצאים במרכז העשייה ואנחנו לא מוותרים על יחס אישי ואמפתי. במערך צוות סיעודי מיומן ומקצועי, צוות טכנאים, פסיכולוגים ודיאטנים המעניקים את הטיפול האופטימלי בכל התחומים, גם לאחר השחרור מהאשפוז.",,,,6.5,143,#N/A,6,3,3,0,0,"16,954.00","19,965.92","3,011.92",2,0,0.00%,2,100.00%,#DIV/0!,4.5,,#DIV/0!,2,4,5,3,5,1,4,3 - 5,
,מ''ר גדול,מרכז רפואי שיבא,אונקולוגיה,,,"ד""ר",איתן בן עמי,Eytan.BenAmi@sheba.health.gov.il,,"ד""ר",מנהלת מכון אלה למלבאום,רוני שפירא-פרומר,Ronnie.Shapira@sheba.health.gov.il,,,,,,5.5,70,4,14,9,3,0,0,"16,954.00","19,965.92","3,011.92",25,15,65.22%,8,34.78%,77.68%,4.7,,69.12%,3,3,5,4,7,5,4,4 - 5,
,מ''ר גדול,מרכז רפואי שיבא,יילוד וגינקולוגיה,,,פרופ׳,רועי משיח,Roy.Mashiach@sheba.health.gov.il,,,,,Genicologia@sheba.health.gov.il,,"במסגרת המחלקה מאושפזות נשים לקראת ולאחר ניתוחים שונים. הניתוחים מבוצעים לקשת רחבה ביותר של הוריות (אינדיקציות) וכוללים: ניתוחים בגישה זעיר-פולשנית (לפרוסקופיות, ניץוחיםבסיוע רובוט והיסטרוסקופיות), ניתוחים בגישה בטנית בטן (לפרוטומיות) וניתוחים בגישה לידנית (וגינלית).
במחלקה מבוצעים גם ניתוחים בגישת vNOTES הייחודית לביצוע ניתוח זעיר פולשני באגן בשיטה לידנית. 
המטופלות שלנו
המחלקה מאופיינת באוכלוסיית מטופלות שרובן צעירות, ברקע בריאות, המתאשפזות עקב בעיות שהפיעו לאחרונה. רוב הבעיות מאובחנות במהירות ומקבלות טיפול שנותן פיתרון כמעט מוחלט ולכן האישפוזים קצרים יחסית והמטופלות משתחררות עם פתרון לבעיותיהן.",,,,6,83,3,9,9,4,3,0,"16,954.00","19,965.92","3,011.92",42,32,76.19%,10,23.81%,74.40%,4.7,,82.48%,5,5,3,4,4,10,7,4 - 6,
,מ''ר גדול,מרכז רפואי שיבא,כירורגיה כללית,,,פרופ׳,עדו נחמני,Ido.Nachmany@sheba.health.gov.il,,,,,,,"המערך לכירורגיה כללית בשיבא מאגד את כלל תחומי הכירורגיה הכללית ומופנים אליו מטופלים מרחבי הארץ ומחו""ל. בדומה למרכזים מובילים בעולם, ובאופן בלעדי בישראל, המערך מורכב מחמש יחידות המכסות את כלל תחומי הכירורגיה הכללית והמאושפזים במערך מטופלים על ידי צוות רפואי וסיעודי ייעודי שלו התמחות-על בתחום הספציפי של הטיפול. כמרכז רפואי הנמצא ברשימת בתי החולים המובילים בעולם (ע""פ מגזין Newsweek), ההתמקצעות מביאה סטנדרט חדש לכירורגיה הכללית. המערך מתאפיין בצוות מוביל בעל מיומנות גבוהה במיוחד, העובד בשיתוף פעולה מלא עם רופאים מתחומים משיקים במרכז הסרטן, במכון הגסטרו ובמרפאות אחרות. במקביל, אנו ממשיכים בפיתוח תחומי ההתמחות השונים, בהעמקת הידע, הטמעת טכנולוגיות מתקדמות ובמחקר.",,,,6,77,4,11,3,5,1,0,"16,954.00","19,965.92","3,011.92",35,15,42.86%,20,57.14%,84.75%,5,,68.56%,4,7,3,6,6,4,5,4 - 6,
,מ''ר גדול,מרכז רפואי שיבא,כירורגיה פלסטית ואסתטית,,,פרופ',יוסף חאייק,Josef.Haik@sheba.health.gov.il,,,,,,,"המערך לכירורגיה פלסטית וכוויות עוסק בכל תחומי הכירורגיה הפלסטית, במבוגרים וילדים, ומוביל בתחומים ייחודיים כמו , ניתוחי מוהס, ניתוחים להתאמה מגדרית ושחזורי שד.במסגרת המערך פועל גם המרכז הארצי לטיפול נמרץ כוויות, שהוא יחיד מסוגו בארץ.",,,,6,71,6,0,4,2,0,0,"16,954.00","19,965.92","3,011.92",10,2,20.00%,8,80.00%,74.65%,4.5,,66.60%,1,2,1,1,1,3,1,1 - 2,
,מ''ר גדול,מרכז רפואי שיבא,רדיולוגיה (דימות),,,פרופ׳,אלי קונן,Eli.Konen@sheba.health.gov.il,,,,,,,,,,,5,63,4,6,7,4,2,0,"16,954.00","19,965.92","3,011.92",22,12,57.14%,9,42.86%,78.40%,4.7,,73.50%,4,5,0,4,5,3,7,4 - 5,
,מ''ר גדול,מרכז רפואי שיבא,נוירולוגיה,,,פרופ׳,ניקולה מאג'ו,Nicola.Maggio@sheba.health.gov.il,,,,,,,"במחלקה מאושפזים חולים לצורך אבחנה וטיפול בכל המגוון של מחלות נוירולוגיות. הבעיות הרפואיות השכיחות כוללות כאבי ראש, סחרחורות, אירועים מוחיים וסקולריים (שבץ מוחי), הפרעות בזיכרון, מחלות פרקינסון, הפרעות בהליכה, דלקת של קרום המוח, דלקת מוח, אפילפסיה, מיאסטניה גרביס, מחלות ניווניות, טרשת נפוצה, גידולים, מחלות שרירים ועצבים ועוד.",,,,5,68,4,12,6,5,1,0,"16,954.00","19,965.92","3,011.92",23,11,47.83%,12,52.17%,66.47%,4.6,,78.95%,4,5,5,3,5,4,6,4 - 5,
,מ''ר גדול,מרכז רפואי שיבא,כירורגית כלי דם,,,"ד""ר",משה חלק,Moshe.Halak@sheba.health.gov.il,,,,,,,,,,,6,70,7,3,1,1,0,0,"16,954.00","19,965.92","3,011.92",9,2,22.22%,7,77.78%,73.91%,4.5,,67.30%,1,1,1,1,1,3,3,1 - 2,
,מ''ר גדול,מרכז רפואי שיבא,נוירוכירורגיה,,,פרופ׳,צבי כהן,Zvi.Cohen@sheba.health.gov.il,,,,,,,"מחלקת נוירוכירורגיה בשיבא היא אחת מ-40 המחלקות הטובות בעולם על פי דירוג מגזין ""ניוזוויק"". במחלקה מבצעים את מספר הניתוחים הגדול ביותר בתחום בישראל. צוות המחלקה הוא רב-תחומי ובעל ניסיון רב בתתי-התמחויות שונות.
צוות המחלקה הוביל לפריצות דרך רבות בהליכים הניתוחיים ובפיתוח טכנולוגיות חדשות ומשתמש בטכניקות חדשניות כמו:
כירורגיה רובוטית בניתוחי גירוי מוחי עמוק (DBS)
ניתוחי עמוד שדרה זעיר פולשניים
גירוי חשמלי - טיפול באולטרסאונד ממוקד לרעד ראשוני ופרקינסון
GENE THERAPY (טיפול גנטי תוך מוחי)  - שיבא - הראשון בישראל ומהבודדים בעולם שביצע את ההשתלות בילדים
יצירת מפות מוחיות מותאמות אישית לשיפור יעילות הטיפול
מחקרים מתקדמים בפתיחת מחסום דם-מוח בשילוב עם ננו-טכנולוגיה",,,,6,90,1,2,3,2,1,0,"16,954.00","19,965.92","3,011.92",7,1,16.67%,5,83.33%,88.31%,4.5,,66.00%,2,2,0,0,3,0,2,0 - 2,
,מ''ר גדול,מרכז רפואי שיבא,אף אוזן גרון,,,פרופ׳,ערן אלון,Eran.Alon@sheba.health.gov.il,,,,,Pazit.Abecasis@sheba.gov.il,,"מחלקת אף-אוזן-גרון וניתוחי ראש וצוואר, השייכת למערך הרב-תחומי לרפואת אף אוזן גרון והפרעות בתקשורת, מטפלת בילדים ומבוגרים שזקוקים לניתוחים או טיפולים שמרניים בחלל האף והסינוסים, האוזניים, הפה, הלוע והגרון ואזורי ראש-צוואר. בין השאר היא עוסקת באבחון וטיפול של הפרעת נשימה חסימתית בשינה, נחרות, צרידות ובעיות במיתרי הקול, מחלות האף והסינוסים (כולל דלקות, אלרגיות ופטריות, גידולים, הפרעות חסימתיות ותפקודיות במבנה מחיצת האף ובקונכיות), מחלות אא""ג, מחלות אוזניים וליקויים בשמיעה, מומים מולדים והיצרויות בדרכי הנשימה ובוושט הצווארי, אבנים בבלוטות הרוק, גידולים בצוואר, וסחרחורת. בנוסף היא עוסקת בפלסטיקה של הראש והצוואר ושחזורי אפרכסת. מדי שנה נעשים במחלקה כ-2,000 ניתוחים ופעולות כירורגיות נוספות.",,,,6,79,10,3,0,3,3,0,"16,954.00","19,965.92","3,011.92",9,4,50.00%,4,50.00%,80.08%,4.8,,76.61%,1,2,2,0,2,1,2,1 - 2,
,מ''ר גדול,מרכז רפואי שיבא,רפואת עור,,,פרופ׳,אביב ברזילי,Aviv.Barzilai@sheba.health.gov.il,,,,,,,"מחלקת עור בשיבא היא מרכז של מצוינות קלינית ואקדמית. הצוות הרב-מקצועי המיומן כולל רופאי עור, אחיות וכוחות עזר, שנרתמים יחד כדי ללוות את המאושפזים ולהעניק להם יחס אישי ושירות מיטבי.",,,,5,70,15,3,1,5,4,0,"16,954.00","19,965.92","3,011.92",17,6,37.50%,10,62.50%,86.03%,4.5,,79.63%,3,1,1,5,3,4,1,1 - 4,
,מ''ר גדול,מרכז רפואי שיבא,פסיכיאטריה של הילד והמתבגר,ג,,ד׳׳ר,עדי חנוך-לוי,Adi.EnochLevy@sheba.health.gov.il,,,מזכירת המחלקה,אתי בכר,Etty.Bachar@sheba.health.gov.il,,"המחלקה להפרעות אכילה בילדים – מחלקת ילדים ג – היא הגדולה והוותיקה מסוגה בארץ והתמחתה לאורך השנים בטיפול בהפרעות המערבות גוף ונפש. היום היא מתפקדת כמרכז ייעודי לטיפול ולמחקר בהפרעות אכילה במתבגרות (בעיקר, אבל גם במתבגרים) מכל רחבי הארץ.
המחלקה קולטת 21 מאושפזות בכל עת, בגילאים 18-10, שלנות בחדרים זוגיים או אישיים. האשפוז במחלקה הוא אלקטיבי, על פי הפניה של גורמים טיפוליים בקהילה, או מתוך מערכות אשפוז אחרות.
מטרת האשפוז היא לספק את הטיפול הרפואי והנפשי החדשני ביותר בכל מגוון הפרעות האכילה לנערה ולבני משפחתה, ובה בעת להכין אותם לקליטה מחודשת בקהילה, כולל במסגרת בית הספר.",,,,5,#DIV/0!,2,9,3,0,0,0,"16,954.00","19,965.92","3,011.92",10,8,80.00%,2,20.00%,#DIV/0!,4.5,,73.37%,0,2,4,1,3,3,3,2 - 3,
,מ''ר גדול,מרכז רפואי שיבא,פסיכיאטריה של הילד והמתבגר,ד,,ד׳׳ר,טל שלטון,Tal.Shilton@sheba.health.gov.il,,,,,YeladimD@sheba.health.gov.il,,"במחלקה לפסיכיאטריה של הילד מאושפזים ילדים בני 6 עד 12 שמתמודדים עם מגוון בעיות התנהגותיות, רגשיות ופסיכיאטריות המצריכות טיפול אינטנסיבי והשגחה צמודה של צוות רפואי כגון: קשיים בוויסות ההתנהגות, פגיעות עצמיות, בעיות חברתיות, קשיים בבית הספר, מצבים פסיכוטיים, דיכאון ומצבים רפואיים המשפיעים על ההתנהגות. משך האשפוז נע בין כמה שבועות לכשלושה חודשים.
צוות המחלקה הוא רב-מקצועי וכולל פסיכיאטרים, אחים ואחיות, פסיכולוגיות, עובדות סוציאליות, מרפאות בעיסוק, קלינאית תקשורת, מנתחת התנהגות, דיאטנית, סטודנטים-מדריכים ומדריכות, ומורות מבית הספר של המחלקה.",,,,5,#DIV/0!,2,9,3,0,0,0,"16,954.00","19,965.92","3,011.92",10,8,80.00%,2,20.00%,#DIV/0!,4.5,,73.37%,0,2,4,1,3,3,3,2 - 3,
,מ''ר גדול,מרכז רפואי שיבא,כירורגיה אורולוגית,,,פרופ',זהר דותן,Zohar.Dotan@sheba.health.gov.il,,,,,depart.urology@sheba.gov.il,,,,,,6,#DIV/0!,8,3,1,1,2,1,"16,954.00","19,965.92","3,011.92",8,1,12.50%,7,87.50%,67.19%,5,,74.33%,1,1,0,3,1,1,1,1 - 1,
,מ''ר גדול,מרכז רפואי שיבא,פסיכיאטריה,א,,ד׳׳ר,אסף כספי,Asaf.Caspi@sheba.health.gov.il,03-5303318,,,,,,"פסיכיאטריה א היא מחלקה המיועדת לנשים בלבד. השירות ניתן למטופלות עם מגוון רחב של תחלואה נפשית בדרגות חומרה שונות. הדגש הוא על טיפול בבעיות הקשורות בלידה וקיימת אפשרות לאשפוז של האם עם התינוק. דגש נוסף ניתן לטיפול בבעיות חרדה קשות, עם טיפולים התנהגותיים במקרים של הפרעה טורדנית כפייתית קשה.
במהלך האשפוז נעשה אבחון רב-מקצועי של המצב הנפשי, הגופני והתפקודי של כל מטופלת ונבנית לה תוכנית טיפול ייחודית. הצוות הרב-מקצועי כולל רופאים פסיכיאטרים, אחים ואחיות מנוסים ובעלי הכשרה קלינית ואקדמית נרחבת, פסיכולוגים ומדריכים חברתיים.",,,,4.5,62,4,9,8,4,1,2,"16,954.00","19,965.92","3,011.92",30,14,48.28%,15,51.72%,78.17%,4.7,,62.28%,5,2,3,5,4,7,6,4 - 6,
,מ''ר גדול,מרכז רפואי שיבא,פסיכיאטריה,ב,,ד׳׳ר,רויטל עמיעז,Revital.Amiaz@sheba.health.gov.il,,,,,,,"מחלקת פסיכיאטריה ב היא מחלקת אשפוז לגברים. השירות ניתן למטופלים עם מגוון רחב של תחלואה נפשית בדרגות חומרה שונות. במהלך האשפוז נעשה אבחון רב-מקצועי של המצב הנפשי, הגופני והתפקודי, ונבנית תוכנית טיפול ייחודית, תוך קביעת רמת ההשגחה הנדרשת בכל שלב.
הטיפול במחלקה ניתן על ידי צוות רב-מקצועי, הכולל רופאים פסיכיאטרים, אחים ואחיות מנוסים ובעלי הכשרה קלינית ואקדמית נרחבת, כוחות עזר מיומנים, מרפאים בעיסוק, פסיכולוגים ועובדים סוציאליים.",,,,4.5,62,4,9,8,4,1,2,"16,954.00","19,965.92","3,011.92",30,14,48.28%,15,51.72%,78.17%,4.7,,62.28%,5,2,3,5,4,7,6,4 - 6,
,מ''ר גדול,מרכז רפואי שיבא,פסיכיאטריה,ג,,ד׳׳ר,זהר פורמן,Zohar.Furman@sheba.health.gov.il,,,,,psyc@sheba.health.gov.il,,"מחלקת פסיכיאטריה ג היא מחלקת אשפוז מלא לגברים, הכוללת יחידה מוגנת ואגף אשפוז פתוח. ביחידה המוגנת מאושפזים מטופלים במצב נפשי חריף ומורכב, המחייב נהלי טיפול ואבטחה הדוקים.
המחלקה מבצעת הערכה מעמיקה ומעניקה טיפול במגוון רחב של הפרעות פסיכיאטריות. המחלקה מעורבת באופן פעיל במחקרים מגוונים במסגרת בית חולים אוניברסיטאי.
הטיפול במחלקה מבוסס על המודל הביו-פסיכו-סוציאלי, המערב צוות רב-מקצועי הכולל פסיכיאטרים, אחים ואחיות, פסיכולוגים, מרפאות בעיסוק, מרפאה באומנות ופסיכודרמה ועובד סוציאלי, במטרה לתת מענה מתאים ומקיף לצרכי המטופל.",,,,4.5,62,4,9,8,4,1,2,"16,954.00","19,965.92","3,011.92",30,14,48.28%,15,51.72%,78.17%,4.7,,62.28%,5,2,3,5,4,7,6,4 - 6,
,מ''ר גדול,מרכז רפואי שיבא,מחלות עיניים,,,פרופ׳,גיא קליינמן,Guy.Kleinmann@sheba.health.gov.il,,,,,mirp.enayim@sheba.health.gov.il,,"מחלקת עיניים פועלת באופן צמוד ובשיתוף עם מרפאות וחדרי הניתוח של מכון עיניים. במחלקה מאושפזים מדי שנה אלפי מטופלים הסובלים ממחלות עיניים מורכבות, חולים לפני ואחרי ניתוחים דחופים ואלקטיביים ונפגעי תאונות. המחלקה מהווה את מוקד קבלת והכנת החולים לניתוח והטיפול הראשוני לאחר הניתוח ומספקת מענה עבור מטופלים הזקוקים למעקב וטיפול צמוד במסגרת אשפוז מלא או במסגרת אשפוז יום.
המחלקה מאוישת 24 שעות ביממה על ידי רופאי עיניים ומשמשת גם חדר מיון לבעיות דחופות בשעות הערב והלילה ובסופי שבוע וחגים.",,,,5,58,1,5,6,1,1,1,"16,954.00","19,965.92","3,011.92",19,7,38.89%,11,61.11%,76.38%,4.5,,71.61%,3,3,2,3,2,3,3,3 - 3,
,מ''ר גדול,מרכז רפואי שיבא,רפואה גרעינית,,https://www.sheba.co.il/imaging/clinics/nuclear-medicine-institute,פרופ׳,לירן דומצבסקי,Liran.Domachevsky@sheba.health.gov.il,,,,,mirp.izotopim@sheba.health.gov.il,,,,,,4.5,#DIV/0!,5,1,1,0,1,0,"16,954.00","19,965.92","3,011.92",8,2,28.57%,5,71.43%,58.33%,4.5,,51.83%,0,1,1,1,2,1,1,1 - 1,
,מ''ר גדול,מרכז רפואי שיבא,כירורגית ילדים,,https://www.sheba.co.il/pediatrics/departments/surgery-department,ד׳׳ר,דניאל שינהר,Daniel.Sinhar@sheba.health.gov.il,,,,,,,"במחלקה לכירורגיית ילדים אנו מנתחים ילדים מגיל 0 עד 18. במחלקה מבצעים את כל סוגי הניתוחים (למשל כירורגיה כללית, אורתופדיה, אורתופדיה של כף יד, אורולוגיה, נוירוכירורגיה, אף-אוזן-גרון ופלסטיקה) וגם ניתוחים מורכבים (למשל, להסרת גידולים סרטניים, תיקון מומים מולדים, הזעת יתר בכפות ידיים, וניתוחים בריאטריים להשמנת יתר).


צוות המנתחים כולל רופאים בכירים בלבד (לא מתמחים), בעלי ניסיון כירורגי רב, והוא עובד עם המכשור הרפואי המתקדם ביותר. אנשי הצוות הנוספים במחלקה – אחים ואחיות מנוסים ובעלי הכשרה קלינית ואקדמית נרחבת, כוחות עזר, דיאטנית, עובדת סוציאלית, פיזיותרפיסטים, מרפאות בעיסוק ומזכירות רפואיות – פועלים יחד למתן טיפול כוללני, מקצועי ואיכותי לילדים, כדי לנסות להבריאם בזמן הקצר ביותר ולעשות זאת בדרכי כבוד, אדיבות ואמפתיה.",,,,6,#DIV/0!,#N/A,0,0,0,0,0,"16,954.00","19,965.92","3,011.92",0,0,#DIV/0!,0,#DIV/0!,84.85%,4.5,,66.67%,1,0,0,0,0,1,1,0 - 1,
,מ''ר גדול,מרכז רפואי שיבא,פתולוגיה,,https://www.sheba.co.il/general/labs/pathology-institute,פרופ׳,איריס ברשק,Iris.Barshack@sheba.health.gov.il,,,,,,,"המכון לפתולוגיה הוא אחד מהמתקדמים בתחומו בישראל ובעולם. ניתן לבצע במכון בדיקות אבחנתיות לתהליכים פתולוגים בגוף, בעיקר תהליכים גידוליים. מעבדת המכון מכילה את הציוד המתקדם ביותר לאיבחון מורפולוגי, אימונוהיסטוכימי ומולקולרי על מנת להגיע לאבחנה המדויקת ביותר לחולה ולהבטיח את הטיפול המתאים ביותר למחלתו.

צוות הרופאים של המכון כולל מומחים בעלי שם ארצי ועולמי בפתולוגיה כללית ובתחומי הפתולוגיה היחודיים. כל רופאי המכון עברו השתלמויות בארץ ובחו""ל ומקבלים התיעצויות מהארץ ומחו""ל בתחומי הפתולוגיה הכללית בכלל ובתחומי התמחותם הספציפית בפרט. צוות המכון שותף גם לניהול והובלה של שני מיזמים חשובים של שיבא - בנקי הרקמות והשירות לאיבחון מולקולרי.",,,,5,90,3,5,5,1,0,0,"16,954.00","19,965.92","3,011.92",13,9,69.23%,4,30.77%,56.12%,4.5,,58.07%,0,7,0,2,1,4,2,1 - 3,
,מ''ר גדול,מרכז רפואי שיבא,כירורגיה של בית החזה,,,"ד""ר",רן קרמר,Ran.Kremer@sheba.health.gov.il,,,,,Galit.izraeli@sheba.gov.il,,,,,,6,79,2,4,2,0,0,0,"16,954.00","19,965.92","3,011.92",7,2,28.57%,5,71.43%,91.89%,4.5,,84.88%,1,2,0,1,2,0,1,1 - 2,
,מ''ר גדול,מרכז רפואי סורוקה,רפואה דחופה,,,דר, יבגני שניידר,Evgenis@clalit.org.il,,,,,,,,,,,4.5,62,4,8,3,5,1,0,"16,954.00","19,965.92","3,011.92",10,2,20.00%,8,80.00%,66.27%,4.5,,75.55%,0,3,7,6,2,5,1,2 - 6,
,מ''ר גדול,מרכז רפואי סורוקה,הרדמה,,,פרופ׳,אלכסנדר זלוטניק,alekszl@clalit.org.il,,פרופ׳,יו׳׳ר החטיבה ומנהל מחלקת טיפול נמרץ,מוטי קליין,mklein@bgu.ac.il,,,,,,5,84,3,34,13,6,0,0,"16,954.00","19,965.92","3,011.92",68,26,41.27%,37,58.73%,52.75%,4.5,,61.25%,8,7,6,7,8,8,5,7 - 8,
,מ''ר גדול,מרכז רפואי סורוקה,רפואת ילדים,א,,דר,דנה דנינו,daninod@bgu.ac.il,,פרופ׳,מנהל בית חולים סבן לילדים​​,דוד גרינברג,dudi@bgu.ac.il,,,,,,4.5,63,2,58,14,3,5,0,"16,954.00","19,965.92","3,011.92",68,44,66.67%,22,33.33%,84.92%,4.6,,88.27%,6,12,14,12,11,6,13,9 - 13,
,מ''ר גדול,מרכז רפואי סורוקה,רפואת ילדים,ב,,פרופ׳,אביב גולדברט,avivgold@bgu.ac.il,,פרופ׳,מנהל בית חולים סבן לילדים​​,דוד גרינברג,dudi@bgu.ac.il,,,,,,4.5,63,2,58,14,3,5,0,"16,954.00","19,965.92","3,011.92",68,44,66.67%,22,33.33%,84.92%,4.6,,88.27%,6,12,14,12,11,6,13,9 - 13,
,מ''ר גדול,מרכז רפואי סורוקה,רפואת ילדים,ג,,,,,,פרופ׳,מנהל בית חולים סבן לילדים​​,דוד גרינברג,dudi@bgu.ac.il,,,,,,4.5,63,2,58,14,3,5,0,"16,954.00","19,965.92","3,011.92",68,44,66.67%,22,33.33%,84.92%,4.6,,88.27%,6,12,14,12,11,6,13,9 - 13,
,מ''ר גדול,מרכז רפואי סורוקה,רפואת ילדים,ד,,פרופ׳,אלי הרשקוביץ,elih@clalit.org.il,,פרופ׳,מנהל בית חולים סבן לילדים​​,דוד גרינברג,dudi@bgu.ac.il,,,,,,4.5,63,2,58,14,3,5,0,"16,954.00","19,965.92","3,011.92",68,44,66.67%,22,33.33%,84.92%,4.6,,88.27%,6,12,14,12,11,6,13,9 - 13,
,מ''ר גדול,מרכז רפואי סורוקה,אורתופדיה,,,דר,ואדים בנקוביץ,,,,,,,,,,,,6,75,8,8,12,2,1,2,"16,954.00","19,965.92","3,011.92",31,2,6.45%,29,93.55%,70.66%,5.2,,69.70%,4,1,3,4,1,9,8,2 - 6,
,מ''ר גדול,מרכז רפואי סורוקה,פנימית,א,,דר,אורי רוביו,oryro@clalit.org.il,,,,,,,,,,,4,53,3,77,23,15,9,1,"16,954.00","19,965.92","3,011.92",97,33,34.74%,62,65.26%,53.19%,4.9,,74.85%,9,14,18,14,13,20,18,14 - 18,
,מ''ר גדול,מרכז רפואי סורוקה,פנימית,ב,,דר,אלי רוזנברג,,,,,,,,,,,,4,53,3,77,23,15,9,1,"16,954.00","19,965.92","3,011.92",97,33,34.74%,62,65.26%,53.19%,4.9,,74.85%,9,14,18,14,13,20,18,14 - 18,
,מ''ר גדול,מרכז רפואי סורוקה,פנימית,ג,,דר,ליאור זלר,Liorza@clalit.org.il,,,,,,,,,,,4,53,3,77,23,15,9,1,"16,954.00","19,965.92","3,011.92",97,33,34.74%,62,65.26%,53.19%,4.9,,74.85%,9,14,18,14,13,20,18,14 - 18,
,מ''ר גדול,מרכז רפואי סורוקה,פנימית,ד,,פרופ׳,מחמוד אבו-שקרה,Mahmouds2@clalit.org.il,,,,,,,,,,,4,53,3,77,23,15,9,1,"16,954.00","19,965.92","3,011.92",97,33,34.74%,62,65.26%,53.19%,4.9,,74.85%,9,14,18,14,13,20,18,14 - 18,
,מ''ר גדול,מרכז רפואי סורוקה,פנימית,ה,,דר,איליה פולישצ'וק,pulashk@bgu.ac.il,,,,,,,,,,,4,53,3,77,23,15,9,1,"16,954.00","19,965.92","3,011.92",97,33,34.74%,62,65.26%,53.19%,4.9,,74.85%,9,14,18,14,13,20,18,14 - 18,
,מ''ר גדול,מרכז רפואי סורוקה,פנימית,ו,,פרופ׳,לאוניד ברסקי,barski@clalit.org.il,,,,,,,,,,,4,53,3,77,23,15,9,1,"16,954.00","19,965.92","3,011.92",97,33,34.74%,62,65.26%,53.19%,4.9,,74.85%,9,14,18,14,13,20,18,14 - 18,
,מ''ר גדול,מרכז רפואי סורוקה,פנימית,ח,,פרופ׳,ויקטור נובק,VictorNo@clalit.org.il,,,,,,,,,,,4,53,3,77,23,15,9,1,"16,954.00","19,965.92","3,011.92",97,33,34.74%,62,65.26%,53.19%,4.9,,74.85%,9,14,18,14,13,20,18,14 - 18,
,מ''ר גדול,מרכז רפואי סורוקה,קרדיולוגיה,,,פרופ׳,מוטי חיים,motih@clalit.org.il,,,,,,,,,,,6.5,#DIV/0!,#N/A,7,1,1,0,0,"16,954.00","19,965.92","3,011.92",1,0,0.00%,1,100.00%,#DIV/0!,4.5,,#DIV/0!,2,0,2,2,1,2,1,1 - 2,
,מ''ר גדול,מרכז רפואי סורוקה,אונקולוגיה,,,דר,מרגריטה טוקר,mtokar@bgu.ac.il,,,,,,,,,,,5.5,83,3,5,7,2,1,1,"16,954.00","19,965.92","3,011.92",18,7,41.18%,10,58.82%,77.68%,4.7,,69.12%,2,1,2,2,2,1,2,2 - 2,
,מ''ר גדול,מרכז רפואי סורוקה,יילוד וגינקולוגיה,,,פרופ׳,אייל שיינר,eyalsh@clalit.org.il,,פרופ׳,מנהל המחלקה,רלי הרשקוביץ,ralikah@bgu.ac.il,,,,,,6,79,3,29,16,6,3,0,"16,954.00","19,965.92","3,011.92",62,45,75.00%,15,25.00%,74.40%,4.7,,82.48%,5,5,9,11,8,12,2,5 - 10,
,מ''ר גדול,מרכז רפואי סורוקה,כירורגיה כללית,א,,פרופ׳,יצחק אביטל,avitalit@bgu.ac.il,,,,,,,,,,,6,85,3,11,3,4,2,0,"16,954.00","19,965.92","3,011.92",24,4,17.39%,19,82.61%,84.75%,5,,68.56%,2,0,3,4,3,5,2,2 - 4,
,מ''ר גדול,מרכז רפואי סורוקה,כירורגיה כללית,ב,,דר,אנטון אוסינצוב,ram@isnet.co.il,,,,,,,,,,,6,85,3,11,3,4,2,0,"16,954.00","19,965.92","3,011.92",24,4,17.39%,19,82.61%,84.75%,5,,68.56%,2,0,3,4,3,5,2,2 - 4,
,מ''ר גדול,מרכז רפואי סורוקה,כירורגיה פלסטית ואסתטית,,,פרופ׳,אלדד זילברשטין,eldads@bgu.ac.il,,,,,,,,,,,6,51,34,0,2,0,1,2,"16,954.00","19,965.92","3,011.92",9,3,37.50%,5,62.50%,74.65%,4.5,,66.60%,0,0,2,2,1,0,0,0 - 2,
,מ''ר גדול,מרכז רפואי סורוקה,רדיולוגיה (דימות),,,פרופ׳,אילן שלף,shelef@bgu.ac.il,,,,,,,,,,,5,56,3,8,4,2,1,0,"16,954.00","19,965.92","3,011.92",18,8,44.44%,10,55.56%,78.40%,4.7,,73.50%,3,1,2,5,1,4,1,1 - 4,
,מ''ר גדול,מרכז רפואי סורוקה,נוירולוגיה,,,פרופ׳,גל איפרגן,galif@clalit.org.il,,,,,,,,,,,5,63,2,9,3,1,0,0,"16,954.00","19,965.92","3,011.92",14,9,64.29%,5,35.71%,66.47%,4.6,,78.95%,0,1,3,2,1,4,1,1 - 3,
,מ''ר גדול,מרכז רפואי סורוקה,כירורגית כלי דם,,,דר,ג'ורג' גרינברג,georgegr@clalit.org.il,,,,,,,,,,,6,77,2,2,1,0,0,0,"16,954.00","19,965.92","3,011.92",4,0,0.00%,4,100.00%,73.91%,4.5,,67.30%,0,0,1,2,0,2,0,0 - 2,
,מ''ר גדול,מרכז רפואי סורוקה,נוירוכירורגיה,,,פרופ׳,ישראל מלמד,melamed@clalit.org.il,,,,,,,,,,,6,#DIV/0!,7,2,2,1,0,0,"16,954.00","19,965.92","3,011.92",7,2,28.57%,5,71.43%,88.31%,4.5,,66.00%,0,0,0,1,1,1,1,0 - 1,
,מ''ר גדול,מרכז רפואי סורוקה,אף אוזן גרון,,,פרופ׳,דניאל קפלן,danielka@clalit.org.il,,,,,,,,,,,6,76,8,2,4,7,2,0,"16,954.00","19,965.92","3,011.92",18,5,31.25%,11,68.75%,80.08%,4.8,,76.61%,0,1,2,2,2,2,3,2 - 2,
,מ''ר גדול,מרכז רפואי סורוקה,רפואת עור,,,דר,יוליה ולדמן,juliyav@bgu.ac.il,,,,,,,,,,,5,63,8,4,3,3,2,0,"16,954.00","19,965.92","3,011.92",16,6,37.50%,10,62.50%,86.03%,4.5,,79.63%,4,0,1,3,2,5,1,1 - 4,
,מ''ר גדול,מרכז רפואי סורוקה,פסיכיאטריה של הילד והמתבגר,,https://hospitals.clalit.co.il/soroka/he/med-units/psychiatry/Pages/psyc-ped.aspx,פרופ׳,גל מאירי,gmeiri@bgu.ac.il,,,,,,,"צוות פסיכיאטריה לילדים ולנוער נותן מענה דחוף לפניות בחדרי המיון ומתן ייעוץ פסיכיאטרי לכלל הילדים המאושפזים בבית החולים.
מתן מענה מרפאתי אל מול התחייבות של הקופה, להערכה וטיפול בהתאם.
הצוות הרב מקצועי כולל פסיכיאטרים, פסיכולוגים, עובדים סוציאלים, מרפאים בעיסוק, דיאטניות, ואחיות.",,,,5,#DIV/0!,9,3,3,1,1,1,"16,954.00","19,965.92","3,011.92",9,6,66.67%,3,33.33%,#DIV/0!,4.5,,73.37%,2,1,0,0,2,4,1,1 - 2,
,מ''ר גדול,מרכז רפואי סורוקה,כירורגיה אורולוגית,,https://hospitals.clalit.co.il/soroka/he/med-units/surgery-division/pages/urology.aspx,פרופ׳,ניקולא מבג'יש,mabjeesh@bgu.ac.il,,,,,,,"המחלקה האורולוגית מוכרת על־ידי ההסתדרות הרפואית לצורך התמחות באורולוגיה, ולרופאים צעירים ניתנת האפשרות להתמחות בה ברמת ידע גבוהה
במחלקה מתקיימת הוראה לסטודנטים לרפואה ולסיעוד באוניברסיטת בן-גוריון
במחלקה שוקדים על שיפור המיומנות של הצוות הסיעודי באמצעות התעדכנות מתמדת בחידושים בתחום, השתלמויות בארץ ובחו''ל ועוד
המחלקה משתתפת בהכנת הבחינות בנושא אורולוגיה בבית הספר לרפואה ובהתארגנות לקראתן
נציגי המחלקה שותפים גם בצוות המכין את הבחינות הארציות ברפואה
רופאי המחלקה משתתפים ב־ Journal Club שבמסגרתו אחד מרופאי המחלקה מנתח מאמר רפואי או שמתקיימת הרצאה של מרצה אורח
קיימת פעילות שוטפת עם מחלקות: אונקולוגיה, פתולוגיה ורנטגן
רופאים בכירים במחלקה משתתפים בחוגים שונים של איגוד האורולוגים בישראל.",,,,6,82,2,3,3,0,1,0,"16,954.00","19,965.92","3,011.92",11,1,9.09%,10,90.91%,67.19%,5,,74.33%,0,1,2,3,0,0,0,0 - 2,
,מ''ר גדול,מרכז רפואי סורוקה,פסיכיאטריה,,,דר,הדר שלו,shalev@bgu.ac.il,,,,,,,,,,,4.5,61,3,6,1,1,1,0,"16,954.00","19,965.92","3,011.92",11,4,36.36%,7,63.64%,78.17%,4.7,,62.28%,1,1,1,1,1,2,2,1 - 2,
,מ''ר גדול,מרכז רפואי סורוקה,מחלות עיניים,,,פרופ׳,ארז צומעי,ErezTs@clalit.org.il,,,,,,,,,,,5,73,5,7,6,3,3,0,"16,954.00","19,965.92","3,011.92",17,7,41.18%,10,58.82%,76.38%,4.5,,71.61%,3,3,3,3,1,2,5,3 - 3,
,מ''ר גדול,מרכז רפואי סורוקה,רפואה גרעינית,,https://hospitals.clalit.co.il/soroka/he/med-units/Pages/isotop-pet-ct.aspx,דר,דניאל לוין,Danielle@clalit.org.il,,,,,,,,,,,4.5,#DIV/0!,5,0,3,1,0,0,"16,954.00","19,965.92","3,011.92",4,1,25.00%,3,75.00%,58.33%,4.5,,51.83%,0,0,0,0,0,2,1,0 - 1,
,מ''ר גדול,מרכז רפואי סורוקה,כירורגית ילדים,,,דר,זכי עאסי,assiz@bgu.ac.il,,,,,,,,,,,6,#DIV/0!,23,1,0,0,0,0,"16,954.00","19,965.92","3,011.92",0,0,#DIV/0!,0,#DIV/0!,84.85%,4.5,,66.67%,1,1,0,0,1,0,0,0 - 1,
,מ''ר גדול,מרכז רפואי סורוקה,פתולוגיה,,,דר,ברטה דלגדו,bertha@bgu.ac.il,,,,,,,,,,,5,71,16,1,1,3,0,0,"16,954.00","19,965.92","3,011.92",11,4,40.00%,6,60.00%,56.12%,4.5,,58.07%,0,1,0,0,2,3,1,0 - 2,
,מ''ר גדול,מרכז רפואי סורוקה,כירורגיה של בית החזה,,,דר,מנחם מצא,matsam@bgu.ac.il,,,,,,,,,,,6,86,4,5,2,0,0,0,"16,954.00","19,965.92","3,011.92",9,1,12.50%,7,87.50%,91.89%,4.5,,84.88%,0,1,1,0,1,1,2,1 - 1,
,מ''ר גדול,מרכז רפואי רבין,רפואה דחופה,,,,,,,,,,,,,,,,4.5,#DIV/0!,1,0,0,0,0,1,"16,954.00","19,965.92","3,011.92",0,0,#DIV/0!,0,#DIV/0!,66.27%,4.5,,75.55%,1,0,0,0,0,0,0,0 - 0,
,מ''ר גדול,מרכז רפואי רבין,הרדמה,,,,,,,,,,,,,,,,5,#DIV/0!,1,0,1,0,0,0,"16,954.00","19,965.92","3,011.92",0,0,#DIV/0!,0,#DIV/0!,52.75%,4.5,,61.25%,0,0,1,0,0,0,0,0 - 0,
,מ''ר גדול,מרכז רפואי רבין,רפואת ילדים,,,,,,,,,,,,,,,,4.5,#DIV/0!,#N/A,0,0,0,0,0,"16,954.00","19,965.92","3,011.92",0,0,#DIV/0!,0,#DIV/0!,84.92%,4.6,,88.27%,0,0,0,0,0,0,0,0 - 0,
,מ''ר גדול,מרכז רפואי רבין,אורתופדיה,,,,,,,,,,,,,,,,6,#DIV/0!,12,0,0,0,1,0,"16,954.00","19,965.92","3,011.92",0,0,#DIV/0!,0,#DIV/0!,70.66%,5.2,,69.70%,0,0,0,0,0,0,0,0 - 0,
,מ''ר גדול,מרכז רפואי רבין,פנימית,,,,,,,,,,,,,,,,4,43,27,2,2,2,1,0,"16,954.00","19,965.92","3,011.92",3,1,33.33%,2,66.67%,53.19%,4.9,,74.85%,0,0,3,0,0,0,0,0 - 0,
,מ''ר גדול,מרכז רפואי רבין,קרדיולוגיה,,,,,,,,,,,,,,,,6.5,#DIV/0!,#N/A,2,0,0,0,0,"16,954.00","19,965.92","3,011.92",0,0,#DIV/0!,0,#DIV/0!,#DIV/0!,4.5,,#DIV/0!,0,0,0,0,0,1,1,0 - 1,
,מ''ר גדול,מרכז רפואי רבין,אונקולוגיה,,,,,,,,,,,,,,,,5.5,#DIV/0!,9,0,1,0,0,0,"16,954.00","19,965.92","3,011.92",0,0,#DIV/0!,0,#DIV/0!,77.68%,4.7,,69.12%,0,1,0,0,0,0,0,0 - 0,
,מ''ר גדול,מרכז רפואי רבין,יילוד וגינקולוגיה,,,,,,,,,,,,,,,,6,#DIV/0!,4,3,1,0,0,0,"16,954.00","19,965.92","3,011.92",4,1,25.00%,3,75.00%,74.40%,4.7,,82.48%,0,0,1,0,1,1,1,0 - 1,
,מ''ר גדול,מרכז רפואי רבין,כירורגיה כללית,,,,,,,,,,,,,,,,6,#DIV/0!,#N/A,0,0,0,0,0,"16,954.00","19,965.92","3,011.92",0,0,#DIV/0!,0,#DIV/0!,84.75%,5,,68.56%,0,0,0,0,0,0,0,0 - 0,
,מ''ר גדול,מרכז רפואי רבין,כירורגיה פלסטית ואסתטית,,,,,,,,,,,,,,,,6,#DIV/0!,#N/A,0,0,0,0,0,"16,954.00","19,965.92","3,011.92",0,0,#DIV/0!,0,#DIV/0!,74.65%,4.5,,66.60%,0,0,0,0,0,0,0,0 - 0,
,מ''ר גדול,מרכז רפואי רבין,רדיולוגיה (דימות),,https://hospitals.clalit.co.il/rabin/he/departments-and-clinics/imaging/Pages/imaging_beilinson.aspx,פרופ׳,אלי עטר,elia@clalit.org.il,,,,,,,,,,,5,#DIV/0!,#N/A,0,0,0,0,0,"16,954.00","19,965.92","3,011.92",0,0,#DIV/0!,0,#DIV/0!,78.40%,4.7,,73.50%,0,0,0,0,0,0,0,0 - 0,
,מ''ר גדול,מרכז רפואי רבין,נוירולוגיה,,,,,,,,,,,,,,,,5,#DIV/0!,#N/A,0,0,0,0,0,"16,954.00","19,965.92","3,011.92",0,0,#DIV/0!,0,#DIV/0!,66.47%,4.6,,78.95%,0,0,0,0,0,0,0,0 - 0,
,מ''ר גדול,מרכז רפואי רבין,כירורגית כלי דם,,,,,,,,,,,,,,,,6,#DIV/0!,23,0,1,0,0,0,"16,954.00","19,965.92","3,011.92",1,0,0.00%,1,100.00%,73.91%,4.5,,67.30%,0,0,1,0,0,0,0,0 - 0,
,מ''ר גדול,מרכז רפואי רבין,נוירוכירורגיה,,,,,,,,,,,,,,,,6,#DIV/0!,1,1,0,0,0,0,"16,954.00","19,965.92","3,011.92",1,0,0.00%,1,100.00%,88.31%,4.5,,66.00%,0,0,0,1,0,0,0,0 - 0,
,מ''ר גדול,מרכז רפואי רבין,אף אוזן גרון,,,,,,,,,,,,,,,,6,#DIV/0!,2,1,0,2,2,0,"16,954.00","19,965.92","3,011.92",5,1,20.00%,4,80.00%,80.08%,4.8,,76.61%,0,0,1,1,0,0,3,0 - 1,
,מ''ר גדול,מרכז רפואי רבין,רפואת עור,,,,,,,,,,,,,,,,5,#DIV/0!,13,1,0,0,1,0,"16,954.00","19,965.92","3,011.92",1,1,100.00%,0,0.00%,86.03%,4.5,,79.63%,0,1,0,0,0,0,1,0 - 1,
,מ''ר גדול,מרכז רפואי רבין,פסיכיאטריה של הילד והמתבגר,,,,,,,,,,,,,,,,5,#DIV/0!,#N/A,0,0,0,0,0,"16,954.00","19,965.92","3,011.92",0,0,#DIV/0!,0,#DIV/0!,#DIV/0!,4.5,,73.37%,0,0,0,0,0,0,0,0 - 0,
,מ''ר גדול,מרכז רפואי רבין,כירורגיה אורולוגית,,https://hospitals.clalit.co.il/rabin/he/departments-and-clinics/urology/Pages/urology.aspx,פרופ׳,שי גולן,shayg@clalit.org.il,,,,,,,,,,,6,#DIV/0!,1,1,3,0,0,1,"16,954.00","19,965.92","3,011.92",6,1,16.67%,5,83.33%,67.19%,5,,74.33%,0,1,1,0,1,2,1,1 - 1,
,מ''ר גדול,מרכז רפואי רבין,פסיכיאטריה,,,,,,,,,,,,,,,,4.5,#DIV/0!,#N/A,0,0,0,0,0,"16,954.00","19,965.92","3,011.92",0,0,#DIV/0!,0,#DIV/0!,78.17%,4.7,,62.28%,0,0,0,0,0,0,0,0 - 0,
,מ''ר גדול,מרכז רפואי רבין,מחלות עיניים,,https://hospitals.clalit.co.il/rabin/he/departments-and-clinics/ophthalmology/Pages/ophthalmology.aspx,פרופ׳,אירית בכר,iritbahar@gmail.com,,,,,,,,,,,5,60,3,5,3,1,1,0,"16,954.00","19,965.92","3,011.92",7,3,42.86%,4,57.14%,76.38%,4.5,,71.61%,0,2,1,1,1,2,3,1 - 2,
,מ''ר גדול,מרכז רפואי רבין,רפואה גרעינית,,,,,,,,,,,,,,,,4.5,#DIV/0!,#N/A,0,0,0,0,0,"16,954.00","19,965.92","3,011.92",0,0,#DIV/0!,0,#DIV/0!,58.33%,4.5,,51.83%,0,0,0,0,0,0,0,0 - 0,
,מ''ר גדול,מרכז רפואי רבין,כירורגית ילדים,,,,,,,,,,,,,,,,6,#DIV/0!,#N/A,0,0,0,0,0,"16,954.00","19,965.92","3,011.92",0,0,#DIV/0!,0,#DIV/0!,84.85%,4.5,,66.67%,0,0,0,0,0,0,0,0 - 0,
,מ''ר גדול,מרכז רפואי רבין,פתולוגיה,,https://hospitals.clalit.co.il/rabin/he/departments-and-clinics/pathology/Pages/pathology.aspx,פרופ׳,אנה פוייגלמן-תובר,anato@clalit.org.il,,,,,,,,,,,5,#DIV/0!,47,1,0,0,0,0,"16,954.00","19,965.92","3,011.92",1,1,100.00%,0,0.00%,56.12%,4.5,,58.07%,0,0,0,0,0,1,0,0 - 0,
,מ''ר גדול,מרכז רפואי רבין,כירורגיה של בית החזה,,,,,,,,,,,,,,,,6,#DIV/0!,#N/A,0,0,0,0,0,"16,954.00","19,965.92","3,011.92",0,0,#DIV/0!,0,#DIV/0!,91.89%,4.5,,84.88%,0,0,0,0,0,0,0,0 - 0,
,רפואה משפטית,מ.לרפואה משפטית,,,,,,,,,,,,,,,,,,#DIV/0!,#N/A,0,0,0,0,0,"16,954.00","19,965.92","3,011.92",0,0,#DIV/0!,0,#DIV/0!,#DIV/0!,,,#DIV/0!,0,0,0,0,0,0,0,0 - 0,