masterDeptRowId,hospitalNameRaw,hospitalNameNormalized,departmentNameRaw,departmentNameNormalized,specialtyRaw,specialtyNormalized,city,district,sourceUrlRaw,sourceUrlNormalized,sourceUrlStatus,sourceUrlPageType,discoveredFromMasterDeptUrl,nearbyDoctorOrTeamUrls,urlInspectionEvidence,providerGuess,institutionType,isResidencyHospitalCandidate,crawlPriority,crawlerStatus,deferReason
master-dept-0002-אסיא-ש-בריאות-קהילתיים-רפואת-המשפחה,אסיא ש.בריאות קהילתיים,אסיא ש.בריאות קהילתיים,,,רפואת המשפחה,רפואת המשפחה,,,https://www.assiamd.co.il/about/,https://www.assiamd.co.il/about/,pending,hospitalPage,true,,,unknown,healthFund,false,defer,pending,
master-dept-0003-שירותי-בריאות-כללית-רפואת-המשפחה,שירותי בריאות כללית,שירותי בריאות כללית,,,רפואת המשפחה,רפואת המשפחה,,,https://www.clalit.co.il/he/info/career/Pages/family_docs.aspx,https://www.clalit.co.il/he/info/career/Pages/family_docs.aspx,pending,unknown,true,,,clalit,healthFund,false,defer,supported,
master-dept-0004-מכבי-שירותי-בריאות-רפואת-המשפחה,מכבי שירותי בריאות,מכבי שירותי בריאות,,,רפואת המשפחה,רפואת המשפחה,,,https://www.maccabi4u.co.il/careers/specialization_family/info/family_medicine/,https://www.maccabi4u.co.il/careers/specialization_family/info/family_medicine/,pending,departmentPage,true,,,private,healthFund,false,defer,needsAdapter,
master-dept-0005-קופח-לאומית-רפואת-המשפחה,"קופ""ח לאומית",קופח לאומית,,,רפואת המשפחה,רפואת המשפחה,,,https://www.leumit.co.il/jobs/family-medicine-residency/family-department/,https://www.leumit.co.il/jobs/family-medicine-residency/family-department/,pending,departmentPage,true,,,private,healthFund,false,defer,needsAdapter,
master-dept-0006-קופח-מאוחדת-רפואת-המשפחה,"קופ""ח מאוחדת",קופח מאוחדת,,,רפואת המשפחה,רפואת המשפחה,,,https://www.meuhedet.co.il/%D7%93%D7%A8%D7%95%D7%A9%D7%99%D7%9D/%D7%A7%D7%A8%D7%99%D7%99%D7%A8%D7%94-%D7%91%D7%9E%D7%90%D7%95%D7%97%D7%93%D7%AA/%D7%94%D7%AA%D7%9E%D7%97%D7%95%D7%AA-%D7%91%D7%A8%D7%A4%D7%95%D7%90%D7%AA-%D7%9E%D7%A9%D7%A4%D7%97%D7%94/,https://www.meuhedet.co.il/%D7%93%D7%A8%D7%95%D7%A9%D7%99%D7%9D/%D7%A7%D7%A8%D7%99%D7%99%D7%A8%D7%94-%D7%91%D7%9E%D7%90%D7%95%D7%97%D7%93%D7%AA/%D7%94%D7%AA%D7%9E%D7%97%D7%95%D7%AA-%D7%91%D7%A8%D7%A4%D7%95%D7%90%D7%AA-%D7%9E%D7%A9%D7%A4%D7%97%D7%94/,pending,unknown,true,,,private,healthFund,false,defer,needsAdapter,
master-dept-0007-מרכז-לבהנ-גהה-פסיכיאטריה,"מרכז לבה""נ גהה",מרכז לבהנ גהה,,,פסיכיאטריה,פסיכיאטריה,,,https://hospitals.clalit.co.il/geha/he/stud/Pages/psychiatry.aspx,https://hospitals.clalit.co.il/geha/he/stud/Pages/psychiatry.aspx,pending,unknown,true,,,clalit,psychiatricHospital,true,medium,supported,
master-dept-0008-מרכז-לבהנ-שלוותה-פסיכיאטריה,"מרכז לבה""נ שלוותה",מרכז לבהנ שלוותה,,,פסיכיאטריה,פסיכיאטריה,,,https://hospitals.clalit.co.il/shalvata/he/residency/Pages/psychiatry_training.aspx,https://hospitals.clalit.co.il/shalvata/he/residency/Pages/psychiatry_training.aspx,pending,unknown,true,,,clalit,psychiatricHospital,true,medium,supported,
master-dept-0009-מרכז-לבהנ-מזור-פסיכיאטריה,"מרכז לבה""נ מזור",מרכז לבהנ מזור,,,פסיכיאטריה,פסיכיאטריה,,,https://www.gov.il/he/departments/mazor-health-center/govil-landing-page,https://www.gov.il/he/departments/mazor-health-center/govil-landing-page,pending,departmentPage,true,,,government,psychiatricHospital,true,medium,needsAdapter,
master-dept-0010-מרכז-לבהנ-באר-שבע-פסיכיאטריה,"מרכז לבה""נ באר שבע",מרכז לבהנ באר שבע,,,פסיכיאטריה,פסיכיאטריה,,,,,notProvided,unknown,false,,,unknown,psychiatricHospital,true,low,pending,
master-dept-0011-מרחבים-המרכז-הרפואי-לטיפול-במוח-ובנפש-באר-יעקב-נס-ציונה-פסיכיאטריה,מרחבים - המרכז הרפואי לטיפול במוח ובנפש באר יעקב נס ציונה,מרחבים המרכז הרפואי לטיפול במוח ובנפש באר יעקב נס ציונה,,,פסיכיאטריה,פסיכיאטריה,,,https://www.gov.il/he/departments/mental-health-center-beer-yaacov-ness-ziona/govil-landing-page,https://www.gov.il/he/departments/mental-health-center-beer-yaacov-ness-ziona/govil-landing-page,pending,departmentPage,true,,,government,psychiatricHospital,true,medium,needsAdapter,
master-dept-0012-מרכז-לבהנ-מעלה-הכרמל-פסיכיאטריה,"מרכז לבה""נ מעלה הכרמל",מרכז לבהנ מעלה הכרמל,,,פסיכיאטריה,פסיכיאטריה,,,https://www.tiratcarmel-med.org.il/,https://www.tiratcarmel-med.org.il/,pending,hospitalPage,true,,,clalit,psychiatricHospital,true,medium,supported,
master-dept-0013-מרכז-לבהנ-שער-מנשה-פסיכיאטריה,"מרכז לבה""נ שער מנשה",מרכז לבהנ שער מנשה,,,פסיכיאטריה,פסיכיאטריה,,,https://www.shaar-menashe.org/,https://www.shaar-menashe.org/,pending,hospitalPage,true,,,unknown,psychiatricHospital,true,medium,pending,
master-dept-0014-מרכז-לבהנ-אברבנאל-פסיכיאטריה,"מרכז לבה""נ אברבנאל",מרכז לבהנ אברבנאל,,,פסיכיאטריה,פסיכיאטריה,,,https://www.gov.il/he/departments/mental-health-center-abarbanel/govil-landing-page,https://www.gov.il/he/departments/mental-health-center-abarbanel/govil-landing-page,pending,departmentPage,true,,,government,psychiatricHospital,true,medium,needsAdapter,
master-dept-0015-מרכז-לבהנ-לב-השרון-פסיכיאטריה,"מרכז לבה""נ לב השרון",מרכז לבהנ לב השרון,,,פסיכיאטריה,פסיכיאטריה,,,https://www.lev-hasharon.co.il/?page_id=853,https://www.lev-hasharon.co.il/?page_id=853,pending,hospitalPage,true,,,clalit,psychiatricHospital,true,medium,supported,
master-dept-0016-מרכז-לבהנ-ירושלים-כפר-שאול-ואיתנים-פסיכיאטריה,"מרכז לבה""נ ירושלים (כפר שאול ואיתנים)",מרכז לבהנ ירושלים (כפר שאול ואיתנים),,,פסיכיאטריה,פסיכיאטריה,,,http://www.psjer.org.il/?CategoryID=254,http://www.psjer.org.il/?CategoryID=254,pending,hospitalPage,true,,,unknown,psychiatricHospital,true,medium,pending,
master-dept-0017-מרכז-בריאות-הנפש-רמת-חן-עש-בריל-פסיכיאטריה,"מרכז בריאות הנפש רמת חן ע""ש בריל",מרכז בריאות הנפש רמת חן עש בריל,,,פסיכיאטריה,פסיכיאטריה,,,,,notProvided,unknown,false,,,unknown,psychiatricHospital,true,low,pending,
master-dept-0018-מרכז-לבהנ-גהה-פסיכיאטריה-של-הילד-והמתבגר,"מרכז לבה""נ גהה",מרכז לבהנ גהה,,,פסיכיאטריה של הילד והמתבגר,פסיכיאטריה של הילד והמתבגר,,,https://hospitals.clalit.co.il/geha/he/stud/Pages/psychiatry.aspx,https://hospitals.clalit.co.il/geha/he/stud/Pages/psychiatry.aspx,pending,unknown,true,,,clalit,psychiatricHospital,true,medium,supported,
master-dept-0019-מרכז-לבהנ-שלוותה-פסיכיאטריה-של-הילד-והמתבגר,"מרכז לבה""נ שלוותה",מרכז לבהנ שלוותה,,,פסיכיאטריה של הילד והמתבגר,פסיכיאטריה של הילד והמתבגר,,,https://hospitals.clalit.co.il/shalvata/he/residency/Pages/psychiatry_training.aspx,https://hospitals.clalit.co.il/shalvata/he/residency/Pages/psychiatry_training.aspx,pending,unknown,true,,,clalit,psychiatricHospital,true,medium,supported,
master-dept-0020-מרכז-לבהנ-באר-שבע-פסיכיאטריה-של-הילד-והמתבגר,"מרכז לבה""נ באר שבע",מרכז לבהנ באר שבע,,,פסיכיאטריה של הילד והמתבגר,פסיכיאטריה של הילד והמתבגר,,,,,notProvided,unknown,false,,,unknown,psychiatricHospital,true,low,pending,
master-dept-0021-מרחבים-המרכז-הרפואי-לטיפול-במוח-ובנפש-באר-יעקב-נס-ציונה-פסיכיאטריה-של-הי,מרחבים - המרכז הרפואי לטיפול במוח ובנפש באר יעקב נס ציונה,מרחבים המרכז הרפואי לטיפול במוח ובנפש באר יעקב נס ציונה,,,פסיכיאטריה של הילד והמתבגר,פסיכיאטריה של הילד והמתבגר,,,https://www.gov.il/he/departments/mental-health-center-beer-yaacov-ness-ziona/govil-landing-page,https://www.gov.il/he/departments/mental-health-center-beer-yaacov-ness-ziona/govil-landing-page,pending,departmentPage,true,,,government,psychiatricHospital,true,medium,needsAdapter,
master-dept-0022-מרכז-לבהנ-מעלה-הכרמל-פסיכיאטריה-של-הילד-והמתבגר,"מרכז לבה""נ מעלה הכרמל",מרכז לבהנ מעלה הכרמל,,,פסיכיאטריה של הילד והמתבגר,פסיכיאטריה של הילד והמתבגר,,,https://www.tiratcarmel-med.org.il/,https://www.tiratcarmel-med.org.il/,pending,hospitalPage,true,,,clalit,psychiatricHospital,true,medium,supported,
master-dept-0023-מרכז-לבהנ-אברבנאל-פסיכיאטריה-של-הילד-והמתבגר,"מרכז לבה""נ אברבנאל",מרכז לבהנ אברבנאל,,,פסיכיאטריה של הילד והמתבגר,פסיכיאטריה של הילד והמתבגר,,,https://www.gov.il/he/departments/mental-health-center-abarbanel/govil-landing-page,https://www.gov.il/he/departments/mental-health-center-abarbanel/govil-landing-page,pending,departmentPage,true,,,government,psychiatricHospital,true,medium,needsAdapter,
master-dept-0024-מרכז-לבהנ-ירושלים-כפר-שאול-ואיתנים-פסיכיאטריה-של-הילד-והמתבגר,"מרכז לבה""נ ירושלים (כפר שאול ואיתנים)",מרכז לבהנ ירושלים (כפר שאול ואיתנים),,,פסיכיאטריה של הילד והמתבגר,פסיכיאטריה של הילד והמתבגר,,,http://www.psjer.org.il/?CategoryID=254,http://www.psjer.org.il/?CategoryID=254,pending,hospitalPage,true,,,unknown,psychiatricHospital,true,medium,pending,
master-dept-0025-מרכז-בריאות-הנפש-רמת-חן-עש-בריל-פסיכיאטריה-של-הילד-והמתבגר,"מרכז בריאות הנפש רמת חן ע""ש בריל",מרכז בריאות הנפש רמת חן עש בריל,,,פסיכיאטריה של הילד והמתבגר,פסיכיאטריה של הילד והמתבגר,,,,,notProvided,unknown,false,,,unknown,psychiatricHospital,true,low,pending,
master-dept-0026-מ-גריאטרי-שהם-גריאטריה,מ.גריאטרי שהם,מ.גריאטרי שהם,,,גריאטריה,גריאטריה,,,https://www.shoham-medical.org.il/about-shoham/%d7%94%d7%aa%d7%9e%d7%97%d7%95%d7%aa-%d7%91-%d7%a9%d7%94%d7%9d/,https://www.shoham-medical.org.il/about-shoham/%d7%94%d7%aa%d7%9e%d7%97%d7%95%d7%aa-%d7%91-%d7%a9%d7%94%d7%9d/,pending,hospitalPage,true,,,unknown,geriatricHospital,true,low,pending,
master-dept-0027-מרכז-רפואי-רעות-גריאטריה,מרכז רפואי רעות,מרכז רפואי רעות,,,גריאטריה,גריאטריה,,,,,notProvided,unknown,false,,,unknown,geriatricHospital,true,low,pending,
master-dept-0028-ביהח-הרצוג-גריאטריה,"ביה""ח הרצוג",ביהח הרצוג,,,גריאטריה,גריאטריה,,,,,notProvided,unknown,false,,,unknown,geriatricHospital,true,low,pending,
master-dept-0029-מ-גריאטרי-פלימן-גריאטריה,מ.גריאטרי פלימן,מ.גריאטרי פלימן,,,גריאטריה,גריאטריה,,,,,notProvided,unknown,false,,,unknown,geriatricHospital,true,low,pending,
master-dept-0030-מ-גריאטרי-בית-רבקה-גריאטריה,מ.גריאטרי בית רבקה,מ.גריאטרי בית רבקה,,,גריאטריה,גריאטריה,,,,,notProvided,unknown,false,,,unknown,geriatricHospital,true,low,pending,
master-dept-0031-מ-גריאטרי-שמואל-הרופא-גריאטריה,מ.גריאטרי שמואל הרופא,מ.גריאטרי שמואל הרופא,,,גריאטריה,גריאטריה,,,,,notProvided,unknown,false,,,unknown,geriatricHospital,true,low,pending,
master-dept-0032-מרכז-גריאטרי-נאות-המושבה-גריאטריה,מרכז גריאטרי נאות המושבה,מרכז גריאטרי נאות המושבה,,,גריאטריה,גריאטריה,,,,,notProvided,unknown,false,,,unknown,geriatricHospital,true,low,pending,
master-dept-0033-מ-גריאטרי-הרצפלד-גריאטריה,מ.גריאטרי הרצפלד,מ.גריאטרי הרצפלד,,,גריאטריה,גריאטריה,,,,,notProvided,unknown,false,,,unknown,geriatricHospital,true,low,pending,
master-dept-0034-בית-בלב-ראשון-לציון-גריאטריה,בית בלב ראשון לציון,בית בלב ראשון לציון,,,גריאטריה,גריאטריה,,,,,notProvided,unknown,false,,,unknown,geriatricHospital,true,low,pending,
master-dept-0035-מ-גריאטרי-נתניה-גריאטריה,מ.גריאטרי נתניה,מ.גריאטרי נתניה,,,גריאטריה,גריאטריה,,,,,notProvided,unknown,false,,,unknown,geriatricHospital,true,low,pending,
master-dept-0036-עדי-נגב-נחלת-עדן-רפואה-פיזיקלית-ושיקום,עדי נגב - נחלת עדן,עדי נגב נחלת עדן,,,רפואה פיזיקלית ושיקום,רפואה פיזיקלית ושיקום,,,,,notProvided,unknown,false,,,unknown,geriatricHospital,true,low,pending,
master-dept-0037-ביהח-לוינשטיין-רפואה-פיזיקלית-ושיקום,"ביה""ח לוינשטיין",ביהח לוינשטיין,,,רפואה פיזיקלית ושיקום,רפואה פיזיקלית ושיקום,,,,,notProvided,unknown,false,,,unknown,rehabilitationHospital,true,low,pending,
master-dept-0038-ביהח-הצרפתי-רפואת-ילדים,"ביה""ח הצרפתי",ביהח הצרפתי,,,רפואת ילדים,רפואת ילדים,,,https://saint-vincent-hospital.org/%d7%9e%d7%97%d7%9c%d7%a7%d7%aa-%d7%99%d7%9c%d7%93%d7%99%d7%9d/,https://saint-vincent-hospital.org/%d7%9e%d7%97%d7%9c%d7%a7%d7%aa-%d7%99%d7%9c%d7%93%d7%99%d7%9d/,live,departmentPage,true,https://saint-vincent-hospital.org/%d7%a8%d7%95%d7%a4%d7%90%d7%99%d7%9d/,OK 200 title=מחלקת ילדים – Saint Vincent De Paul Hospital text=20139,unknown,acuteHospital,true,high,pending,
master-dept-0039-ביהח-הצרפתי-יילוד-וגינקולוגיה,"ביה""ח הצרפתי",ביהח הצרפתי,,,יילוד וגינקולוגיה,יילוד וגינקולוגיה,,,https://saint-vincent-hospital.org/%d7%9e%d7%97%d7%9c%d7%a7%d7%aa-%d7%a0%d7%a9%d7%99%d7%9d-%d7%95%d7%99%d7%95%d7%9c%d7%93%d7%95%d7%aa/,https://saint-vincent-hospital.org/%d7%9e%d7%97%d7%9c%d7%a7%d7%aa-%d7%a0%d7%a9%d7%99%d7%9d-%d7%95%d7%99%d7%95%d7%9c%d7%93%d7%95%d7%aa/,live,departmentPage,true,https://saint-vincent-hospital.org/%d7%a8%d7%95%d7%a4%d7%90%d7%99%d7%9d/,OK 200 title=מחלקת נשים ויולדות – Saint Vincent De Paul Hospital text=13849,unknown,acuteHospital,true,high,pending,
master-dept-0040-ביהח-הצרפתי-אף-אוזן-גרון,"ביה""ח הצרפתי",ביהח הצרפתי,,,אף אוזן גרון,אף אוזן גרון,,,https://saint-vincent-hospital.org/%d7%9e%d7%97%d7%9c%d7%a7%d7%aa-%d7%90%d7%a3-%d7%90%d7%95%d7%96%d7%9f-%d7%92%d7%a8%d7%95%d7%9f/,https://saint-vincent-hospital.org/%d7%9e%d7%97%d7%9c%d7%a7%d7%aa-%d7%90%d7%a3-%d7%90%d7%95%d7%96%d7%9f-%d7%92%d7%a8%d7%95%d7%9f/,live,departmentPage,true,https://saint-vincent-hospital.org/%d7%a8%d7%95%d7%a4%d7%90%d7%99%d7%9d/,OK 200 title=מחלקת אף אוזן גרון – Saint Vincent De Paul Hospital text=16088,unknown,acuteHospital,true,high,pending,
master-dept-0041-ביהח-הצרפתי-מחלות-עיניים,"ביה""ח הצרפתי",ביהח הצרפתי,,,מחלות עיניים,מחלות עיניים,,,https://saint-vincent-hospital.org/%d7%9e%d7%97%d7%9c%d7%a7%d7%aa-%d7%a2%d7%99%d7%a0%d7%99%d7%99%d7%9d/,https://saint-vincent-hospital.org/%d7%9e%d7%97%d7%9c%d7%a7%d7%aa-%d7%a2%d7%99%d7%a0%d7%99%d7%99%d7%9d/,live,departmentPage,true,https://saint-vincent-hospital.org/%d7%a8%d7%95%d7%a4%d7%90%d7%99%d7%9d/,OK 200 title=מחלקת עיניים – Saint Vincent De Paul Hospital text=11940,unknown,acuteHospital,true,high,pending,
master-dept-0042-ביהח-יוספטל-פנימית,"ביה""ח יוספטל",ביהח יוספטל,,,פנימית,פנימית,,,,,notProvided,unknown,false,,,clalit,acuteHospital,true,medium,supported,
master-dept-0043-ביהח-יוספטל-כירורגיה-כללית,"ביה""ח יוספטל",ביהח יוספטל,,,כירורגיה כללית,כירורגיה כללית,,,,,notProvided,unknown,false,,,clalit,acuteHospital,true,medium,supported,
master-dept-0044-ביהח-המשפחה-הקדושה-יילוד-וגינקולוגיה,"ביה""ח המשפחה הקדושה",ביהח המשפחה הקדושה,,,יילוד וגינקולוגיה,יילוד וגינקולוגיה,,,https://hfhosp.org/he/%D7%9E%D7%97%D7%9C%D7%A7%D7%95%D7%AA/%D7%90%D7%92%D7%A3-%D7%A0%D7%A9%D7%99%D7%9D-%D7%95%D7%99%D7%95%D7%9C%D7%93%D7%95%D7%AA,https://hfhosp.org/he/%D7%9E%D7%97%D7%9C%D7%A7%D7%95%D7%AA/%D7%90%D7%92%D7%A3-%D7%A0%D7%A9%D7%99%D7%9D-%D7%95%D7%99%D7%95%D7%9C%D7%93%D7%95%D7%AA,live,departmentPage,true,https://hfhosp.org/he/%D7%94%D7%A6%D7%95%D7%95%D7%AA-%D7%A9%D7%9C%D7%A0%D7%95 | https://hfhosp.org/he/%D7%A6%D7%95%D7%95%D7%AA-%D7%94%D7%A8%D7%95%D7%A4%D7%90%D7%99%D7%9D,OK 200 title=אגף נשים ויולדות | בית חולים המשפחה הקדושה נצרת text=8557,unknown,acuteHospital,true,high,pending,
master-dept-0045-ביהח-המשפחה-הקדושה-אורתופדיה,"ביה""ח המשפחה הקדושה",ביהח המשפחה הקדושה,,,אורתופדיה,אורתופדיה,,,https://hfhosp.org/he/%D7%9E%D7%97%D7%9C%D7%A7%D7%95%D7%AA/%D7%90%D7%95%D7%A8%D7%AA%D7%95%D7%A4%D7%93%D7%99%D7%94,https://hfhosp.org/he/%D7%9E%D7%97%D7%9C%D7%A7%D7%95%D7%AA/%D7%90%D7%95%D7%A8%D7%AA%D7%95%D7%A4%D7%93%D7%99%D7%94,live,departmentPage,true,https://hfhosp.org/he/%D7%94%D7%A6%D7%95%D7%95%D7%AA-%D7%A9%D7%9C%D7%A0%D7%95 | https://hfhosp.org/he/%D7%A6%D7%95%D7%95%D7%AA-%D7%94%D7%A8%D7%95%D7%A4%D7%90%D7%99%D7%9D,OK 200 title=אורתופדיה | בית חולים המשפחה הקדושה נצרת text=7622,unknown,acuteHospital,true,high,pending,
master-dept-0046-ביהח-המשפחה-הקדושה-רדיולוגיה-דימות,"ביה""ח המשפחה הקדושה",ביהח המשפחה הקדושה,,,רדיולוגיה (דימות),רדיולוגיה (דימות),,,https://hfhosp.org/he/%D7%9E%D7%9B%D7%95%D7%A0%D7%99%D7%9D/%D7%A8%D7%A0%D7%98%D7%92%D7%9F-ct-us-%D7%A6%D7%A4%D7%99%D7%A4%D7%95%D7%AA-%D7%94%D7%A2%D7%A6%D7%9D,https://hfhosp.org/he/%D7%9E%D7%9B%D7%95%D7%A0%D7%99%D7%9D/%D7%A8%D7%A0%D7%98%D7%92%D7%9F-ct-us-%D7%A6%D7%A4%D7%99%D7%A4%D7%95%D7%AA-%D7%94%D7%A2%D7%A6%D7%9D,live,departmentPage,true,https://hfhosp.org/he/%D7%94%D7%A6%D7%95%D7%95%D7%AA-%D7%A9%D7%9C%D7%A0%D7%95 | https://hfhosp.org/he/%D7%A6%D7%95%D7%95%D7%AA-%D7%94%D7%A8%D7%95%D7%A4%D7%90%D7%99%D7%9D,OK 200 title=רנטגן - C.T- U.S - צפיפות העצם | בית חולים המשפחה הקדושה נצרת text=7611,unknown,acuteHospital,true,high,pending,
master-dept-0047-ביהח-המשפחה-הקדושה-כירורגיה-כללית,"ביה""ח המשפחה הקדושה",ביהח המשפחה הקדושה,,,כירורגיה כללית,כירורגיה כללית,,,https://hfhosp.org/he/%D7%9E%D7%97%D7%9C%D7%A7%D7%95%D7%AA/%D7%9E%D7%A2%D7%A8%D7%9A-%D7%9C%D7%9B%D7%99%D7%A8%D7%95%D7%A8%D7%92%D7%99%D7%94-%D7%9B%D7%9C%D7%9C%D7%99%D7%AA,https://hfhosp.org/he/%D7%9E%D7%97%D7%9C%D7%A7%D7%95%D7%AA/%D7%9E%D7%A2%D7%A8%D7%9A-%D7%9C%D7%9B%D7%99%D7%A8%D7%95%D7%A8%D7%92%D7%99%D7%94-%D7%9B%D7%9C%D7%9C%D7%99%D7%AA,live,departmentPage,true,https://hfhosp.org/he/%D7%94%D7%A6%D7%95%D7%95%D7%AA-%D7%A9%D7%9C%D7%A0%D7%95 | https://hfhosp.org/he/%D7%A6%D7%95%D7%95%D7%AA-%D7%94%D7%A8%D7%95%D7%A4%D7%90%D7%99%D7%9D,OK 200 title=כירורגיה כללית | בית חולים המשפחה הקדושה נצרת text=19793,unknown,acuteHospital,true,high,pending,
master-dept-0048-ביהח-המשפחה-הקדושה-גריאטריה,"ביה""ח המשפחה הקדושה",ביהח המשפחה הקדושה,,,גריאטריה,גריאטריה,,,https://hfhosp.org/he/%D7%90%D7%92%D7%A3-%D7%92%D7%A8%D7%99%D7%90%D7%98%D7%A8%D7%99,https://hfhosp.org/he/%D7%90%D7%92%D7%A3-%D7%92%D7%A8%D7%99%D7%90%D7%98%D7%A8%D7%99,live,departmentPage,true,https://hfhosp.org/he/%D7%94%D7%A6%D7%95%D7%95%D7%AA-%D7%A9%D7%9C%D7%A0%D7%95 | https://hfhosp.org/he/%D7%A6%D7%95%D7%95%D7%AA-%D7%94%D7%A8%D7%95%D7%A4%D7%90%D7%99%D7%9D,OK 200 title=אגף גריאטרי | בית חולים המשפחה הקדושה נצרת text=7249,unknown,acuteHospital,true,high,pending,
master-dept-0049-ביהח-המשפחה-הקדושה-פנימית,"ביה""ח המשפחה הקדושה",ביהח המשפחה הקדושה,,,פנימית,פנימית,,,https://hfhosp.org/he/%D7%9E%D7%97%D7%9C%D7%A7%D7%95%D7%AA/%D7%9E%D7%97%D7%9C%D7%A7%D7%94-%D7%A4%D7%A0%D7%99%D7%9E%D7%99%D7%AA,https://hfhosp.org/he/%D7%9E%D7%97%D7%9C%D7%A7%D7%95%D7%AA/%D7%9E%D7%97%D7%9C%D7%A7%D7%94-%D7%A4%D7%A0%D7%99%D7%9E%D7%99%D7%AA,live,departmentPage,true,https://hfhosp.org/he/%D7%94%D7%A6%D7%95%D7%95%D7%AA-%D7%A9%D7%9C%D7%A0%D7%95 | https://hfhosp.org/he/%D7%A6%D7%95%D7%95%D7%AA-%D7%94%D7%A8%D7%95%D7%A4%D7%90%D7%99%D7%9D,OK 200 title=פנימית | בית חולים המשפחה הקדושה נצרת text=7307,unknown,acuteHospital,true,high,pending,
master-dept-0050-ביהח-אי-מ-מ-ס-הסקוטי-יילוד-וגינקולוגיה,"ביה""ח אי.מ.מ.ס הסקוטי",ביהח אי.מ.מ.ס הסקוטי,,,יילוד וגינקולוגיה,יילוד וגינקולוגיה,,,https://nazhosp.com/department/%d8%a7%d9%84%d9%86%d8%b3%d8%a7%d8%a1-%d9%88%d8%a7%d9%84%d8%aa%d9%88%d9%84%d9%8a%d8%af/?lang=he,https://nazhosp.com/department/%d8%a7%d9%84%d9%86%d8%b3%d8%a7%d8%a1-%d9%88%d8%a7%d9%84%d8%aa%d9%88%d9%84%d9%8a%d8%af/?lang=he,live,hospitalPage,true,,OK 200 title=Nazareth Hospital | מחלקת נשים ויולדות - Nazareth Hospital text=6874,unknown,acuteHospital,true,high,pending,
master-dept-0051-ביהח-אי-מ-מ-ס-הסקוטי-אורתופדיה,"ביה""ח אי.מ.מ.ס הסקוטי",ביהח אי.מ.מ.ס הסקוטי,,,אורתופדיה,אורתופדיה,,,https://nazhosp.com/department/%d9%82%d8%b3%d9%85-%d8%ac%d8%b1%d8%a7%d8%ad%d8%a9-%d8%a7%d9%84%d8%b9%d8%b8%d8%a7%d9%85/?lang=he,https://nazhosp.com/department/%d9%82%d8%b3%d9%85-%d8%ac%d8%b1%d8%a7%d8%ad%d8%a9-%d8%a7%d9%84%d8%b9%d8%b8%d8%a7%d9%85/?lang=he,live,hospitalPage,true,,OK 200 title=Nazareth Hospital | מחלקת אורתופדיה - Nazareth Hospital text=6242,unknown,acuteHospital,true,high,pending,
master-dept-0052-ביהח-אי-מ-מ-ס-הסקוטי-כירורגיה-אורולוגית,"ביה""ח אי.מ.מ.ס הסקוטי",ביהח אי.מ.מ.ס הסקוטי,,,כירורגיה אורולוגית,כירורגיה אורולוגית,,,https://nazhosp.com/department/%d9%82%d8%b3%d9%85-%d8%a7%d9%84%d9%85%d8%b3%d8%a7%d9%84%d9%83-%d8%a7%d9%84%d8%a8%d9%88%d9%84%d9%8a%d8%a9/?lang=he,https://nazhosp.com/department/%d9%82%d8%b3%d9%85-%d8%a7%d9%84%d9%85%d8%b3%d8%a7%d9%84%d9%83-%d8%a7%d9%84%d8%a8%d9%88%d9%84%d9%8a%d8%a9/?lang=he,live,hospitalPage,true,,OK 200 title=Nazareth Hospital | מחלקה אורולוגית - Nazareth Hospital text=6168,unknown,acuteHospital,true,high,pending,
master-dept-0053-ביהח-אי-מ-מ-ס-הסקוטי-פנימית,"ביה""ח אי.מ.מ.ס הסקוטי",ביהח אי.מ.מ.ס הסקוטי,,,פנימית,פנימית,,,https://nazhosp.com/department/%d8%a7%d9%84%d8%a7%d9%85%d8%b1%d8%a7%d8%b6-%d8%a7%d9%84%d8%af%d8%a7%d8%ae%d9%84%d9%8a%d8%a9/?lang=he,https://nazhosp.com/department/%d8%a7%d9%84%d8%a7%d9%85%d8%b1%d8%a7%d8%b6-%d8%a7%d9%84%d8%af%d8%a7%d8%ae%d9%84%d9%8a%d8%a9/?lang=he,live,hospitalPage,true,,OK 200 title=Nazareth Hospital | מחלקה פנימית - Nazareth Hospital text=5765,unknown,acuteHospital,true,high,pending,
master-dept-0054-ביהח-אי-מ-מ-ס-הסקוטי-רפואה-דחופה,"ביה""ח אי.מ.מ.ס הסקוטי",ביהח אי.מ.מ.ס הסקוטי,,,רפואה דחופה,רפואה דחופה,,,https://nazhosp.com/department/%d9%82%d8%b3%d9%85-%d8%a7%d9%84%d8%b7%d9%88%d8%a7%d8%b1%d8%a6/?lang=he,https://nazhosp.com/department/%d9%82%d8%b3%d9%85-%d8%a7%d9%84%d8%b7%d9%88%d8%a7%d8%b1%d8%a6/?lang=he,live,hospitalPage,true,,OK 200 title=Nazareth Hospital | היחידה לרפואה דחופה - Nazareth Hospital text=6506,unknown,acuteHospital,true,high,pending,
master-dept-0055-ביהח-אי-מ-מ-ס-הסקוטי-פתולוגיה,"ביה""ח אי.מ.מ.ס הסקוטי",ביהח אי.מ.מ.ס הסקוטי,,,פתולוגיה,פתולוגיה,,,,,notProvided,unknown,false,,,unknown,acuteHospital,true,medium,pending,
master-dept-0056-ביהח-אי-מ-מ-ס-הסקוטי-כירורגיה-כללית,"ביה""ח אי.מ.מ.ס הסקוטי",ביהח אי.מ.מ.ס הסקוטי,,,כירורגיה כללית,כירורגיה כללית,,,https://nazhosp.com/department/%d8%a7%d9%84%d8%ac%d8%b1%d8%a7%d8%ad%d8%a9-%d8%a7%d9%84%d8%b9%d8%a7%d9%85%d8%a9/?lang=he,https://nazhosp.com/department/%d8%a7%d9%84%d8%ac%d8%b1%d8%a7%d8%ad%d8%a9-%d8%a7%d9%84%d8%b9%d8%a7%d9%85%d8%a9/?lang=he,live,hospitalPage,true,,OK 200 title=Nazareth Hospital | מחלקת כירורגיה - Nazareth Hospital text=5658,unknown,acuteHospital,true,high,pending,
master-dept-0057-ביהח-אי-מ-מ-ס-הסקוטי-הרדמה,"ביה""ח אי.מ.מ.ס הסקוטי",ביהח אי.מ.מ.ס הסקוטי,,,הרדמה,הרדמה,,,https://nazhosp.com/department/%d9%88%d8%ad%d8%af%d8%a9-%d8%a7%d9%84%d8%aa%d8%ae%d8%af%d9%8a%d8%b1/?lang=he,https://nazhosp.com/department/%d9%88%d8%ad%d8%af%d8%a9-%d8%a7%d9%84%d8%aa%d8%ae%d8%af%d9%8a%d8%b1/?lang=he,live,hospitalPage,true,,OK 200 title=Nazareth Hospital | מחלקת הרדמה - Nazareth Hospital text=5883,unknown,acuteHospital,true,high,pending,
master-dept-0058-ביהח-אי-מ-מ-ס-הסקוטי-רפואת-ילדים,"ביה""ח אי.מ.מ.ס הסקוטי",ביהח אי.מ.מ.ס הסקוטי,,,רפואת ילדים,רפואת ילדים,,,,,notProvided,unknown,false,,,unknown,acuteHospital,true,medium,pending,
master-dept-0059-ביהח-אי-מ-מ-ס-הסקוטי-רדיולוגיה-דימות,"ביה""ח אי.מ.מ.ס הסקוטי",ביהח אי.מ.מ.ס הסקוטי,,,רדיולוגיה (דימות),רדיולוגיה (דימות),,,https://nazhosp.com/department/%d7%9e%d7%97%d7%9c%d7%a7%d7%aa-%d7%a8%d7%93%d7%99%d7%95%d7%9c%d7%95%d7%92%d7%99%d7%94/?lang=he,https://nazhosp.com/department/%d7%9e%d7%97%d7%9c%d7%a7%d7%aa-%d7%a8%d7%93%d7%99%d7%95%d7%9c%d7%95%d7%92%d7%99%d7%94/?lang=he,live,hospitalPage,true,,OK 200 title=Nazareth Hospital | מחלקת רדיולוגיה - Nazareth Hospital text=6062,unknown,acuteHospital,true,high,pending,
master-dept-0060-מרכז-שניידר-לילדים-רפואה-דחופה,מרכז שניידר לילדים,מרכז שניידר לילדים,,,רפואה דחופה,רפואה דחופה,,,https://www.schneider.org.il/?CategoryID=839&ArticleID=2427,https://www.schneider.org.il/?CategoryID=839&ArticleID=2427,live,hospitalPage,true,,OK 200 title=רפואה דחופה text=16350,clalit,acuteHospital,true,high,supported,
master-dept-0061-מרכז-שניידר-לילדים-רפואת-ילדים-בית-חולים-מחלקה-א,מרכז שניידר לילדים,מרכז שניידר לילדים,בית חולים- מחלקה א,בית חולים מחלקה א,רפואת ילדים,רפואת ילדים,,,https://www.schneider.org.il/?CategoryID=839&ArticleID=2410&dbsAuthToken=,https://www.schneider.org.il/?CategoryID=839&ArticleID=2410&dbsAuthToken=,live,hospitalPage,true,,OK 200 title=ילדים א text=10197,clalit,acuteHospital,true,high,supported,
master-dept-0062-מרכז-שניידר-לילדים-רפואת-ילדים-בית-חולים-מחלקה-ב,מרכז שניידר לילדים,מרכז שניידר לילדים,בית חולים-מחלקה ב,בית חולים מחלקה ב,רפואת ילדים,רפואת ילדים,,,https://www.schneider.org.il/?CategoryID=839&ArticleID=2424,https://www.schneider.org.il/?CategoryID=839&ArticleID=2424,live,hospitalPage,true,,OK 200 title=ילדים ב text=10018,clalit,acuteHospital,true,high,supported,
master-dept-0063-מרכז-שניידר-לילדים-רפואת-ילדים-בית-חולים-מחלקה-ג,מרכז שניידר לילדים,מרכז שניידר לילדים,בית חולים-מחלקה ג,בית חולים מחלקה ג,רפואת ילדים,רפואת ילדים,,,https://www.schneider.org.il/?CategoryID=839&ArticleID=2415&dbsAuthToken=,https://www.schneider.org.il/?CategoryID=839&ArticleID=2415&dbsAuthToken=,live,hospitalPage,true,,OK 200 title=ילדים ג text=10598,clalit,acuteHospital,true,high,supported,
master-dept-0064-מרכז-שניידר-לילדים-רפואת-ילדים-בית-חולים-מחלקה-ד,מרכז שניידר לילדים,מרכז שניידר לילדים,בית חולים-מחלקה ד,בית חולים מחלקה ד,רפואת ילדים,רפואת ילדים,,,https://www.schneider.org.il/?CategoryID=839&ArticleID=6109&dbsAuthToken=,https://www.schneider.org.il/?CategoryID=839&ArticleID=6109&dbsAuthToken=,live,hospitalPage,true,,OK 200 title=מחלקת ילדים ד' text=10154,clalit,acuteHospital,true,high,supported,
master-dept-0065-מרכז-שניידר-לילדים-פסיכיאטריה-של-הילד-והמתבגר,מרכז שניידר לילדים,מרכז שניידר לילדים,,,פסיכיאטריה של הילד והמתבגר,פסיכיאטריה של הילד והמתבגר,,,https://www.schneider.org.il/?CategoryID=839&ArticleID=2431#14,https://www.schneider.org.il/?CategoryID=839&ArticleID=2431,live,hospitalPage,true,,OK 200 title=המערך לבריאות הנפש text=19450,clalit,acuteHospital,true,high,supported,
master-dept-0066-ביהח-השרון-מרכז-רפואי-רבין-אורתופדיה,"ביה""ח השרון מרכז רפואי רבין",ביהח השרון מרכז רפואי רבין,,,אורתופדיה,אורתופדיה,,,https://hospitals.clalit.co.il/rabin/he/departments-and-clinics/orthopedics/Pages/orthopedic_department_hasharon.aspx,https://hospitals.clalit.co.il/rabin/he/departments-and-clinics/orthopedics/Pages/orthopedic_department_hasharon.aspx,pending,departmentPage,true,,,clalit,acuteHospital,true,high,supported,
master-dept-0067-ביהח-השרון-מרכז-רפואי-רבין-הרדמה,"ביה""ח השרון מרכז רפואי רבין",ביהח השרון מרכז רפואי רבין,,,הרדמה,הרדמה,,,https://hospitals.clalit.co.il/rabin/he/departments-and-clinics/anesthesiology-introduction/Pages/anesthesiology_hasharon.aspx,https://hospitals.clalit.co.il/rabin/he/departments-and-clinics/anesthesiology-introduction/Pages/anesthesiology_hasharon.aspx,pending,departmentPage,true,,,clalit,acuteHospital,true,high,supported,
master-dept-0068-ביהח-השרון-מרכז-רפואי-רבין-רפואה-דחופה,"ביה""ח השרון מרכז רפואי רבין",ביהח השרון מרכז רפואי רבין,,,רפואה דחופה,רפואה דחופה,,,https://hospitals.clalit.co.il/rabin/he/departments-and-clinics/emergency-medicine/Pages/emergency_medicine_department_hasharon.aspx,https://hospitals.clalit.co.il/rabin/he/departments-and-clinics/emergency-medicine/Pages/emergency_medicine_department_hasharon.aspx,pending,departmentPage,true,,,clalit,acuteHospital,true,high,supported,
master-dept-0069-ביהח-השרון-מרכז-רפואי-רבין-פנימית-בית-חולים-מחלקה-א,"ביה""ח השרון מרכז רפואי רבין",ביהח השרון מרכז רפואי רבין,בית חולים- מחלקה א,בית חולים מחלקה א,פנימית,פנימית,,,,,notProvided,departmentPage,false,,,clalit,acuteHospital,true,medium,supported,
master-dept-0070-ביהח-השרון-מרכז-רפואי-רבין-פנימית-בית-חולים-מחלקה-ב,"ביה""ח השרון מרכז רפואי רבין",ביהח השרון מרכז רפואי רבין,בית חולים-מחלקה ב,בית חולים מחלקה ב,פנימית,פנימית,,,https://hospitals.clalit.co.il/rabin/he/departments-and-clinics/medicine/Pages/internal_b_dept_hasharon.aspx,https://hospitals.clalit.co.il/rabin/he/departments-and-clinics/medicine/Pages/internal_b_dept_hasharon.aspx,pending,departmentPage,true,,,clalit,acuteHospital,true,high,supported,
master-dept-0071-ביהח-השרון-מרכז-רפואי-רבין-פנימית-בית-חולים-מחלקה-ג,"ביה""ח השרון מרכז רפואי רבין",ביהח השרון מרכז רפואי רבין,בית חולים-מחלקה ג,בית חולים מחלקה ג,פנימית,פנימית,,,https://hospitals.clalit.co.il/rabin/he/departments-and-clinics/medicine/Pages/internal_c_dept_hasharon.aspx,https://hospitals.clalit.co.il/rabin/he/departments-and-clinics/medicine/Pages/internal_c_dept_hasharon.aspx,pending,departmentPage,true,,,clalit,acuteHospital,true,high,supported,
master-dept-0072-ביהח-השרון-מרכז-רפואי-רבין-פנימית-בית-חולים-מחלקה-ד,"ביה""ח השרון מרכז רפואי רבין",ביהח השרון מרכז רפואי רבין,בית חולים-מחלקה ד,בית חולים מחלקה ד,פנימית,פנימית,,,https://hospitals.clalit.co.il/rabin/he/departments-and-clinics/medicine/Pages/internal_d_dept_hasharon.aspx,https://hospitals.clalit.co.il/rabin/he/departments-and-clinics/medicine/Pages/internal_d_dept_hasharon.aspx,pending,departmentPage,true,,,clalit,acuteHospital,true,high,supported,
master-dept-0073-ביהח-השרון-מרכז-רפואי-רבין-פנימית-בית-חולים-מחלקה-ה,"ביה""ח השרון מרכז רפואי רבין",ביהח השרון מרכז רפואי רבין,בית חולים-מחלקה ה,בית חולים מחלקה ה,פנימית,פנימית,,,,,notProvided,departmentPage,false,,,clalit,acuteHospital,true,medium,supported,
master-dept-0074-ביהח-השרון-מרכז-רפואי-רבין-כירורגיה-כללית,"ביה""ח השרון מרכז רפואי רבין",ביהח השרון מרכז רפואי רבין,,,כירורגיה כללית,כירורגיה כללית,,,https://hospitals.clalit.co.il/rabin/he/departments-and-clinics/surgery/Pages/surgery_a_dept_hasharon.aspx,https://hospitals.clalit.co.il/rabin/he/departments-and-clinics/surgery/Pages/surgery_a_dept_hasharon.aspx,pending,departmentPage,true,,,clalit,acuteHospital,true,high,supported,
master-dept-0075-ביהח-השרון-מרכז-רפואי-רבין-מחלות-עיניים-רבין,"ביה""ח השרון מרכז רפואי רבין",ביהח השרון מרכז רפואי רבין,רבין,רבין,מחלות עיניים,מחלות עיניים,,,,,notProvided,unknown,false,,,clalit,acuteHospital,true,medium,supported,
master-dept-0076-ביהח-השרון-מרכז-רפואי-רבין-כירורגיה-אורולוגית-רבין,"ביה""ח השרון מרכז רפואי רבין",ביהח השרון מרכז רפואי רבין,רבין,רבין,כירורגיה אורולוגית,כירורגיה אורולוגית,,,,,notProvided,unknown,false,,,clalit,acuteHospital,true,medium,supported,
master-dept-0077-0504048312-פתולוגיה-רבין,׳0504048312,0504048312,רבין,רבין,פתולוגיה,פתולוגיה,,,,,notProvided,unknown,false,,,unknown,acuteHospital,true,medium,pending,
master-dept-0078-ביהח-השרון-מרכז-רפואי-רבין-רדיולוגיה-דימות-רבין,"ביה""ח השרון מרכז רפואי רבין",ביהח השרון מרכז רפואי רבין,רבין,רבין,רדיולוגיה (דימות),רדיולוגיה (דימות),,,,,notProvided,unknown,false,,,clalit,acuteHospital,true,medium,supported,
master-dept-0079-ביהח-מעיני-הישועה-פסיכיאטריה,"ביה""ח מעיני הישועה",ביהח מעיני הישועה,,,פסיכיאטריה,פסיכיאטריה,,,https://www.mymc.co.il/mental-health/#departments,https://www.mymc.co.il/mental-health/,pending,hospitalPage,true,,,private,privateNetwork,true,high,needsAdapter,
master-dept-0080-ביהח-מעיני-הישועה-רפואת-ילדים,"ביה""ח מעיני הישועה",ביהח מעיני הישועה,,,רפואת ילדים,רפואת ילדים,,,https://www.mymc.co.il/children-wing/#medicalStaff,https://www.mymc.co.il/children-wing/,pending,teamPage,true,,,private,privateNetwork,true,high,needsAdapter,
master-dept-0081-ביהח-מעיני-הישועה-יילוד-וגינקולוגיה,"ביה""ח מעיני הישועה",ביהח מעיני הישועה,,,יילוד וגינקולוגיה,יילוד וגינקולוגיה,,,https://woman.mymc.co.il/,https://woman.mymc.co.il/,pending,hospitalPage,true,,,private,privateNetwork,true,high,needsAdapter,
master-dept-0082-ביהח-מעיני-הישועה-פנימית,"ביה""ח מעיני הישועה",ביהח מעיני הישועה,,,פנימית,פנימית,,,https://www.mymc.co.il/wings/internal-affairs-division/#medicalStaff,https://www.mymc.co.il/wings/internal-affairs-division/,pending,teamPage,true,,,private,privateNetwork,true,high,needsAdapter,
master-dept-0083-ביהח-מעיני-הישועה-הרדמה,"ביה""ח מעיני הישועה",ביהח מעיני הישועה,,,הרדמה,הרדמה,,,https://www.mymc.co.il/main-departments/operating-rooms/,https://www.mymc.co.il/main-departments/operating-rooms/,pending,hospitalPage,true,,,private,privateNetwork,true,high,needsAdapter,
master-dept-0084-ביהח-מעיני-הישועה-כירורגיה-כללית,"ביה""ח מעיני הישועה",ביהח מעיני הישועה,,,כירורגיה כללית,כירורגיה כללית,,,https://www.mymc.co.il/main-departments/surgical-department/,https://www.mymc.co.il/main-departments/surgical-department/,pending,hospitalPage,true,,,private,privateNetwork,true,high,needsAdapter,
master-dept-0085-ביהח-הדסה-הר-הצופים-רפואת-ילדים,"ביה""ח הדסה הר הצופים",ביהח הדסה הר הצופים,,,רפואת ילדים,רפואת ילדים,,,https://he.hadassah.org.il/children/peds-ht/,https://he.hadassah.org.il/children/peds-ht/,pending,hospitalPage,true,,,hadassah,acuteHospital,true,high,safeForFullBatch,
master-dept-0086-ביהח-הדסה-הר-הצופים-פנימית,"ביה""ח הדסה הר הצופים",ביהח הדסה הר הצופים,,,פנימית,פנימית,,,https://he.hadassah.org.il/medicine-specialization/specialization-in-internal-medicinems/,https://he.hadassah.org.il/medicine-specialization/specialization-in-internal-medicinems/,pending,hospitalPage,true,,,hadassah,acuteHospital,true,high,safeForFullBatch,
master-dept-0087-ביהח-הדסה-הר-הצופים-רפואה-פיזיקלית-ושיקום,"ביה""ח הדסה הר הצופים",ביהח הדסה הר הצופים,,,רפואה פיזיקלית ושיקום,רפואה פיזיקלית ושיקום,,,https://he.hadassah.org.il/medicine-specialization/physical-medicine-rehabilitation/,https://he.hadassah.org.il/medicine-specialization/physical-medicine-rehabilitation/,pending,hospitalPage,true,,,hadassah,acuteHospital,true,high,safeForFullBatch,
master-dept-0088-ביהח-הדסה-הר-הצופים-גריאטריה,"ביה""ח הדסה הר הצופים",ביהח הדסה הר הצופים,,,גריאטריה,גריאטריה,,,,,notProvided,unknown,false,,,hadassah,acuteHospital,true,medium,safeForFullBatch,
master-dept-0089-ביהח-הדסה-הר-הצופים-יילוד-וגינקולוגיה,"ביה""ח הדסה הר הצופים",ביהח הדסה הר הצופים,,,יילוד וגינקולוגיה,יילוד וגינקולוגיה,,,https://he.hadassah.org.il/medicine-specialization/specialization-in-obstetrics-and-gynecology/,https://he.hadassah.org.il/medicine-specialization/specialization-in-obstetrics-and-gynecology/,pending,hospitalPage,true,,,hadassah,acuteHospital,true,high,safeForFullBatch,
master-dept-0090-ביהח-הדסה-הר-הצופים-רפואה-דחופה,"ביה""ח הדסה הר הצופים",ביהח הדסה הר הצופים,,,רפואה דחופה,רפואה דחופה,,,https://he.hadassah.org.il/medicine-specialization/ms-emergency-medicine/,https://he.hadassah.org.il/medicine-specialization/ms-emergency-medicine/,pending,hospitalPage,true,,,hadassah,acuteHospital,true,high,safeForFullBatch,
master-dept-0091-ביהח-הדסה-הר-הצופים-כירורגיה-כללית,"ביה""ח הדסה הר הצופים",ביהח הדסה הר הצופים,,,כירורגיה כללית,כירורגיה כללית,,,https://he.hadassah.org.il/medicine-specialization/general-surgery-ms/,https://he.hadassah.org.il/medicine-specialization/general-surgery-ms/,pending,hospitalPage,true,,,hadassah,acuteHospital,true,high,safeForFullBatch,
master-dept-0092-ביהח-הדסה-הר-הצופים-מחלות-עיניים-משולב-הדסות,"ביה""ח הדסה הר הצופים",ביהח הדסה הר הצופים,משולב הדסות,משולב הדסות,מחלות עיניים,מחלות עיניים,,,https://he.hadassah.org.il/medicine-specialization/ophthalmology/,https://he.hadassah.org.il/medicine-specialization/ophthalmology/,pending,hospitalPage,true,,,hadassah,acuteHospital,true,high,safeForFullBatch,
master-dept-0093-ביהח-הדסה-הר-הצופים-אורתופדיה-משולב-הדסות,"ביה""ח הדסה הר הצופים",ביהח הדסה הר הצופים,משולב הדסות,משולב הדסות,אורתופדיה,אורתופדיה,,,https://he.hadassah.org.il/medicine-specialization/orthopedics/,https://he.hadassah.org.il/medicine-specialization/orthopedics/,pending,hospitalPage,true,,,hadassah,acuteHospital,true,high,safeForFullBatch,
master-dept-0094-ביהח-הדסה-הר-הצופים-הרדמה,"ביה""ח הדסה הר הצופים",ביהח הדסה הר הצופים,,,הרדמה,הרדמה,,,https://he.hadassah.org.il/anesthesia/department-anesthesia/,https://he.hadassah.org.il/anesthesia/department-anesthesia/,pending,hospitalPage,true,,,hadassah,acuteHospital,true,high,safeForFullBatch,
master-dept-0095-ביהח-הדסה-הר-הצופים-רדיולוגיה-דימות-משולב-הדסות,"ביה""ח הדסה הר הצופים",ביהח הדסה הר הצופים,משולב הדסות,משולב הדסות,רדיולוגיה (דימות),רדיולוגיה (דימות),,,https://he.hadassah.org.il/medicine-specialization/imaging-medicine/,https://he.hadassah.org.il/medicine-specialization/imaging-medicine/,pending,hospitalPage,true,,,hadassah,acuteHospital,true,high,safeForFullBatch,
master-dept-0096-ביהח-הדסה-הר-הצופים-כירורגיה-של-בית-החזה,"ביה""ח הדסה הר הצופים",ביהח הדסה הר הצופים,,,כירורגיה של בית החזה,כירורגיה של בית החזה,,,,,notProvided,unknown,false,,,hadassah,acuteHospital,true,medium,safeForFullBatch,
master-dept-0097-ביהח-הדסה-הר-הצופים-פסיכיאטריה-של-הילד-והמתבגר,"ביה""ח הדסה הר הצופים",ביהח הדסה הר הצופים,,,פסיכיאטריה של הילד והמתבגר,פסיכיאטריה של הילד והמתבגר,,,,,notProvided,unknown,false,,,hadassah,acuteHospital,true,medium,safeForFullBatch,
master-dept-0098-ביהח-זיו-צפת-רפואת-ילדים,"ביה""ח זיו - צפת",ביהח זיו צפת,,,רפואת ילדים,רפואת ילדים,,,https://www.gov.il/he/departments/PublicBodies/kisd,https://www.gov.il/he/departments/PublicBodies/kisd,pending,departmentPage,true,,,government,acuteHospital,true,high,needsAdapter,
master-dept-0099-ביהח-זיו-צפת-פסיכיאטריה,"ביה""ח זיו - צפת",ביהח זיו צפת,,,פסיכיאטריה,פסיכיאטריה,,,https://www.gov.il/he/pages/adult_psychiatric_ziv,https://www.gov.il/he/pages/adult_psychiatric_ziv,pending,unknown,true,,,government,acuteHospital,true,high,needsAdapter,
master-dept-0100-ביהח-זיו-צפת-יילוד-וגינקולוגיה,"ביה""ח זיו - צפת",ביהח זיו צפת,,,יילוד וגינקולוגיה,יילוד וגינקולוגיה,,,https://www.gov.il/he/departments/units/pregnancy-and-childbirth/govil-landing-page,https://www.gov.il/he/departments/units/pregnancy-and-childbirth/govil-landing-page,pending,unitPage,true,,,government,acuteHospital,true,high,needsAdapter,
master-dept-0101-ביהח-זיו-צפת-פנימית-בית-חולים-מחלקה-א,"ביה""ח זיו - צפת",ביהח זיו צפת,בית חולים- מחלקה א,בית חולים מחלקה א,פנימית,פנימית,,,https://www.gov.il/he/departments/PublicBodies/1internal_medicine_division,https://www.gov.il/he/departments/PublicBodies/1internal_medicine_division,pending,arrayPage,true,,,government,acuteHospital,true,high,needsAdapter,
master-dept-0102-ביהח-זיו-צפת-פנימית-בית-חולים-מחלקה-ב,"ביה""ח זיו - צפת",ביהח זיו צפת,בית חולים-מחלקה ב,בית חולים מחלקה ב,פנימית,פנימית,,,https://www.gov.il/he/departments/PublicBodies/internal_department_b,https://www.gov.il/he/departments/PublicBodies/internal_department_b,pending,departmentPage,true,,,government,acuteHospital,true,high,needsAdapter,
master-dept-0103-ביהח-זיו-צפת-פסיכיאטריה-של-הילד-והמתבגר,"ביה""ח זיו - צפת",ביהח זיו צפת,,,פסיכיאטריה של הילד והמתבגר,פסיכיאטריה של הילד והמתבגר,,,https://www.gov.il/he/pages/children_and_youth_mental_health_center,https://www.gov.il/he/pages/children_and_youth_mental_health_center,pending,unknown,true,,,government,acuteHospital,true,high,needsAdapter,
master-dept-0104-ביהח-זיו-צפת-הרדמה,"ביה""ח זיו - צפת",ביהח זיו צפת,,,הרדמה,הרדמה,,,https://www.gov.il/he/departments/PublicBodies/anesthesia,https://www.gov.il/he/departments/PublicBodies/anesthesia,pending,departmentPage,true,,,government,acuteHospital,true,high,needsAdapter,
master-dept-0105-ביהח-זיו-צפת-רדיולוגיה-דימות,"ביה""ח זיו - צפת",ביהח זיו צפת,,,רדיולוגיה (דימות),רדיולוגיה (דימות),,,,,notProvided,unknown,false,,,government,acuteHospital,true,medium,needsAdapter,
master-dept-0106-ביהח-זיו-צפת-אורתופדיה,"ביה""ח זיו - צפת",ביהח זיו צפת,,,אורתופדיה,אורתופדיה,,,https://www.gov.il/he/departments/PublicBodies/orthopedic_department,https://www.gov.il/he/departments/PublicBodies/orthopedic_department,pending,departmentPage,true,,,government,acuteHospital,true,high,needsAdapter,
master-dept-0107-ביהח-זיו-צפת-נוירולוגיה,"ביה""ח זיו - צפת",ביהח זיו צפת,,,נוירולוגיה,נוירולוגיה,,,https://www.gov.il/he/departments/PublicBodies/neurology_dep,https://www.gov.il/he/departments/PublicBodies/neurology_dep,pending,departmentPage,true,,,government,acuteHospital,true,high,needsAdapter,
master-dept-0108-ביהח-זיו-צפת-קרדיולוגיה,"ביה""ח זיו - צפת",ביהח זיו צפת,,,קרדיולוגיה,קרדיולוגיה,,,https://www.gov.il/he/departments/PublicBodies/cardiology,https://www.gov.il/he/departments/PublicBodies/cardiology,pending,departmentPage,true,,,government,acuteHospital,true,high,needsAdapter,
master-dept-0109-ביהח-זיו-צפת-אף-אוזן-גרון,"ביה""ח זיו - צפת",ביהח זיו צפת,,,אף אוזן גרון,אף אוזן גרון,,,https://www.gov.il/he/departments/PublicBodies/throat_neck_head_surgery,https://www.gov.il/he/departments/PublicBodies/throat_neck_head_surgery,pending,departmentPage,true,,,government,acuteHospital,true,high,needsAdapter,
master-dept-0110-ביהח-זיו-צפת-כירורגיה-כללית,"ביה""ח זיו - צפת",ביהח זיו צפת,,,כירורגיה כללית,כירורגיה כללית,,,https://www.gov.il/he/departments/PublicBodies/surgical_ward,https://www.gov.il/he/departments/PublicBodies/surgical_ward,pending,departmentPage,true,,,government,acuteHospital,true,high,needsAdapter,
master-dept-0111-ביהח-זיו-צפת-מחלות-עיניים,"ביה""ח זיו - צפת",ביהח זיו צפת,,,מחלות עיניים,מחלות עיניים,,,https://www.gov.il/he/departments/PublicBodies/eyes_dep,https://www.gov.il/he/departments/PublicBodies/eyes_dep,pending,departmentPage,true,,,government,acuteHospital,true,high,needsAdapter,
master-dept-0112-ביהח-זיו-צפת-גריאטריה,"ביה""ח זיו - צפת",ביהח זיו צפת,,,גריאטריה,גריאטריה,,,https://www.gov.il/he/departments/PublicBodies/geriatric_ward,https://www.gov.il/he/departments/PublicBodies/geriatric_ward,pending,departmentPage,true,,,government,acuteHospital,true,high,needsAdapter,
master-dept-0113-ביהח-זיו-צפת-פתולוגיה,"ביה""ח זיו - צפת",ביהח זיו צפת,,,פתולוגיה,פתולוגיה,,,,,notProvided,unknown,false,,,government,acuteHospital,true,medium,needsAdapter,
master-dept-0114-ביהח-זיו-צפת-אונקולוגיה,"ביה""ח זיו - צפת",ביהח זיו צפת,,,אונקולוגיה,אונקולוגיה,,,,,notProvided,unknown,false,,,government,acuteHospital,true,medium,needsAdapter,
master-dept-0115-ביהח-זיו-צפת-כירורגיה-אורולוגית,"ביה""ח זיו - צפת",ביהח זיו צפת,,,כירורגיה אורולוגית,כירורגיה אורולוגית,,,https://www.gov.il/he/departments/PublicBodies/orology_ziv,https://www.gov.il/he/departments/PublicBodies/orology_ziv,pending,departmentPage,true,,,government,acuteHospital,true,high,needsAdapter,
master-dept-0116-ביהח-זיו-צפת-רפואה-דחופה,"ביה""ח זיו - צפת",ביהח זיו צפת,,,רפואה דחופה,רפואה דחופה,,,https://www.gov.il/he/departments/PublicBodies/emergency_room,https://www.gov.il/he/departments/PublicBodies/emergency_room,pending,departmentPage,true,,,government,acuteHospital,true,high,needsAdapter,
master-dept-0117-ביהח-זיו-צפת-רפואה-גרעינית,"ביה""ח זיו - צפת",ביהח זיו צפת,,,רפואה גרעינית,רפואה גרעינית,,,,,notProvided,unknown,false,,,government,acuteHospital,true,medium,needsAdapter,
master-dept-0118-ביהח-לניאדו-רפואת-ילדים,"ביה""ח לניאדו",ביהח לניאדו,,,רפואת ילדים,רפואת ילדים,,,https://www.laniado.org.il/mahlakot/%d7%99%d7%9c%d7%93%d7%99%d7%9d/,https://www.laniado.org.il/mahlakot/%d7%99%d7%9c%d7%93%d7%99%d7%9d/,pending,hospitalPage,true,,,private,privateNetwork,true,high,needsAdapter,
master-dept-0119-ביהח-לניאדו-אורתופדיה,"ביה""ח לניאדו",ביהח לניאדו,,,אורתופדיה,אורתופדיה,,,https://www.laniado.org.il/mahlakot/%d7%90%d7%95%d7%a8%d7%98%d7%95%d7%a4%d7%93%d7%99%d7%94/,https://www.laniado.org.il/mahlakot/%d7%90%d7%95%d7%a8%d7%98%d7%95%d7%a4%d7%93%d7%99%d7%94/,pending,hospitalPage,true,,,private,privateNetwork,true,high,needsAdapter,
master-dept-0120-ביהח-לניאדו-פנימית-בית-חולים-מחלקה-א,"ביה""ח לניאדו",ביהח לניאדו,בית חולים- מחלקה א,בית חולים מחלקה א,פנימית,פנימית,,,https://www.laniado.org.il/mahlakot/%d7%a4%d7%a0%d7%99%d7%9e%d7%99%d7%aa-%d7%90/,https://www.laniado.org.il/mahlakot/%d7%a4%d7%a0%d7%99%d7%9e%d7%99%d7%aa-%d7%90/,pending,hospitalPage,true,,,private,privateNetwork,true,high,needsAdapter,
master-dept-0121-ביהח-לניאדו-פנימית-בית-חולים-מחלקה-ב,"ביה""ח לניאדו",ביהח לניאדו,בית חולים-מחלקה ב,בית חולים מחלקה ב,פנימית,פנימית,,,https://www.laniado.org.il/mahlakot/%d7%a4%d7%a0%d7%99%d7%9e%d7%99%d7%aa-%d7%92/,https://www.laniado.org.il/mahlakot/%d7%a4%d7%a0%d7%99%d7%9e%d7%99%d7%aa-%d7%92/,pending,hospitalPage,true,,,private,privateNetwork,true,high,needsAdapter,
master-dept-0122-ביהח-לניאדו-הרדמה,"ביה""ח לניאדו",ביהח לניאדו,,,הרדמה,הרדמה,,,https://www.laniado.org.il/mahlakot/%D7%97%D7%93%D7%A8%D7%99-%D7%A0%D7%99%D7%AA%D7%95%D7%97/,https://www.laniado.org.il/mahlakot/%D7%97%D7%93%D7%A8%D7%99-%D7%A0%D7%99%D7%AA%D7%95%D7%97/,pending,hospitalPage,true,,,private,privateNetwork,true,high,needsAdapter,
master-dept-0123-ביהח-לניאדו-יילוד-וגינקולוגיה,"ביה""ח לניאדו",ביהח לניאדו,,,יילוד וגינקולוגיה,יילוד וגינקולוגיה,,,https://www.laniado.org.il/mahlakot/%d7%90%d7%92%d7%a3-%d7%a0%d7%a9%d7%99%d7%9d-%d7%95%d7%99%d7%95%d7%9c%d7%93%d7%95%d7%aa/,https://www.laniado.org.il/mahlakot/%d7%90%d7%92%d7%a3-%d7%a0%d7%a9%d7%99%d7%9d-%d7%95%d7%99%d7%95%d7%9c%d7%93%d7%95%d7%aa/,pending,hospitalPage,true,,,private,privateNetwork,true,high,needsAdapter,
master-dept-0124-ביהח-לניאדו-רדיולוגיה-דימות,"ביה""ח לניאדו",ביהח לניאדו,,,רדיולוגיה (דימות),רדיולוגיה (דימות),,,https://www.laniado.org.il/mahlakot/%d7%9e%d7%9b%d7%95%d7%9f-%d7%93%d7%99%d7%9e%d7%95%d7%aa/,https://www.laniado.org.il/mahlakot/%d7%9e%d7%9b%d7%95%d7%9f-%d7%93%d7%99%d7%9e%d7%95%d7%aa/,pending,hospitalPage,true,,,private,privateNetwork,true,high,needsAdapter,
master-dept-0125-ביהח-לניאדו-כירורגיה-כללית,"ביה""ח לניאדו",ביהח לניאדו,,,כירורגיה כללית,כירורגיה כללית,,,https://www.laniado.org.il/mahlakot/%d7%9b%d7%99%d7%a8%d7%95%d7%a8%d7%92%d7%99%d7%94/,https://www.laniado.org.il/mahlakot/%d7%9b%d7%99%d7%a8%d7%95%d7%a8%d7%92%d7%99%d7%94/,pending,hospitalPage,true,,,private,privateNetwork,true,high,needsAdapter,
master-dept-0126-ביהח-לניאדו-גריאטריה,"ביה""ח לניאדו",ביהח לניאדו,,,גריאטריה,גריאטריה,,,https://www.laniado.org.il/mahlakot/%d7%90%d7%92%d7%a3-%d7%92%d7%a8%d7%99%d7%90%d7%98%d7%a8%d7%99/,https://www.laniado.org.il/mahlakot/%d7%90%d7%92%d7%a3-%d7%92%d7%a8%d7%99%d7%90%d7%98%d7%a8%d7%99/,pending,hospitalPage,true,,,private,privateNetwork,true,high,needsAdapter,
master-dept-0127-ביהח-לניאדו-רפואה-דחופה,"ביה""ח לניאדו",ביהח לניאדו,,,רפואה דחופה,רפואה דחופה,,,https://www.laniado.org.il/mahlakot/%d7%9e%d7%9c%d7%a8%d7%93-%d7%9e%d7%a8%d7%9b%d7%96-%d7%9c%d7%a8%d7%a4%d7%95%d7%90%d7%94-%d7%93%d7%97%d7%95%d7%a4%d7%94/,https://www.laniado.org.il/mahlakot/%d7%9e%d7%9c%d7%a8%d7%93-%d7%9e%d7%a8%d7%9b%d7%96-%d7%9c%d7%a8%d7%a4%d7%95%d7%90%d7%94-%d7%93%d7%97%d7%95%d7%a4%d7%94/,pending,hospitalPage,true,,,private,privateNetwork,true,high,needsAdapter,
master-dept-0128-ביהח-לניאדו-קרדיולוגיה,"ביה""ח לניאדו",ביהח לניאדו,,,קרדיולוגיה,קרדיולוגיה,,,https://www.laniado.org.il/mahlakot/%d7%9e%d7%a2%d7%a8%d7%9a-%d7%94%d7%9c%d7%91/,https://www.laniado.org.il/mahlakot/%d7%9e%d7%a2%d7%a8%d7%9a-%d7%94%d7%9c%d7%91/,pending,hospitalPage,true,,,private,privateNetwork,true,high,needsAdapter,
master-dept-0129-מרכז-רפואי-ברוך-פדה-פוריה-אורתופדיה,מרכז רפואי ברוך פדה פוריה,מרכז רפואי ברוך פדה פוריה,,,אורתופדיה,אורתופדיה,,,https://www.poria.org.il/?CategoryID=2081&ArticleID=5,https://www.poria.org.il/?CategoryID=2081&ArticleID=5,pending,hospitalPage,true,,,government,acuteHospital,true,high,needsAdapter,
master-dept-0130-מרכז-רפואי-ברוך-פדה-פוריה-יילוד-וגינקולוגיה,מרכז רפואי ברוך פדה פוריה,מרכז רפואי ברוך פדה פוריה,,,יילוד וגינקולוגיה,יילוד וגינקולוגיה,,,https://www.poria.org.il/?CategoryID=2081&ArticleID=11,https://www.poria.org.il/?CategoryID=2081&ArticleID=11,pending,hospitalPage,true,,,government,acuteHospital,true,high,needsAdapter,
master-dept-0131-מרכז-רפואי-ברוך-פדה-פוריה-כירורגיה-כללית,מרכז רפואי ברוך פדה פוריה,מרכז רפואי ברוך פדה פוריה,,,כירורגיה כללית,כירורגיה כללית,,,https://www.poria.org.il/?CategoryID=2081&ArticleID=10,https://www.poria.org.il/?CategoryID=2081&ArticleID=10,pending,hospitalPage,true,,,government,acuteHospital,true,high,needsAdapter,
master-dept-0132-מרכז-רפואי-ברוך-פדה-פוריה-גריאטריה,מרכז רפואי ברוך פדה פוריה,מרכז רפואי ברוך פדה פוריה,,,גריאטריה,גריאטריה,,,https://www.poria.org.il/?CategoryID=2081&ArticleID=6,https://www.poria.org.il/?CategoryID=2081&ArticleID=6,pending,hospitalPage,true,,,government,acuteHospital,true,high,needsAdapter,
master-dept-0133-מרכז-רפואי-ברוך-פדה-פוריה-רפואת-ילדים,מרכז רפואי ברוך פדה פוריה,מרכז רפואי ברוך פדה פוריה,,,רפואת ילדים,רפואת ילדים,,,https://www.poria.org.il/?CategoryID=2081&ArticleID=8,https://www.poria.org.il/?CategoryID=2081&ArticleID=8,pending,hospitalPage,true,,,government,acuteHospital,true,high,needsAdapter,
master-dept-0134-מרכז-רפואי-ברוך-פדה-פוריה-הרדמה,מרכז רפואי ברוך פדה פוריה,מרכז רפואי ברוך פדה פוריה,,,הרדמה,הרדמה,,,https://www.poria.org.il/?CategoryID=2081&ArticleID=7,https://www.poria.org.il/?CategoryID=2081&ArticleID=7,pending,hospitalPage,true,,,government,acuteHospital,true,high,needsAdapter,
master-dept-0135-מרכז-רפואי-ברוך-פדה-פוריה-רפואה-דחופה,מרכז רפואי ברוך פדה פוריה,מרכז רפואי ברוך פדה פוריה,,,רפואה דחופה,רפואה דחופה,,,https://www.poria.org.il/?CategoryID=2081&ArticleID=16,https://www.poria.org.il/?CategoryID=2081&ArticleID=16,pending,hospitalPage,true,,,government,acuteHospital,true,high,needsAdapter,
master-dept-0136-מרכז-רפואי-ברוך-פדה-פוריה-קרדיולוגיה,מרכז רפואי ברוך פדה פוריה,מרכז רפואי ברוך פדה פוריה,,,קרדיולוגיה,קרדיולוגיה,,,https://www.poria.org.il/?CategoryID=2081&ArticleID=15,https://www.poria.org.il/?CategoryID=2081&ArticleID=15,pending,hospitalPage,true,,,government,acuteHospital,true,high,needsAdapter,
master-dept-0137-מרכז-רפואי-ברוך-פדה-פוריה-מחלות-עיניים,מרכז רפואי ברוך פדה פוריה,מרכז רפואי ברוך פדה פוריה,,,מחלות עיניים,מחלות עיניים,,,https://www.poria.org.il/?CategoryID=2081&ArticleID=83,https://www.poria.org.il/?CategoryID=2081&ArticleID=83,pending,hospitalPage,true,,,government,acuteHospital,true,high,needsAdapter,
master-dept-0138-מרכז-רפואי-ברוך-פדה-פוריה-פנימית-בית-חולים-מחלקה-א,מרכז רפואי ברוך פדה פוריה,מרכז רפואי ברוך פדה פוריה,בית חולים- מחלקה א,בית חולים מחלקה א,פנימית,פנימית,,,https://www.poria.org.il/?CategoryID=2081&ArticleID=13,https://www.poria.org.il/?CategoryID=2081&ArticleID=13,pending,hospitalPage,true,,,government,acuteHospital,true,high,needsAdapter,
master-dept-0139-מרכז-רפואי-ברוך-פדה-פוריה-פנימית-בית-חולים-מחלקה-ב,מרכז רפואי ברוך פדה פוריה,מרכז רפואי ברוך פדה פוריה,בית חולים-מחלקה ב,בית חולים מחלקה ב,פנימית,פנימית,,,,,notProvided,departmentPage,false,,,government,acuteHospital,true,medium,needsAdapter,
master-dept-0140-מרכז-רפואי-ברוך-פדה-פוריה-רדיולוגיה-דימות,מרכז רפואי ברוך פדה פוריה,מרכז רפואי ברוך פדה פוריה,,,רדיולוגיה (דימות),רדיולוגיה (דימות),,,,,notProvided,unknown,false,,,government,acuteHospital,true,medium,needsAdapter,
master-dept-0141-מרכז-רפואי-ברוך-פדה-פוריה-אף-אוזן-גרון,מרכז רפואי ברוך פדה פוריה,מרכז רפואי ברוך פדה פוריה,,,אף אוזן גרון,אף אוזן גרון,,,https://www.poria.org.il/?CategoryID=2082&ArticleID=1,https://www.poria.org.il/?CategoryID=2082&ArticleID=1,pending,hospitalPage,true,,,government,acuteHospital,true,high,needsAdapter,
master-dept-0142-מרכז-רפואי-ברוך-פדה-פוריה-נוירולוגיה,מרכז רפואי ברוך פדה פוריה,מרכז רפואי ברוך פדה פוריה,,,נוירולוגיה,נוירולוגיה,,,,,notProvided,unknown,false,,,government,acuteHospital,true,medium,needsAdapter,
master-dept-0143-מרכז-רפואי-ברוך-פדה-פוריה-כירורגיה-אורולוגית,מרכז רפואי ברוך פדה פוריה,מרכז רפואי ברוך פדה פוריה,,,כירורגיה אורולוגית,כירורגיה אורולוגית,,,https://www.poria.org.il/?CategoryID=2082&ArticleID=2,https://www.poria.org.il/?CategoryID=2082&ArticleID=2,pending,hospitalPage,true,,,government,acuteHospital,true,high,needsAdapter,
master-dept-0144-מרכז-רפואי-ברוך-פדה-פוריה-כירורגיה-של-בית-החזה,מרכז רפואי ברוך פדה פוריה,מרכז רפואי ברוך פדה פוריה,,,כירורגיה של בית החזה,כירורגיה של בית החזה,,,https://www.poria.org.il/?CategoryID=2081&ArticleID=85,https://www.poria.org.il/?CategoryID=2081&ArticleID=85,pending,hospitalPage,true,,,government,acuteHospital,true,high,needsAdapter,
master-dept-0145-מרכז-רפואי-בני-ציון-רפואה-דחופה,מרכז רפואי בני ציון,מרכז רפואי בני ציון,,,רפואה דחופה,רפואה דחופה,,,https://www.gov.il/he//departments/Units/emergency_medicine,https://www.gov.il/he//departments/Units/emergency_medicine,pending,unitPage,true,,,government,acuteHospital,true,high,needsAdapter,
master-dept-0146-מרכז-רפואי-בני-ציון-רפואת-ילדים,מרכז רפואי בני ציון,מרכז רפואי בני ציון,,,רפואת ילדים,רפואת ילדים,,,https://www.gov.il/he//departments/Units/kids_department,https://www.gov.il/he//departments/Units/kids_department,pending,unitPage,true,,,government,acuteHospital,true,high,needsAdapter,
master-dept-0147-מרכז-רפואי-בני-ציון-נוירולוגיה,מרכז רפואי בני ציון,מרכז רפואי בני ציון,,,נוירולוגיה,נוירולוגיה,,,https://www.gov.il/he//departments/Units/department_of_neurology,https://www.gov.il/he//departments/Units/department_of_neurology,pending,unitPage,true,,,government,acuteHospital,true,high,needsAdapter,
master-dept-0148-מרכז-רפואי-בני-ציון-יילוד-וגינקולוגיה,מרכז רפואי בני ציון,מרכז רפואי בני ציון,,,יילוד וגינקולוגיה,יילוד וגינקולוגיה,,,https://www.gov.il/he//departments/Units/womens_department,https://www.gov.il/he//departments/Units/womens_department,pending,unitPage,true,,,government,acuteHospital,true,high,needsAdapter,
master-dept-0149-מרכז-רפואי-בני-ציון-רפואה-פיזיקלית-ושיקום,מרכז רפואי בני ציון,מרכז רפואי בני ציון,,,רפואה פיזיקלית ושיקום,רפואה פיזיקלית ושיקום,,,https://www.gov.il/he//departments/Units/rehabilitation_department,https://www.gov.il/he//departments/Units/rehabilitation_department,pending,unitPage,true,,,government,acuteHospital,true,high,needsAdapter,
master-dept-0150-מרכז-רפואי-בני-ציון-הרדמה,מרכז רפואי בני ציון,מרכז רפואי בני ציון,,,הרדמה,הרדמה,,,https://www.gov.il/he//departments/Units/department_of_anesthesia,https://www.gov.il/he//departments/Units/department_of_anesthesia,pending,unitPage,true,,,government,acuteHospital,true,high,needsAdapter,
master-dept-0151-מרכז-רפואי-בני-ציון-כירורגיה-כללית,מרכז רפואי בני ציון,מרכז רפואי בני ציון,,,כירורגיה כללית,כירורגיה כללית,,,https://www.gov.il/he//departments/Units/department_of_surgery,https://www.gov.il/he//departments/Units/department_of_surgery,pending,unitPage,true,,,government,acuteHospital,true,high,needsAdapter,
master-dept-0152-מרכז-רפואי-בני-ציון-קרדיולוגיה,מרכז רפואי בני ציון,מרכז רפואי בני ציון,,,קרדיולוגיה,קרדיולוגיה,,,https://www.gov.il/he//departments/Units/bz_cardiology,https://www.gov.il/he//departments/Units/bz_cardiology,pending,unitPage,true,,,government,acuteHospital,true,high,needsAdapter,
master-dept-0153-מרכז-רפואי-בני-ציון-מחלות-עיניים,מרכז רפואי בני ציון,מרכז רפואי בני ציון,,,מחלות עיניים,מחלות עיניים,,,https://www.gov.il/he//departments/Units/eyes,https://www.gov.il/he//departments/Units/eyes,pending,unitPage,true,,,government,acuteHospital,true,high,needsAdapter,
master-dept-0154-מרכז-רפואי-בני-ציון-אורתופדיה,מרכז רפואי בני ציון,מרכז רפואי בני ציון,,,אורתופדיה,אורתופדיה,,,https://www.gov.il/he//departments/Units/department_of_orthopedics,https://www.gov.il/he//departments/Units/department_of_orthopedics,pending,unitPage,true,,,government,acuteHospital,true,high,needsAdapter,
master-dept-0155-מרכז-רפואי-בני-ציון-כירורגית-כלי-דם,מרכז רפואי בני ציון,מרכז רפואי בני ציון,,,כירורגית כלי דם,כירורגית כלי דם,,,,,notProvided,unknown,false,,,government,acuteHospital,true,medium,needsAdapter,
master-dept-0156-מרכז-רפואי-בני-ציון-אף-אוזן-גרון,מרכז רפואי בני ציון,מרכז רפואי בני ציון,,,אף אוזן גרון,אף אוזן גרון,,,https://www.gov.il/he//departments/Units/unitb-ney-zion,https://www.gov.il/he//departments/Units/unitb-ney-zion,pending,unitPage,true,,,government,acuteHospital,true,high,needsAdapter,
master-dept-0157-מרכז-רפואי-בני-ציון-פנימית-א,מרכז רפואי בני ציון,מרכז רפואי בני ציון,א,א,פנימית,פנימית,,,https://www.gov.il/he//departments/Units/pnimit_a,https://www.gov.il/he//departments/Units/pnimit_a,pending,unitPage,true,,,government,acuteHospital,true,high,needsAdapter,
master-dept-0158-מרכז-רפואי-בני-ציון-פנימית-ב,מרכז רפואי בני ציון,מרכז רפואי בני ציון,ב,ב,פנימית,פנימית,,,https://www.gov.il/he//departments/Units/internal_b,https://www.gov.il/he//departments/Units/internal_b,pending,unitPage,true,,,government,acuteHospital,true,high,needsAdapter,
master-dept-0159-מרכז-רפואי-בני-ציון-כירורגיה-פלסטית-ואסתטית,מרכז רפואי בני ציון,מרכז רפואי בני ציון,,,כירורגיה פלסטית ואסתטית,כירורגיה פלסטית ואסתטית,,,https://www.gov.il/he/departments/units/plastic_surgery,https://www.gov.il/he/departments/units/plastic_surgery,pending,unitPage,true,,,government,acuteHospital,true,high,needsAdapter,
master-dept-0160-מרכז-רפואי-בני-ציון-כירורגית-ילדים,מרכז רפואי בני ציון,מרכז רפואי בני ציון,,,כירורגית ילדים,כירורגית ילדים,,,https://www.gov.il/he//departments/Units/pediatric-surgery,https://www.gov.il/he//departments/Units/pediatric-surgery,pending,unitPage,true,,,government,acuteHospital,true,high,needsAdapter,
master-dept-0161-מרכז-רפואי-בני-ציון-כירורגיה-אורולוגית,מרכז רפואי בני ציון,מרכז רפואי בני ציון,,,כירורגיה אורולוגית,כירורגיה אורולוגית,,,https://www.gov.il/he//departments/Units/department_of_urology,https://www.gov.il/he//departments/Units/department_of_urology,pending,unitPage,true,,,government,acuteHospital,true,high,needsAdapter,
master-dept-0162-מרכז-רפואי-בני-ציון-רדיולוגיה-דימות,מרכז רפואי בני ציון,מרכז רפואי בני ציון,,,רדיולוגיה (דימות),רדיולוגיה (דימות),,,https://www.gov.il/he/departments/units/medical_imaging,https://www.gov.il/he/departments/units/medical_imaging,pending,unitPage,true,,,government,acuteHospital,true,high,needsAdapter,
master-dept-0163-מרכז-רפואי-בני-ציון-רפואה-גרעינית,מרכז רפואי בני ציון,מרכז רפואי בני ציון,,,רפואה גרעינית,רפואה גרעינית,,,https://www.gov.il/he/departments/units/isotopes,https://www.gov.il/he/departments/units/isotopes,pending,unitPage,true,,,government,acuteHospital,true,high,needsAdapter,
master-dept-0164-מרכז-רפואי-בני-ציון-אונקולוגיה,מרכז רפואי בני ציון,מרכז רפואי בני ציון,,,אונקולוגיה,אונקולוגיה,,,https://www.gov.il/he/departments/units/oncology,https://www.gov.il/he/departments/units/oncology,pending,unitPage,true,,,government,acuteHospital,true,high,needsAdapter,
master-dept-0165-מרכז-רפואי-בני-ציון-פתולוגיה,מרכז רפואי בני ציון,מרכז רפואי בני ציון,,,פתולוגיה,פתולוגיה,,,https://www.gov.il/he//departments/Units/laboratories_bz,https://www.gov.il/he//departments/Units/laboratories_bz,pending,unitPage,true,,,government,acuteHospital,true,high,needsAdapter,
master-dept-0166-מרכז-רפואי-הלל-יפה-יילוד-וגינקולוגיה,מרכז רפואי הלל יפה,מרכז רפואי הלל יפה,,,יילוד וגינקולוגיה,יילוד וגינקולוגיה,,,https://hymc.org.il/nashim,https://hymc.org.il/nashim,pending,hospitalPage,true,,,government,acuteHospital,true,high,needsAdapter,
master-dept-0167-מרכז-רפואי-הלל-יפה-נוירולוגיה,מרכז רפואי הלל יפה,מרכז רפואי הלל יפה,,,נוירולוגיה,נוירולוגיה,,,https://hymc.org.il/?CategoryID=204,https://hymc.org.il/?CategoryID=204,pending,hospitalPage,true,,,government,acuteHospital,true,high,needsAdapter,
master-dept-0168-מרכז-רפואי-הלל-יפה-רפואה-דחופה,מרכז רפואי הלל יפה,מרכז רפואי הלל יפה,,,רפואה דחופה,רפואה דחופה,,,https://hymc.org.il/?CategoryID=223,https://hymc.org.il/?CategoryID=223,pending,hospitalPage,true,,,government,acuteHospital,true,high,needsAdapter,
master-dept-0169-מרכז-רפואי-הלל-יפה-אורתופדיה,מרכז רפואי הלל יפה,מרכז רפואי הלל יפה,,,אורתופדיה,אורתופדיה,,,https://hymc.org.il/?CategoryID=205,https://hymc.org.il/?CategoryID=205,pending,hospitalPage,true,,,government,acuteHospital,true,high,needsAdapter,
master-dept-0170-מרכז-רפואי-הלל-יפה-כירורגיה-כללית,מרכז רפואי הלל יפה,מרכז רפואי הלל יפה,,,כירורגיה כללית,כירורגיה כללית,,,https://hymc.org.il/?CategoryID=208,https://hymc.org.il/?CategoryID=208,pending,hospitalPage,true,,,government,acuteHospital,true,high,needsAdapter,
master-dept-0171-מרכז-רפואי-הלל-יפה-רפואת-ילדים,מרכז רפואי הלל יפה,מרכז רפואי הלל יפה,,,רפואת ילדים,רפואת ילדים,,,https://hymc.org.il/?CategoryID=614&ArticleID=1507,https://hymc.org.il/?CategoryID=614&ArticleID=1507,pending,hospitalPage,true,,,government,acuteHospital,true,high,needsAdapter,
master-dept-0172-מרכז-רפואי-הלל-יפה-קרדיולוגיה,מרכז רפואי הלל יפה,מרכז רפואי הלל יפה,,,קרדיולוגיה,קרדיולוגיה,,,https://hymc.org.il/?CategoryID=236,https://hymc.org.il/?CategoryID=236,pending,hospitalPage,true,,,government,acuteHospital,true,high,needsAdapter,
master-dept-0173-מרכז-רפואי-הלל-יפה-פנימית-א,מרכז רפואי הלל יפה,מרכז רפואי הלל יפה,א,א,פנימית,פנימית,,,,,notProvided,unknown,false,,,government,acuteHospital,true,medium,needsAdapter,
master-dept-0174-מרכז-רפואי-הלל-יפה-פנימית-ב,מרכז רפואי הלל יפה,מרכז רפואי הלל יפה,ב,ב,פנימית,פנימית,,,,,notProvided,unknown,false,,,government,acuteHospital,true,medium,needsAdapter,
master-dept-0175-מרכז-רפואי-הלל-יפה-פנימית-ג,מרכז רפואי הלל יפה,מרכז רפואי הלל יפה,ג,ג,פנימית,פנימית,,,,,notProvided,unknown,false,,,government,acuteHospital,true,medium,needsAdapter,
master-dept-0176-מרכז-רפואי-הלל-יפה-פנימית-ד,מרכז רפואי הלל יפה,מרכז רפואי הלל יפה,ד,ד,פנימית,פנימית,,,,,notProvided,unknown,false,,,government,acuteHospital,true,medium,needsAdapter,
master-dept-0177-מרכז-רפואי-הלל-יפה-מחלות-עיניים,מרכז רפואי הלל יפה,מרכז רפואי הלל יפה,,,מחלות עיניים,מחלות עיניים,,,,,notProvided,unknown,false,,,government,acuteHospital,true,medium,needsAdapter,
master-dept-0178-מרכז-רפואי-הלל-יפה-הרדמה,מרכז רפואי הלל יפה,מרכז רפואי הלל יפה,,,הרדמה,הרדמה,,,,,notProvided,unknown,false,,,government,acuteHospital,true,medium,needsAdapter,
master-dept-0179-מרכז-רפואי-הלל-יפה-רדיולוגיה-דימות,מרכז רפואי הלל יפה,מרכז רפואי הלל יפה,,,רדיולוגיה (דימות),רדיולוגיה (דימות),,,https://hymc.org.il/?CategoryID=289,https://hymc.org.il/?CategoryID=289,pending,hospitalPage,true,,,government,acuteHospital,true,high,needsAdapter,
master-dept-0180-מרכז-רפואי-הלל-יפה-אף-אוזן-גרון,מרכז רפואי הלל יפה,מרכז רפואי הלל יפה,,,אף אוזן גרון,אף אוזן גרון,,,https://hymc.org.il/?CategoryID=231,https://hymc.org.il/?CategoryID=231,pending,hospitalPage,true,,,government,acuteHospital,true,high,needsAdapter,
master-dept-0181-מרכז-רפואי-הלל-יפה-כירורגיה-אורולוגית,מרכז רפואי הלל יפה,מרכז רפואי הלל יפה,,,כירורגיה אורולוגית,כירורגיה אורולוגית,,,,,notProvided,unknown,false,,,government,acuteHospital,true,medium,needsAdapter,
master-dept-0182-מרכז-רפואי-הלל-יפה-פסיכיאטריה,מרכז רפואי הלל יפה,מרכז רפואי הלל יפה,,,פסיכיאטריה,פסיכיאטריה,,,,,notProvided,unknown,false,,,government,acuteHospital,true,medium,needsAdapter,
master-dept-0183-מרכז-רפואי-הלל-יפה-כירורגית-כלי-דם,מרכז רפואי הלל יפה,מרכז רפואי הלל יפה,,,כירורגית כלי דם,כירורגית כלי דם,,,,,notProvided,unknown,false,,,government,acuteHospital,true,medium,needsAdapter,
master-dept-0184-מרכז-רפואי-הלל-יפה-גריאטריה,מרכז רפואי הלל יפה,מרכז רפואי הלל יפה,,,גריאטריה,גריאטריה,,,,,notProvided,unknown,false,,,government,acuteHospital,true,medium,needsAdapter,
master-dept-0185-ביח-אסותא-אשדוד-מחלות-עיניים,"בי""ח אסותא אשדוד",ביח אסותא אשדוד,,,מחלות עיניים,מחלות עיניים,,,,,notProvided,unknown,false,,,private,privateNetwork,true,medium,needsAdapter,
master-dept-0186-ביח-אסותא-אשדוד-רדיולוגיה-דימות,"בי""ח אסותא אשדוד",ביח אסותא אשדוד,,,רדיולוגיה (דימות),רדיולוגיה (דימות),,,https://www.assutaashdod.co.il/?catid=%7B2DB90760-19F3-4413-BC58-756C41059817%7D,https://www.assutaashdod.co.il/?catid=%7B2DB90760-19F3-4413-BC58-756C41059817%7D,pending,hospitalPage,true,,,private,privateNetwork,true,high,needsAdapter,
master-dept-0187-ביח-אסותא-אשדוד-קרדיולוגיה,"בי""ח אסותא אשדוד",ביח אסותא אשדוד,,,קרדיולוגיה,קרדיולוגיה,,,,,notProvided,unknown,false,,,private,privateNetwork,true,medium,needsAdapter,
master-dept-0188-ביח-אסותא-אשדוד-פנימית-ב,"בי""ח אסותא אשדוד",ביח אסותא אשדוד,ב,ב,פנימית,פנימית,,,,,notProvided,unknown,false,,,private,privateNetwork,true,medium,needsAdapter,
master-dept-0189-ביח-אסותא-אשדוד-פנימית-א,"בי""ח אסותא אשדוד",ביח אסותא אשדוד,א,א,פנימית,פנימית,,,,,notProvided,unknown,false,,,private,privateNetwork,true,medium,needsAdapter,
master-dept-0190-ביח-אסותא-אשדוד-רפואה-דחופה,"בי""ח אסותא אשדוד",ביח אסותא אשדוד,,,רפואה דחופה,רפואה דחופה,,,,,notProvided,unknown,false,,,private,privateNetwork,true,medium,needsAdapter,
master-dept-0191-ביח-אסותא-אשדוד-רפואת-ילדים,"בי""ח אסותא אשדוד",ביח אסותא אשדוד,,,רפואת ילדים,רפואת ילדים,,,,,notProvided,unknown,false,,,private,privateNetwork,true,medium,needsAdapter,
master-dept-0192-ביח-אסותא-אשדוד-הרדמה,"בי""ח אסותא אשדוד",ביח אסותא אשדוד,,,הרדמה,הרדמה,,,https://www.assutaashdod.co.il/?catid=%7BBBE0857F-8BBB-4E0F-9BDB-48E97C9944C9%7D,https://www.assutaashdod.co.il/?catid=%7BBBE0857F-8BBB-4E0F-9BDB-48E97C9944C9%7D,pending,hospitalPage,true,,,private,privateNetwork,true,high,needsAdapter,
master-dept-0193-ביח-אסותא-אשדוד-אורתופדיה,"בי""ח אסותא אשדוד",ביח אסותא אשדוד,,,אורתופדיה,אורתופדיה,,,,,notProvided,unknown,false,,,private,privateNetwork,true,medium,needsAdapter,
master-dept-0194-ביח-אסותא-אשדוד-יילוד-וגינקולוגיה,"בי""ח אסותא אשדוד",ביח אסותא אשדוד,,,יילוד וגינקולוגיה,יילוד וגינקולוגיה,,,https://www.assutaashdod.co.il/?catid=%7B8EE51910-A8FB-4815-91BF-0987D50FD28A%7D,https://www.assutaashdod.co.il/?catid=%7B8EE51910-A8FB-4815-91BF-0987D50FD28A%7D,pending,hospitalPage,true,,,private,privateNetwork,true,high,needsAdapter,
master-dept-0195-ביח-אסותא-אשדוד-נוירולוגיה,"בי""ח אסותא אשדוד",ביח אסותא אשדוד,,,נוירולוגיה,נוירולוגיה,,,,,notProvided,unknown,false,,,private,privateNetwork,true,medium,needsAdapter,
master-dept-0196-ביח-אסותא-אשדוד-כירורגיה-כללית,"בי""ח אסותא אשדוד",ביח אסותא אשדוד,,,כירורגיה כללית,כירורגיה כללית,,,,,notProvided,unknown,false,,,private,privateNetwork,true,medium,needsAdapter,
master-dept-0197-ביח-אסותא-אשדוד-אף-אוזן-גרון,"בי""ח אסותא אשדוד",ביח אסותא אשדוד,,,אף אוזן גרון,אף אוזן גרון,,,,,notProvided,unknown,false,,,private,privateNetwork,true,medium,needsAdapter,
master-dept-0198-ביח-אסותא-אשדוד-כירורגיה-אורולוגית,"בי""ח אסותא אשדוד",ביח אסותא אשדוד,,,כירורגיה אורולוגית,כירורגיה אורולוגית,,,,,notProvided,unknown,false,,,private,privateNetwork,true,medium,needsAdapter,
master-dept-0199-ביח-אסותא-אשדוד-פתולוגיה,"בי""ח אסותא אשדוד",ביח אסותא אשדוד,,,פתולוגיה,פתולוגיה,,,https://www.assutaashdod.co.il/?catid=%7B02CF0154-82DF-4A6E-839B-3AC51F780B33%7D,https://www.assutaashdod.co.il/?catid=%7B02CF0154-82DF-4A6E-839B-3AC51F780B33%7D,pending,hospitalPage,true,,,private,privateNetwork,true,high,needsAdapter,
master-dept-0200-ביח-אסותא-אשדוד-אונקולוגיה,"בי""ח אסותא אשדוד",ביח אסותא אשדוד,,,אונקולוגיה,אונקולוגיה,,,,,notProvided,unknown,false,,,private,privateNetwork,true,medium,needsAdapter,
master-dept-0201-ביח-אסותא-אשדוד-כירורגית-כלי-דם,"בי""ח אסותא אשדוד",ביח אסותא אשדוד,,,כירורגית כלי דם,כירורגית כלי דם,,,,,notProvided,unknown,false,,,private,privateNetwork,true,medium,needsAdapter,
master-dept-0202-ביח-אסותא-אשדוד-כירורגית-ילדים,"בי""ח אסותא אשדוד",ביח אסותא אשדוד,,,כירורגית ילדים,כירורגית ילדים,,,,,notProvided,unknown,false,,,private,privateNetwork,true,medium,needsAdapter,
master-dept-0203-מרכז-רפואי-קפלן-רפואה-דחופה,מרכז רפואי קפלן,מרכז רפואי קפלן,,,רפואה דחופה,רפואה דחופה,,,https://hospitals.clalit.co.il/kaplan/he/med_units/Pages/er-emergencyroom.aspx,https://hospitals.clalit.co.il/kaplan/he/med_units/Pages/er-emergencyroom.aspx,pending,unitPage,true,,,clalit,acuteHospital,true,high,supported,
master-dept-0204-מרכז-רפואי-קפלן-רפואת-ילדים,מרכז רפואי קפלן,מרכז רפואי קפלן,,,רפואת ילדים,רפואת ילדים,,,https://hospitals.clalit.co.il/kaplan/he/med_units/children/Pages/default.aspx,https://hospitals.clalit.co.il/kaplan/he/med_units/children/Pages/default.aspx,pending,unitPage,true,,,clalit,acuteHospital,true,high,supported,
master-dept-0205-מרכז-רפואי-קפלן-מחלות-עיניים,מרכז רפואי קפלן,מרכז רפואי קפלן,,,מחלות עיניים,מחלות עיניים,,,https://hospitals.clalit.co.il/kaplan/he/med_units/eyes/Pages/default.aspx,https://hospitals.clalit.co.il/kaplan/he/med_units/eyes/Pages/default.aspx,pending,unitPage,true,,,clalit,acuteHospital,true,high,supported,
master-dept-0206-מרכז-רפואי-קפלן-קרדיולוגיה,מרכז רפואי קפלן,מרכז רפואי קפלן,,,קרדיולוגיה,קרדיולוגיה,,,https://hospitals.clalit.co.il/kaplan/he/med_units/cardiology/Pages/loby-kart.aspx,https://hospitals.clalit.co.il/kaplan/he/med_units/cardiology/Pages/loby-kart.aspx,pending,unitPage,true,,,clalit,acuteHospital,true,high,supported,
master-dept-0207-מרכז-רפואי-קפלן-כירורגיה-פלסטית-ואסתטית,מרכז רפואי קפלן,מרכז רפואי קפלן,,,כירורגיה פלסטית ואסתטית,כירורגיה פלסטית ואסתטית,,,https://hospitals.clalit.co.il/kaplan/he/med_units/surgery/Pages/plastic_surgery.aspx,https://hospitals.clalit.co.il/kaplan/he/med_units/surgery/Pages/plastic_surgery.aspx,pending,unitPage,true,,,clalit,acuteHospital,true,high,supported,
master-dept-0208-מרכז-רפואי-קפלן-פנימית-בית-חולים-מחלקה-א,מרכז רפואי קפלן,מרכז רפואי קפלן,בית חולים- מחלקה א,בית חולים מחלקה א,פנימית,פנימית,,,https://hospitals.clalit.co.il/kaplan/he/med_units/internal_a/Pages/internal_a_unit.aspx,https://hospitals.clalit.co.il/kaplan/he/med_units/internal_a/Pages/internal_a_unit.aspx,pending,unitPage,true,,,clalit,acuteHospital,true,high,supported,
master-dept-0209-מרכז-רפואי-קפלן-פנימית-בית-חולים-מחלקה-ב,מרכז רפואי קפלן,מרכז רפואי קפלן,בית חולים-מחלקה ב,בית חולים מחלקה ב,פנימית,פנימית,,,https://hospitals.clalit.co.il/kaplan/he/med_units/internal_b/Pages/internal_b_unit.aspx,https://hospitals.clalit.co.il/kaplan/he/med_units/internal_b/Pages/internal_b_unit.aspx,pending,unitPage,true,,,clalit,acuteHospital,true,high,supported,
master-dept-0210-מרכז-רפואי-קפלן-פנימית-בית-חולים-מחלקה-ג,מרכז רפואי קפלן,מרכז רפואי קפלן,בית חולים-מחלקה ג,בית חולים מחלקה ג,פנימית,פנימית,,,https://hospitals.clalit.co.il/kaplan/he/med_units/internal_c/Pages/internal_c_unit.aspx,https://hospitals.clalit.co.il/kaplan/he/med_units/internal_c/Pages/internal_c_unit.aspx,pending,unitPage,true,,,clalit,acuteHospital,true,high,supported,
master-dept-0211-מרכז-רפואי-קפלן-פנימית-בית-חולים-מחלקה-ד,מרכז רפואי קפלן,מרכז רפואי קפלן,בית חולים-מחלקה ד,בית חולים מחלקה ד,פנימית,פנימית,,,https://hospitals.clalit.co.il/kaplan/he/med_units/internal_d/Pages/internal_d_unit.aspx,https://hospitals.clalit.co.il/kaplan/he/med_units/internal_d/Pages/internal_d_unit.aspx,pending,unitPage,true,,,clalit,acuteHospital,true,high,supported,
master-dept-0212-מרכז-רפואי-קפלן-רדיולוגיה-דימות,מרכז רפואי קפלן,מרכז רפואי קפלן,,,רדיולוגיה (דימות),רדיולוגיה (דימות),,,https://hospitals.clalit.co.il/kaplan/he/med_units/x_ray/Pages/default.aspx,https://hospitals.clalit.co.il/kaplan/he/med_units/x_ray/Pages/default.aspx,pending,unitPage,true,,,clalit,acuteHospital,true,high,supported,
master-dept-0213-מרכז-רפואי-קפלן-יילוד-וגינקולוגיה,מרכז רפואי קפלן,מרכז רפואי קפלן,,,יילוד וגינקולוגיה,יילוד וגינקולוגיה,,,https://hospitals.clalit.co.il/kaplan/he/med_units/women_maternity/Pages/lobby.aspx,https://hospitals.clalit.co.il/kaplan/he/med_units/women_maternity/Pages/lobby.aspx,pending,unitPage,true,,,clalit,acuteHospital,true,high,supported,
master-dept-0214-מרכז-רפואי-קפלן-כירורגיה-אורולוגית,מרכז רפואי קפלן,מרכז רפואי קפלן,,,כירורגיה אורולוגית,כירורגיה אורולוגית,,,,,notProvided,unknown,false,,,clalit,acuteHospital,true,medium,supported,
master-dept-0215-מרכז-רפואי-קפלן-אף-אוזן-גרון,מרכז רפואי קפלן,מרכז רפואי קפלן,,,אף אוזן גרון,אף אוזן גרון,,,,,notProvided,unknown,false,,,clalit,acuteHospital,true,medium,supported,
master-dept-0216-מרכז-רפואי-קפלן-כירורגיה-של-בית-החזה,מרכז רפואי קפלן,מרכז רפואי קפלן,,,כירורגיה של בית החזה,כירורגיה של בית החזה,,,https://hospitals.clalit.co.il/kaplan/he/med_units/surgery/Pages/breastsurgery.aspx,https://hospitals.clalit.co.il/kaplan/he/med_units/surgery/Pages/breastsurgery.aspx,pending,unitPage,true,,,clalit,acuteHospital,true,high,supported,
master-dept-0217-מרכז-רפואי-קפלן-כירורגיה-כללית,מרכז רפואי קפלן,מרכז רפואי קפלן,,,כירורגיה כללית,כירורגיה כללית,,,https://hospitals.clalit.co.il/kaplan/he/med_units/surgery/Pages/default.aspx,https://hospitals.clalit.co.il/kaplan/he/med_units/surgery/Pages/default.aspx,pending,unitPage,true,,,clalit,acuteHospital,true,high,supported,
master-dept-0218-מרכז-רפואי-קפלן-הרדמה,מרכז רפואי קפלן,מרכז רפואי קפלן,,,הרדמה,הרדמה,,,https://hospitals.clalit.co.il/kaplan/he/med_units/surgery/Pages/surgeryrooms.aspx,https://hospitals.clalit.co.il/kaplan/he/med_units/surgery/Pages/surgeryrooms.aspx,pending,unitPage,true,,,clalit,acuteHospital,true,high,supported,
master-dept-0219-מרכז-רפואי-קפלן-אורתופדיה,מרכז רפואי קפלן,מרכז רפואי קפלן,,,אורתופדיה,אורתופדיה,,,https://hospitals.clalit.co.il/kaplan/he/med_units/orthopedics/Pages/orthopedics_dep.aspx,https://hospitals.clalit.co.il/kaplan/he/med_units/orthopedics/Pages/orthopedics_dep.aspx,pending,unitPage,true,,,clalit,acuteHospital,true,high,supported,
master-dept-0220-מרכז-רפואי-קפלן-אונקולוגיה,מרכז רפואי קפלן,מרכז רפואי קפלן,,,אונקולוגיה,אונקולוגיה,,,https://hospitals.clalit.co.il/kaplan/he/med_units/oncology/Pages/oncology.aspx,https://hospitals.clalit.co.il/kaplan/he/med_units/oncology/Pages/oncology.aspx,pending,unitPage,true,,,clalit,acuteHospital,true,high,supported,
master-dept-0221-מרכז-רפואי-קפלן-כירורגית-כלי-דם,מרכז רפואי קפלן,מרכז רפואי קפלן,,,כירורגית כלי דם,כירורגית כלי דם,,,https://hospitals.clalit.co.il/kaplan/he/med_units/surgery/Pages/vascular.aspx,https://hospitals.clalit.co.il/kaplan/he/med_units/surgery/Pages/vascular.aspx,pending,unitPage,true,,,clalit,acuteHospital,true,high,supported,
master-dept-0222-מרכז-רפואי-קפלן-פסיכיאטריה,מרכז רפואי קפלן,מרכז רפואי קפלן,,,פסיכיאטריה,פסיכיאטריה,,,https://hospitals.clalit.co.il/kaplan/he/med_units/psychiatric_care/Pages/psychiatric_day_care.aspx,https://hospitals.clalit.co.il/kaplan/he/med_units/psychiatric_care/Pages/psychiatric_day_care.aspx,pending,unitPage,true,,,clalit,acuteHospital,true,high,supported,
master-dept-0223-מרכז-רפואי-קפלן-נוירולוגיה,מרכז רפואי קפלן,מרכז רפואי קפלן,,,נוירולוגיה,נוירולוגיה,,,https://hospitals.clalit.co.il/kaplan/he/med_units/neurology/Pages/neurology_dep.aspx,https://hospitals.clalit.co.il/kaplan/he/med_units/neurology/Pages/neurology_dep.aspx,pending,unitPage,true,,,clalit,acuteHospital,true,high,supported,
master-dept-0224-מרכז-רפואי-קפלן-גריאטריה,מרכז רפואי קפלן,מרכז רפואי קפלן,,,גריאטריה,גריאטריה,,,https://hospitals.clalit.co.il/kaplan/he/med_units/geriatrics/Pages/geriatrics_dep.aspx,https://hospitals.clalit.co.il/kaplan/he/med_units/geriatrics/Pages/geriatrics_dep.aspx,pending,unitPage,true,,,clalit,acuteHospital,true,high,supported,
master-dept-0225-מרכז-רפואי-קפלן-פתולוגיה,מרכז רפואי קפלן,מרכז רפואי קפלן,,,פתולוגיה,פתולוגיה,,,https://hospitals.clalit.co.il/kaplan/he/med_units/pathology/Pages/pathology_unit.aspx,https://hospitals.clalit.co.il/kaplan/he/med_units/pathology/Pages/pathology_unit.aspx,pending,unitPage,true,,,clalit,acuteHospital,true,high,supported,
master-dept-0226-מרכז-רפואי-קפלן-רפואה-גרעינית,מרכז רפואי קפלן,מרכז רפואי קפלן,,,רפואה גרעינית,רפואה גרעינית,,,https://hospitals.clalit.co.il/kaplan/he/med_units/nuclear_medicine/Pages/nuclear_medicine_institute.aspx,https://hospitals.clalit.co.il/kaplan/he/med_units/nuclear_medicine/Pages/nuclear_medicine_institute.aspx,pending,unitPage,true,,,clalit,acuteHospital,true,high,supported,
master-dept-0227-מרכז-רפואי-קפלן-נוירוכירורגיה,מרכז רפואי קפלן,מרכז רפואי קפלן,,,נוירוכירורגיה,נוירוכירורגיה,,,,,notProvided,unknown,false,,,clalit,acuteHospital,true,medium,supported,
master-dept-0228-מרכז-רפואי-מאיר-הרדמה,מרכז רפואי מאיר,מרכז רפואי מאיר,,,הרדמה,הרדמה,,,https://hospitals.clalit.co.il/meir/he/med/intensive/Pages/default.aspx,https://hospitals.clalit.co.il/meir/he/med/intensive/Pages/default.aspx,pending,hospitalPage,true,,,clalit,acuteHospital,true,high,supported,
master-dept-0229-מרכז-רפואי-מאיר-פנימית-בית-חולים-מחלקה-א,מרכז רפואי מאיר,מרכז רפואי מאיר,בית חולים- מחלקה א,בית חולים מחלקה א,פנימית,פנימית,,,https://hospitals.clalit.co.il/meir/he/med/int/Pages/a.aspx,https://hospitals.clalit.co.il/meir/he/med/int/Pages/a.aspx,pending,departmentPage,true,,,clalit,acuteHospital,true,high,supported,
master-dept-0230-מרכז-רפואי-מאיר-פנימית-בית-חולים-מחלקה-ב,מרכז רפואי מאיר,מרכז רפואי מאיר,בית חולים-מחלקה ב,בית חולים מחלקה ב,פנימית,פנימית,,,https://hospitals.clalit.co.il/meir/he/med/int/Pages/b.aspx,https://hospitals.clalit.co.il/meir/he/med/int/Pages/b.aspx,pending,departmentPage,true,,,clalit,acuteHospital,true,high,supported,
master-dept-0231-מרכז-רפואי-מאיר-פנימית-בית-חולים-מחלקה-ג,מרכז רפואי מאיר,מרכז רפואי מאיר,בית חולים-מחלקה ג,בית חולים מחלקה ג,פנימית,פנימית,,,https://hospitals.clalit.co.il/meir/he/med/int/Pages/c.aspx,https://hospitals.clalit.co.il/meir/he/med/int/Pages/c.aspx,pending,departmentPage,true,,,clalit,acuteHospital,true,high,supported,
master-dept-0232-מרכז-רפואי-מאיר-פנימית-בית-חולים-מחלקה-ד,מרכז רפואי מאיר,מרכז רפואי מאיר,בית חולים-מחלקה ד,בית חולים מחלקה ד,פנימית,פנימית,,,https://hospitals.clalit.co.il/meir/he/med/int/Pages/d.aspx,https://hospitals.clalit.co.il/meir/he/med/int/Pages/d.aspx,pending,departmentPage,true,,,clalit,acuteHospital,true,high,supported,
master-dept-0233-מרכז-רפואי-מאיר-פנימית-בית-חולים-מחלקה-ה,מרכז רפואי מאיר,מרכז רפואי מאיר,בית חולים-מחלקה ה,בית חולים מחלקה ה,פנימית,פנימית,,,https://hospitals.clalit.co.il/meir/he/med/int/Pages/e.aspx,https://hospitals.clalit.co.il/meir/he/med/int/Pages/e.aspx,pending,departmentPage,true,,,clalit,acuteHospital,true,high,supported,
master-dept-0234-מרכז-רפואי-מאיר-אורתופדיה,מרכז רפואי מאיר,מרכז רפואי מאיר,,,אורתופדיה,אורתופדיה,,,https://hospitals.clalit.co.il/meir/he/med/orto/Pages/default.aspx,https://hospitals.clalit.co.il/meir/he/med/orto/Pages/default.aspx,pending,hospitalPage,true,,,clalit,acuteHospital,true,high,supported,
master-dept-0235-מרכז-רפואי-מאיר-רפואת-ילדים,מרכז רפואי מאיר,מרכז רפואי מאיר,,,רפואת ילדים,רפואת ילדים,,,https://hospitals.clalit.co.il/meir/he/med/childs/Pages/hosp.aspx,https://hospitals.clalit.co.il/meir/he/med/childs/Pages/hosp.aspx,pending,departmentPage,true,,,clalit,acuteHospital,true,high,supported,
master-dept-0236-מרכז-רפואי-מאיר-כירורגיה-כללית,מרכז רפואי מאיר,מרכז רפואי מאיר,,,כירורגיה כללית,כירורגיה כללית,,,https://hospitals.clalit.co.il/meir/he/med/surgery/Pages/%D7%94%D7%9E%D7%A2%D7%A8%D7%9A-%D7%94%D7%9B%D7%99%D7%A8%D7%95%D7%A8%D7%92%D7%99.aspx,https://hospitals.clalit.co.il/meir/he/med/surgery/Pages/%D7%94%D7%9E%D7%A2%D7%A8%D7%9A-%D7%94%D7%9B%D7%99%D7%A8%D7%95%D7%A8%D7%92%D7%99.aspx,pending,departmentPage,true,,,clalit,acuteHospital,true,high,supported,
master-dept-0237-מרכז-רפואי-מאיר-מחלות-עיניים,מרכז רפואי מאיר,מרכז רפואי מאיר,,,מחלות עיניים,מחלות עיניים,,,https://hospitals.clalit.co.il/meir/he/med/eyes/Pages/hosp.aspx,https://hospitals.clalit.co.il/meir/he/med/eyes/Pages/hosp.aspx,pending,departmentPage,true,,,clalit,acuteHospital,true,high,supported,
master-dept-0238-מרכז-רפואי-מאיר-קרדיולוגיה,מרכז רפואי מאיר,מרכז רפואי מאיר,,,קרדיולוגיה,קרדיולוגיה,,,https://hospitals.clalit.co.il/meir/he/med/heart/Pages/hosp.aspx,https://hospitals.clalit.co.il/meir/he/med/heart/Pages/hosp.aspx,pending,departmentPage,true,,,clalit,acuteHospital,true,high,supported,
master-dept-0239-מרכז-רפואי-מאיר-כירורגיה-פלסטית-ואסתטית,מרכז רפואי מאיר,מרכז רפואי מאיר,,,כירורגיה פלסטית ואסתטית,כירורגיה פלסטית ואסתטית,,,https://hospitals.clalit.co.il/meir/he/med/plasticsugery/Pages/plas.aspx,https://hospitals.clalit.co.il/meir/he/med/plasticsugery/Pages/plas.aspx,pending,departmentPage,true,,,clalit,acuteHospital,true,high,supported,
master-dept-0240-מרכז-רפואי-מאיר-כירורגית-ילדים,מרכז רפואי מאיר,מרכז רפואי מאיר,,,כירורגית ילדים,כירורגית ילדים,,,https://hospitals.clalit.co.il/meir/he/med/childs/Pages/surg.aspx,https://hospitals.clalit.co.il/meir/he/med/childs/Pages/surg.aspx,pending,departmentPage,true,,,clalit,acuteHospital,true,high,supported,
master-dept-0241-מרכז-רפואי-מאיר-יילוד-וגינקולוגיה,מרכז רפואי מאיר,מרכז רפואי מאיר,,,יילוד וגינקולוגיה,יילוד וגינקולוגיה,,,https://hospitals.clalit.co.il/meir/he/med/gyne/Pages/default.aspx,https://hospitals.clalit.co.il/meir/he/med/gyne/Pages/default.aspx,pending,hospitalPage,true,,,clalit,acuteHospital,true,high,supported,
master-dept-0242-מרכז-רפואי-מאיר-רפואה-דחופה,מרכז רפואי מאיר,מרכז רפואי מאיר,,,רפואה דחופה,רפואה דחופה,,,https://hospitals.clalit.co.il/meir/he/med/malrad/Pages/clinic.aspx,https://hospitals.clalit.co.il/meir/he/med/malrad/Pages/clinic.aspx,pending,departmentPage,true,,,clalit,acuteHospital,true,high,supported,
master-dept-0243-מרכז-רפואי-מאיר-כירורגית-כלי-דם,מרכז רפואי מאיר,מרכז רפואי מאיר,,,כירורגית כלי דם,כירורגית כלי דם,,,https://hospitals.clalit.co.il/meir/he/med/vessel/Pages/vesselsurgery.aspx,https://hospitals.clalit.co.il/meir/he/med/vessel/Pages/vesselsurgery.aspx,pending,departmentPage,true,,,clalit,acuteHospital,true,high,supported,
master-dept-0244-מרכז-רפואי-מאיר-אף-אוזן-גרון,מרכז רפואי מאיר,מרכז רפואי מאיר,,,אף אוזן גרון,אף אוזן גרון,,,https://hospitals.clalit.co.il/meir/he/med/aog/Pages/default.aspx,https://hospitals.clalit.co.il/meir/he/med/aog/Pages/default.aspx,pending,hospitalPage,true,,,clalit,acuteHospital,true,high,supported,
master-dept-0245-מרכז-רפואי-מאיר-כירורגיה-אורולוגית,מרכז רפואי מאיר,מרכז רפואי מאיר,,,כירורגיה אורולוגית,כירורגיה אורולוגית,,,https://hospitals.clalit.co.il/meir/he/med/orology/Pages/default.aspx,https://hospitals.clalit.co.il/meir/he/med/orology/Pages/default.aspx,pending,hospitalPage,true,,,clalit,acuteHospital,true,high,supported,
master-dept-0246-מרכז-רפואי-מאיר-גריאטריה,מרכז רפואי מאיר,מרכז רפואי מאיר,,,גריאטריה,גריאטריה,,,https://hospitals.clalit.co.il/meir/he/med/Geriatric/Pages/default.aspx,https://hospitals.clalit.co.il/meir/he/med/Geriatric/Pages/default.aspx,pending,hospitalPage,true,,,clalit,acuteHospital,true,high,supported,
master-dept-0247-מרכז-רפואי-מאיר-נוירולוגיה,מרכז רפואי מאיר,מרכז רפואי מאיר,,,נוירולוגיה,נוירולוגיה,,,https://hospitals.clalit.co.il/meir/he/med/neuro/Pages/hosp.aspx,https://hospitals.clalit.co.il/meir/he/med/neuro/Pages/hosp.aspx,pending,departmentPage,true,,,clalit,acuteHospital,true,high,supported,
master-dept-0248-מרכז-רפואי-מאיר-רדיולוגיה-דימות,מרכז רפואי מאיר,מרכז רפואי מאיר,,,רדיולוגיה (דימות),רדיולוגיה (דימות),,,https://hospitals.clalit.co.il/meir/he/med/xray/Pages/dept.aspx,https://hospitals.clalit.co.il/meir/he/med/xray/Pages/dept.aspx,pending,departmentPage,true,,,clalit,acuteHospital,true,high,supported,
master-dept-0249-מרכז-רפואי-מאיר-אונקולוגיה,מרכז רפואי מאיר,מרכז רפואי מאיר,,,אונקולוגיה,אונקולוגיה,,,https://hospitals.clalit.co.il/meir/he/med/onco/Pages/default.aspx,https://hospitals.clalit.co.il/meir/he/med/onco/Pages/default.aspx,pending,hospitalPage,true,,,clalit,acuteHospital,true,high,supported,
master-dept-0250-מרכז-רפואי-מאיר-פתולוגיה,מרכז רפואי מאיר,מרכז רפואי מאיר,,,פתולוגיה,פתולוגיה,,,https://hospitals.clalit.co.il/meir/he/med/pat/Pages/dept.aspx,https://hospitals.clalit.co.il/meir/he/med/pat/Pages/dept.aspx,pending,departmentPage,true,,,clalit,acuteHospital,true,high,supported,
master-dept-0251-מרכז-רפואי-מאיר-רפואה-גרעינית,מרכז רפואי מאיר,מרכז רפואי מאיר,,,רפואה גרעינית,רפואה גרעינית,,,https://hospitals.clalit.co.il/meir/he/med/nuc/Pages/clinic.aspx,https://hospitals.clalit.co.il/meir/he/med/nuc/Pages/clinic.aspx,pending,departmentPage,true,,,clalit,acuteHospital,true,high,supported,
master-dept-0252-מרכז-רפואי-כרמל-מחלות-עיניים,מרכז רפואי כרמל,מרכז רפואי כרמל,,,מחלות עיניים,מחלות עיניים,,,https://hospitals.clalit.co.il/carmel/he/Departments-and-Outpatient-Clinics-main/Clinical-departments-and-clinics/Eyes/Pages/Eyes-dep.aspx,https://hospitals.clalit.co.il/carmel/he/Departments-and-Outpatient-Clinics-main/Clinical-departments-and-clinics/Eyes/Pages/Eyes-dep.aspx,pending,departmentPage,true,,,clalit,acuteHospital,true,high,supported,
master-dept-0253-מרכז-רפואי-כרמל-הרדמה,מרכז רפואי כרמל,מרכז רפואי כרמל,,,הרדמה,הרדמה,,,https://hospitals.clalit.co.il/carmel/he/Our-doctors-and-experts/Pages/eitan_mangoubi.aspx,https://hospitals.clalit.co.il/carmel/he/Our-doctors-and-experts/Pages/eitan_mangoubi.aspx,pending,doctorsPage,true,,,clalit,acuteHospital,true,high,safeForPilot,
master-dept-0254-מרכז-רפואי-כרמל-אף-אוזן-גרון,מרכז רפואי כרמל,מרכז רפואי כרמל,,,אף אוזן גרון,אף אוזן גרון,,,https://hospitals.clalit.co.il/carmel/he/Departments-and-Outpatient-Clinics-main/Clinical-departments-and-clinics/EarNoseThroatSurgery/Pages/Otolaryngology.aspx,https://hospitals.clalit.co.il/carmel/he/Departments-and-Outpatient-Clinics-main/Clinical-departments-and-clinics/EarNoseThroatSurgery/Pages/Otolaryngology.aspx,pending,departmentPage,true,,,clalit,acuteHospital,true,high,supported,
master-dept-0255-מרכז-רפואי-כרמל-רפואת-ילדים,מרכז רפואי כרמל,מרכז רפואי כרמל,,,רפואת ילדים,רפואת ילדים,,,https://hospitals.clalit.co.il/carmel/he/Departments-and-Outpatient-Clinics-main/Clinical-departments-and-clinics/children/Pages/childrens-dep.aspx,https://hospitals.clalit.co.il/carmel/he/Departments-and-Outpatient-Clinics-main/Clinical-departments-and-clinics/children/Pages/childrens-dep.aspx,pending,departmentPage,true,,,clalit,acuteHospital,true,high,supported,
master-dept-0256-מרכז-רפואי-כרמל-פנימית-א,מרכז רפואי כרמל,מרכז רפואי כרמל,א,א,פנימית,פנימית,,,https://hospitals.clalit.co.il/carmel/he/Departments-and-Outpatient-Clinics-main/Clinical-departments-and-clinics/Internal-medicine/Pages/InternalMedicineA.aspx,https://hospitals.clalit.co.il/carmel/he/Departments-and-Outpatient-Clinics-main/Clinical-departments-and-clinics/Internal-medicine/Pages/InternalMedicineA.aspx,pending,departmentPage,true,,,clalit,acuteHospital,true,high,supported,
master-dept-0257-מרכז-רפואי-כרמל-פנימית-ב,מרכז רפואי כרמל,מרכז רפואי כרמל,ב,ב,פנימית,פנימית,,,https://hospitals.clalit.co.il/carmel/he/Departments-and-Outpatient-Clinics-main/Clinical-departments-and-clinics/Internal-medicine/Pages/InternalMedicineB.aspx,https://hospitals.clalit.co.il/carmel/he/Departments-and-Outpatient-Clinics-main/Clinical-departments-and-clinics/Internal-medicine/Pages/InternalMedicineB.aspx,pending,departmentPage,true,,,clalit,acuteHospital,true,high,supported,
master-dept-0258-מרכז-רפואי-כרמל-פנימית-ג,מרכז רפואי כרמל,מרכז רפואי כרמל,ג,ג,פנימית,פנימית,,,https://hospitals.clalit.co.il/carmel/he/Departments-and-Outpatient-Clinics-main/Clinical-departments-and-clinics/Internal-medicine/Pages/InternalMedicineC.aspx,https://hospitals.clalit.co.il/carmel/he/Departments-and-Outpatient-Clinics-main/Clinical-departments-and-clinics/Internal-medicine/Pages/InternalMedicineC.aspx,pending,departmentPage,true,,,clalit,acuteHospital,true,high,supported,
master-dept-0259-מרכז-רפואי-כרמל-קרדיולוגיה,מרכז רפואי כרמל,מרכז רפואי כרמל,,,קרדיולוגיה,קרדיולוגיה,,,https://hospitals.clalit.co.il/carmel/he/Departments-and-Outpatient-Clinics-main/Clinical-departments-and-clinics/Cardiology/Pages/Cardiology-Hospitalization-Department.aspx,https://hospitals.clalit.co.il/carmel/he/Departments-and-Outpatient-Clinics-main/Clinical-departments-and-clinics/Cardiology/Pages/Cardiology-Hospitalization-Department.aspx,pending,departmentPage,true,,,clalit,acuteHospital,true,high,supported,
master-dept-0260-מרכז-רפואי-כרמל-כירורגיה-כללית-א,מרכז רפואי כרמל,מרכז רפואי כרמל,א,א,כירורגיה כללית,כירורגיה כללית,,,https://hospitals.clalit.co.il/carmel/he/Departments-and-Outpatient-Clinics-main/Clinical-departments-and-clinics/Surgical-world/Pages/SurgicalA.aspx,https://hospitals.clalit.co.il/carmel/he/Departments-and-Outpatient-Clinics-main/Clinical-departments-and-clinics/Surgical-world/Pages/SurgicalA.aspx,pending,departmentPage,true,,,clalit,acuteHospital,true,high,supported,
master-dept-0261-מרכז-רפואי-כרמל-כירורגיה-כללית-ב,מרכז רפואי כרמל,מרכז רפואי כרמל,ב,ב,כירורגיה כללית,כירורגיה כללית,,,https://hospitals.clalit.co.il/carmel/he/Departments-and-Outpatient-Clinics-main/Clinical-departments-and-clinics/Surgical-world/Pages/SurgicalB.aspx,https://hospitals.clalit.co.il/carmel/he/Departments-and-Outpatient-Clinics-main/Clinical-departments-and-clinics/Surgical-world/Pages/SurgicalB.aspx,pending,departmentPage,true,,,clalit,acuteHospital,true,high,supported,
master-dept-0262-מרכז-רפואי-כרמל-כירורגיה-פלסטית-ואסתטית,מרכז רפואי כרמל,מרכז רפואי כרמל,,,כירורגיה פלסטית ואסתטית,כירורגיה פלסטית ואסתטית,,,https://hospitals.clalit.co.il/carmel/he/Departments-and-Outpatient-Clinics-main/Clinical-departments-and-clinics/Pages/Plastic-Surgery.aspx,https://hospitals.clalit.co.il/carmel/he/Departments-and-Outpatient-Clinics-main/Clinical-departments-and-clinics/Pages/Plastic-Surgery.aspx,pending,departmentPage,true,,,clalit,acuteHospital,true,high,supported,
master-dept-0263-מרכז-רפואי-כרמל-כירורגיה-אורולוגית,מרכז רפואי כרמל,מרכז רפואי כרמל,,,כירורגיה אורולוגית,כירורגיה אורולוגית,,,https://hospitals.clalit.co.il/carmel/he/Departments-and-Outpatient-Clinics-main/Clinical-departments-and-clinics/urology/Pages/default.aspx,https://hospitals.clalit.co.il/carmel/he/Departments-and-Outpatient-Clinics-main/Clinical-departments-and-clinics/urology/Pages/default.aspx,pending,hospitalPage,true,,,clalit,acuteHospital,true,high,supported,
master-dept-0264-מרכז-רפואי-כרמל-נוירולוגיה,מרכז רפואי כרמל,מרכז רפואי כרמל,,,נוירולוגיה,נוירולוגיה,,,https://hospitals.clalit.co.il/carmel/he/Departments-and-Outpatient-Clinics-main/Clinical-departments-and-clinics/Neurology-world/Pages/Neurology.aspx,https://hospitals.clalit.co.il/carmel/he/Departments-and-Outpatient-Clinics-main/Clinical-departments-and-clinics/Neurology-world/Pages/Neurology.aspx,pending,departmentPage,true,,,clalit,acuteHospital,true,high,supported,
master-dept-0265-מרכז-רפואי-כרמל-גריאטריה,מרכז רפואי כרמל,מרכז רפואי כרמל,,,גריאטריה,גריאטריה,,,https://hospitals.clalit.co.il/carmel/he/Departments-and-Outpatient-Clinics-main/Clinical-departments-and-clinics/Pages/geriatrics.aspx,https://hospitals.clalit.co.il/carmel/he/Departments-and-Outpatient-Clinics-main/Clinical-departments-and-clinics/Pages/geriatrics.aspx,pending,departmentPage,true,,,clalit,acuteHospital,true,high,supported,
master-dept-0266-מרכז-רפואי-כרמל-רדיולוגיה-דימות,מרכז רפואי כרמל,מרכז רפואי כרמל,,,רדיולוגיה (דימות),רדיולוגיה (דימות),,,https://hospitals.clalit.co.il/carmel/he/departments-and-outpatient-clinics-main/institutes-and-laboratories/imaging-x-ray/pages/ct-computed-tomography.aspx,https://hospitals.clalit.co.il/carmel/he/departments-and-outpatient-clinics-main/institutes-and-laboratories/imaging-x-ray/pages/ct-computed-tomography.aspx,pending,departmentPage,true,,,clalit,acuteHospital,true,high,supported,
master-dept-0267-מרכז-רפואי-כרמל-כירורגיה-של-בית-החזה,מרכז רפואי כרמל,מרכז רפואי כרמל,,,כירורגיה של בית החזה,כירורגיה של בית החזה,,,https://hospitals.clalit.co.il/carmel/he/Departments-and-Outpatient-Clinics-main/Clinical-departments-and-clinics/Chest-Heart-Surgery/Pages/ChestHeartSurgery.aspx,https://hospitals.clalit.co.il/carmel/he/Departments-and-Outpatient-Clinics-main/Clinical-departments-and-clinics/Chest-Heart-Surgery/Pages/ChestHeartSurgery.aspx,pending,departmentPage,true,,,clalit,acuteHospital,true,high,supported,
master-dept-0268-מרכז-רפואי-כרמל-יילוד-וגינקולוגיה,מרכז רפואי כרמל,מרכז רפואי כרמל,,,יילוד וגינקולוגיה,יילוד וגינקולוגיה,,,https://hospitals.clalit.co.il/carmel/he/Departments-and-Outpatient-Clinics-main/Clinical-departments-and-clinics/Obstetrics-and-Gynecology/Gynecology/Pages/Women-Department.aspx,https://hospitals.clalit.co.il/carmel/he/Departments-and-Outpatient-Clinics-main/Clinical-departments-and-clinics/Obstetrics-and-Gynecology/Gynecology/Pages/Women-Department.aspx,pending,departmentPage,true,,,clalit,acuteHospital,true,high,supported,
master-dept-0269-מרכז-רפואי-כרמל-אורתופדיה,מרכז רפואי כרמל,מרכז רפואי כרמל,,,אורתופדיה,אורתופדיה,,,https://hospitals.clalit.co.il/carmel/he/Departments-and-Outpatient-Clinics-main/Clinical-departments-and-clinics/orthopedics/Pages/DepartmentOrthopedics.aspx,https://hospitals.clalit.co.il/carmel/he/Departments-and-Outpatient-Clinics-main/Clinical-departments-and-clinics/orthopedics/Pages/DepartmentOrthopedics.aspx,pending,departmentPage,true,,,clalit,acuteHospital,true,high,supported,
master-dept-0270-מרכז-רפואי-כרמל-בריאות-הציבור,מרכז רפואי כרמל,מרכז רפואי כרמל,,,בריאות הציבור,בריאות הציבור,,,,,notProvided,unknown,false,,,clalit,acuteHospital,true,medium,supported,
master-dept-0271-מרכז-רפואי-כרמל-רפואה-דחופה,מרכז רפואי כרמל,מרכז רפואי כרמל,,,רפואה דחופה,רפואה דחופה,,,https://hospitals.clalit.co.il/carmel/he/Departments-and-Outpatient-Clinics-main/Clinical-departments-and-clinics/er-world/Pages/Emergency-Medicine.aspx,https://hospitals.clalit.co.il/carmel/he/Departments-and-Outpatient-Clinics-main/Clinical-departments-and-clinics/er-world/Pages/Emergency-Medicine.aspx,pending,departmentPage,true,,,clalit,acuteHospital,true,high,supported,
master-dept-0272-מרכז-רפואי-כרמל-כירורגית-כלי-דם,מרכז רפואי כרמל,מרכז רפואי כרמל,,,כירורגית כלי דם,כירורגית כלי דם,,,https://hospitals.clalit.co.il/carmel/he/Departments-and-Outpatient-Clinics-main/Clinical-departments-and-clinics/Pages/BloodVessel-unit.aspx,https://hospitals.clalit.co.il/carmel/he/Departments-and-Outpatient-Clinics-main/Clinical-departments-and-clinics/Pages/BloodVessel-unit.aspx,pending,unitPage,true,,,clalit,acuteHospital,true,high,supported,
master-dept-0273-מרכז-רפואי-כרמל-פתולוגיה,מרכז רפואי כרמל,מרכז רפואי כרמל,,,פתולוגיה,פתולוגיה,,,https://hospitals.clalit.co.il/carmel/he/Departments-and-Outpatient-Clinics-main/Institutes-and-Laboratories/Pages/Pathology.aspx,https://hospitals.clalit.co.il/carmel/he/Departments-and-Outpatient-Clinics-main/Institutes-and-Laboratories/Pages/Pathology.aspx,pending,departmentPage,true,,,clalit,acuteHospital,true,high,supported,
master-dept-0274-מרכז-רפואי-כרמל-פסיכיאטריה,מרכז רפואי כרמל,מרכז רפואי כרמל,,,פסיכיאטריה,פסיכיאטריה,,,,,notProvided,unknown,false,,,clalit,acuteHospital,true,medium,supported,
master-dept-0275-מרכז-רפואי-כרמל-אונקולוגיה,מרכז רפואי כרמל,מרכז רפואי כרמל,,,אונקולוגיה,אונקולוגיה,,,,,notProvided,unknown,false,,,clalit,acuteHospital,true,medium,supported,
master-dept-0276-מרכז-רפואי-כרמל-רפואה-גרעינית,מרכז רפואי כרמל,מרכז רפואי כרמל,,,רפואה גרעינית,רפואה גרעינית,,,https://hospitals.clalit.co.il/carmel/he/Departments-and-Outpatient-Clinics-main/Institutes-and-Laboratories/Pages/nuclear-medicine.aspx,https://hospitals.clalit.co.il/carmel/he/Departments-and-Outpatient-Clinics-main/Institutes-and-Laboratories/Pages/nuclear-medicine.aspx,pending,departmentPage,true,,,clalit,acuteHospital,true,high,supported,
master-dept-0277-ביהח-הדסה-עין-כרם-הרדמה,"ביה""ח הדסה עין כרם",ביהח הדסה עין כרם,,,הרדמה,הרדמה,,,,,notProvided,unknown,false,,,hadassah,acuteHospital,true,medium,safeForFullBatch,
master-dept-0278-ביהח-הדסה-עין-כרם-רפואת-ילדים,"ביה""ח הדסה עין כרם",ביהח הדסה עין כרם,,,רפואת ילדים,רפואת ילדים,,,,,notProvided,unknown,false,,,hadassah,acuteHospital,true,medium,safeForFullBatch,
master-dept-0279-ביהח-הדסה-עין-כרם-פסיכיאטריה,"ביה""ח הדסה עין כרם",ביהח הדסה עין כרם,,,פסיכיאטריה,פסיכיאטריה,,,,,notProvided,unknown,false,,,hadassah,acuteHospital,true,medium,safeForFullBatch,
master-dept-0280-ביהח-הדסה-עין-כרם-פנימית-א,"ביה""ח הדסה עין כרם",ביהח הדסה עין כרם,א,א,פנימית,פנימית,,,,,notProvided,unknown,false,,,hadassah,acuteHospital,true,medium,safeForFullBatch,
master-dept-0281-ביהח-הדסה-עין-כרם-פנימית-ב,"ביה""ח הדסה עין כרם",ביהח הדסה עין כרם,ב,ב,פנימית,פנימית,,,,,notProvided,unknown,false,,,hadassah,acuteHospital,true,medium,safeForFullBatch,
master-dept-0282-ביהח-הדסה-עין-כרם-פנימית-ג,"ביה""ח הדסה עין כרם",ביהח הדסה עין כרם,ג,ג,פנימית,פנימית,,,,,notProvided,unknown,false,,,hadassah,acuteHospital,true,medium,safeForFullBatch,
master-dept-0283-ביהח-הדסה-עין-כרם-פנימית-ד,"ביה""ח הדסה עין כרם",ביהח הדסה עין כרם,ד,ד,פנימית,פנימית,,,,,notProvided,unknown,false,,,hadassah,acuteHospital,true,medium,safeForFullBatch,
master-dept-0284-ביהח-הדסה-עין-כרם-כירורגיה-פלסטית-ואסתטית,"ביה""ח הדסה עין כרם",ביהח הדסה עין כרם,,,כירורגיה פלסטית ואסתטית,כירורגיה פלסטית ואסתטית,,,,,notProvided,unknown,false,,,hadassah,acuteHospital,true,medium,safeForFullBatch,
master-dept-0285-ביהח-הדסה-עין-כרם-מחלות-עיניים,"ביה""ח הדסה עין כרם",ביהח הדסה עין כרם,,,מחלות עיניים,מחלות עיניים,,,,,notProvided,unknown,false,,,hadassah,acuteHospital,true,medium,safeForFullBatch,
master-dept-0286-ביהח-הדסה-עין-כרם-אונקולוגיה,"ביה""ח הדסה עין כרם",ביהח הדסה עין כרם,,,אונקולוגיה,אונקולוגיה,,,,,notProvided,unknown,false,,,hadassah,acuteHospital,true,medium,safeForFullBatch,
master-dept-0287-ביהח-הדסה-עין-כרם-אורתופדיה,"ביה""ח הדסה עין כרם",ביהח הדסה עין כרם,,,אורתופדיה,אורתופדיה,,,,,notProvided,unknown,false,,,hadassah,acuteHospital,true,medium,safeForFullBatch,
master-dept-0288-ביהח-הדסה-עין-כרם-כירורגיה-כללית,"ביה""ח הדסה עין כרם",ביהח הדסה עין כרם,,,כירורגיה כללית,כירורגיה כללית,,,,,notProvided,unknown,false,,,hadassah,acuteHospital,true,medium,safeForFullBatch,
master-dept-0289-ביהח-הדסה-עין-כרם-רדיולוגיה-דימות-משולב-הדסות,"ביה""ח הדסה עין כרם",ביהח הדסה עין כרם,משולב הדסות,משולב הדסות,רדיולוגיה (דימות),רדיולוגיה (דימות),,,https://he.hadassah.org.il/medicine-specialization/imaging-medicine/,https://he.hadassah.org.il/medicine-specialization/imaging-medicine/,pending,hospitalPage,true,,,hadassah,acuteHospital,true,high,safeForFullBatch,
master-dept-0290-ביהח-הדסה-עין-כרם-כירורגית-כלי-דם,"ביה""ח הדסה עין כרם",ביהח הדסה עין כרם,,,כירורגית כלי דם,כירורגית כלי דם,,,https://he.hadassah.org.il/medicine-specialization/vascular-surgery-ek/#contact-us--73wswloo0u,https://he.hadassah.org.il/medicine-specialization/vascular-surgery-ek/,pending,hospitalPage,true,,,hadassah,acuteHospital,true,high,safeForFullBatch,
master-dept-0291-ביהח-הדסה-עין-כרם-פסיכיאטריה-של-הילד-והמתבגר,"ביה""ח הדסה עין כרם",ביהח הדסה עין כרם,,,פסיכיאטריה של הילד והמתבגר,פסיכיאטריה של הילד והמתבגר,,,,,notProvided,unknown,false,,,hadassah,acuteHospital,true,medium,safeForFullBatch,
master-dept-0292-ביהח-הדסה-עין-כרם-פתולוגיה,"ביה""ח הדסה עין כרם",ביהח הדסה עין כרם,,,פתולוגיה,פתולוגיה,,,,,notProvided,unknown,false,,,hadassah,acuteHospital,true,medium,safeForFullBatch,
master-dept-0293-ביהח-הדסה-עין-כרם-קרדיולוגיה,"ביה""ח הדסה עין כרם",ביהח הדסה עין כרם,,,קרדיולוגיה,קרדיולוגיה,,,,,notProvided,unknown,false,,,hadassah,acuteHospital,true,medium,safeForFullBatch,
master-dept-0294-ביהח-הדסה-עין-כרם-אף-אוזן-גרון,"ביה""ח הדסה עין כרם",ביהח הדסה עין כרם,,,אף אוזן גרון,אף אוזן גרון,,,,,notProvided,unknown,false,,,hadassah,acuteHospital,true,medium,safeForFullBatch,
master-dept-0295-ביהח-הדסה-עין-כרם-רפואה-דחופה,"ביה""ח הדסה עין כרם",ביהח הדסה עין כרם,,,רפואה דחופה,רפואה דחופה,,,,,notProvided,unknown,false,,,hadassah,acuteHospital,true,medium,safeForFullBatch,
master-dept-0296-ביהח-הדסה-עין-כרם-נוירולוגיה,"ביה""ח הדסה עין כרם",ביהח הדסה עין כרם,,,נוירולוגיה,נוירולוגיה,,,,,notProvided,unknown,false,,,hadassah,acuteHospital,true,medium,safeForFullBatch,
master-dept-0297-ביהח-הדסה-עין-כרם-נוירוכירורגיה,"ביה""ח הדסה עין כרם",ביהח הדסה עין כרם,,,נוירוכירורגיה,נוירוכירורגיה,,,,,notProvided,unknown,false,,,hadassah,acuteHospital,true,medium,safeForFullBatch,
master-dept-0298-ביהח-הדסה-עין-כרם-רפואת-עור,"ביה""ח הדסה עין כרם",ביהח הדסה עין כרם,,,רפואת עור,רפואת עור,,,https://he.hadassah.org.il/medicine-specialization/dermatology/,https://he.hadassah.org.il/medicine-specialization/dermatology/,pending,hospitalPage,true,,,hadassah,acuteHospital,true,high,safeForFullBatch,
master-dept-0299-ביהח-הדסה-עין-כרם-יילוד-וגינקולוגיה,"ביה""ח הדסה עין כרם",ביהח הדסה עין כרם,,,יילוד וגינקולוגיה,יילוד וגינקולוגיה,,,,,notProvided,unknown,false,,,hadassah,acuteHospital,true,medium,safeForFullBatch,
master-dept-0300-ביהח-הדסה-עין-כרם-כירורגיה-אורולוגית,"ביה""ח הדסה עין כרם",ביהח הדסה עין כרם,,,כירורגיה אורולוגית,כירורגיה אורולוגית,,,,,notProvided,unknown,false,,,hadassah,acuteHospital,true,medium,safeForFullBatch,
master-dept-0301-ביהח-הדסה-עין-כרם-בריאות-הציבור,"ביה""ח הדסה עין כרם",ביהח הדסה עין כרם,,,בריאות הציבור,בריאות הציבור,,,,,notProvided,unknown,false,,,hadassah,acuteHospital,true,medium,safeForFullBatch,
master-dept-0302-ביהח-הדסה-עין-כרם-כירורגיה-של-בית-החזה,"ביה""ח הדסה עין כרם",ביהח הדסה עין כרם,,,כירורגיה של בית החזה,כירורגיה של בית החזה,,,,,notProvided,unknown,false,,,hadassah,acuteHospital,true,medium,safeForFullBatch,
master-dept-0303-ביהח-הדסה-עין-כרם-כירורגית-ילדים,"ביה""ח הדסה עין כרם",ביהח הדסה עין כרם,,,כירורגית ילדים,כירורגית ילדים,,,https://he.hadassah.org.il/children/peds-surgery-enkarem/,https://he.hadassah.org.il/children/peds-surgery-enkarem/,pending,hospitalPage,true,,,hadassah,acuteHospital,true,high,safeForFullBatch,
master-dept-0304-ביהח-הדסה-עין-כרם-רפואה-גרעינית,"ביה""ח הדסה עין כרם",ביהח הדסה עין כרם,,,רפואה גרעינית,רפואה גרעינית,,,https://he.hadassah.org.il/medicine-specialization/specialization-in-nuclear-medicine/,https://he.hadassah.org.il/medicine-specialization/specialization-in-nuclear-medicine/,pending,hospitalPage,true,,,hadassah,acuteHospital,true,high,safeForFullBatch,
master-dept-0305-ביהח-הדסה-עין-כרם-רפואה-פיזיקלית-ושיקום-הר-צופים,"ביה""ח הדסה עין כרם",ביהח הדסה עין כרם,הר צופים,הר צופים,רפואה פיזיקלית ושיקום,רפואה פיזיקלית ושיקום,,,,,notProvided,unknown,false,,,hadassah,acuteHospital,true,medium,safeForFullBatch,
master-dept-0306-ביהח-הדסה-עין-כרם-גריאטריה,"ביה""ח הדסה עין כרם",ביהח הדסה עין כרם,,,גריאטריה,גריאטריה,,,https://he.hadassah.org.il/internal/geriatrics-enkarem/,https://he.hadassah.org.il/internal/geriatrics-enkarem/,pending,hospitalPage,true,,,hadassah,acuteHospital,true,high,safeForFullBatch,
master-dept-0307-מרכז-רפואי-ברזילי-יילוד-וגינקולוגיה,מרכז רפואי ברזילי,מרכז רפואי ברזילי,,,יילוד וגינקולוגיה,יילוד וגינקולוגיה,,,,,notProvided,unknown,false,,,government,acuteHospital,true,medium,needsAdapter,
master-dept-0308-מרכז-רפואי-ברזילי-נוירולוגיה,מרכז רפואי ברזילי,מרכז רפואי ברזילי,,,נוירולוגיה,נוירולוגיה,,,,,notProvided,unknown,false,,,government,acuteHospital,true,medium,needsAdapter,
master-dept-0309-מרכז-רפואי-ברזילי-גריאטריה,מרכז רפואי ברזילי,מרכז רפואי ברזילי,,,גריאטריה,גריאטריה,,,,,notProvided,unknown,false,,,government,acuteHospital,true,medium,needsAdapter,
master-dept-0310-מרכז-רפואי-ברזילי-רפואת-ילדים,מרכז רפואי ברזילי,מרכז רפואי ברזילי,,,רפואת ילדים,רפואת ילדים,,,,,notProvided,unknown,false,,,government,acuteHospital,true,medium,needsAdapter,
master-dept-0311-מרכז-רפואי-ברזילי-אף-אוזן-גרון,מרכז רפואי ברזילי,מרכז רפואי ברזילי,,,אף אוזן גרון,אף אוזן גרון,,,,,notProvided,unknown,false,,,government,acuteHospital,true,medium,needsAdapter,
master-dept-0312-מרכז-רפואי-ברזילי-אורתופדיה,מרכז רפואי ברזילי,מרכז רפואי ברזילי,,,אורתופדיה,אורתופדיה,,,,,notProvided,unknown,false,,,government,acuteHospital,true,medium,needsAdapter,
master-dept-0313-מרכז-רפואי-ברזילי-כירורגיה-כללית,מרכז רפואי ברזילי,מרכז רפואי ברזילי,,,כירורגיה כללית,כירורגיה כללית,,,,,notProvided,unknown,false,,,government,acuteHospital,true,medium,needsAdapter,
master-dept-0314-מרכז-רפואי-ברזילי-פנימית-א,מרכז רפואי ברזילי,מרכז רפואי ברזילי,א,א,פנימית,פנימית,,,,,notProvided,unknown,false,,,government,acuteHospital,true,medium,needsAdapter,
master-dept-0315-מרכז-רפואי-ברזילי-פנימית-ב,מרכז רפואי ברזילי,מרכז רפואי ברזילי,ב,ב,פנימית,פנימית,,,,,notProvided,unknown,false,,,government,acuteHospital,true,medium,needsAdapter,
master-dept-0316-מרכז-רפואי-ברזילי-פנימית-ג,מרכז רפואי ברזילי,מרכז רפואי ברזילי,ג,ג,פנימית,פנימית,,,,,notProvided,unknown,false,,,government,acuteHospital,true,medium,needsAdapter,
master-dept-0317-מרכז-רפואי-ברזילי-פנימית-ד,מרכז רפואי ברזילי,מרכז רפואי ברזילי,ד,ד,פנימית,פנימית,,,,,notProvided,unknown,false,,,government,acuteHospital,true,medium,needsAdapter,
master-dept-0318-מרכז-רפואי-ברזילי-פנימית-ה,מרכז רפואי ברזילי,מרכז רפואי ברזילי,ה,ה,פנימית,פנימית,,,,,notProvided,unknown,false,,,government,acuteHospital,true,medium,needsAdapter,
master-dept-0319-מרכז-רפואי-ברזילי-מחלות-עיניים,מרכז רפואי ברזילי,מרכז רפואי ברזילי,,,מחלות עיניים,מחלות עיניים,,,,,notProvided,unknown,false,,,government,acuteHospital,true,medium,needsAdapter,
master-dept-0320-מרכז-רפואי-ברזילי-אונקולוגיה,מרכז רפואי ברזילי,מרכז רפואי ברזילי,,,אונקולוגיה,אונקולוגיה,,,https://www.barzilaimc.org.il/?CategoryID=241&ArticleID=304,https://www.barzilaimc.org.il/?CategoryID=241&ArticleID=304,live,departmentPage,true,https://www.barzilaimc.org.il/?CategoryID=864,OK 200 title=אונקולוגיה- מכון text=7706,government,acuteHospital,true,high,needsAdapter,
master-dept-0321-מרכז-רפואי-ברזילי-רדיולוגיה-דימות,מרכז רפואי ברזילי,מרכז רפואי ברזילי,,,רדיולוגיה (דימות),רדיולוגיה (דימות),,,https://www.barzilaimc.org.il/?CategoryID=241&ArticleID=440,https://www.barzilaimc.org.il/?CategoryID=241&ArticleID=440,live,departmentPage,true,https://www.barzilaimc.org.il/?CategoryID=864,OK 200 title=דימות (רנטגן) text=8586,government,acuteHospital,true,high,needsAdapter,
master-dept-0322-מרכז-רפואי-ברזילי-פסיכיאטריה,מרכז רפואי ברזילי,מרכז רפואי ברזילי,,,פסיכיאטריה,פסיכיאטריה,,,,,notProvided,unknown,false,,,government,acuteHospital,true,medium,needsAdapter,
master-dept-0323-מרכז-רפואי-ברזילי-רפואה-דחופה,מרכז רפואי ברזילי,מרכז רפואי ברזילי,,,רפואה דחופה,רפואה דחופה,,,,,notProvided,unknown,false,,,government,acuteHospital,true,medium,needsAdapter,
master-dept-0324-מרכז-רפואי-ברזילי-קרדיולוגיה,מרכז רפואי ברזילי,מרכז רפואי ברזילי,,,קרדיולוגיה,קרדיולוגיה,,,,,notProvided,unknown,false,,,government,acuteHospital,true,medium,needsAdapter,
master-dept-0325-מרכז-רפואי-ברזילי-פסיכיאטריה-של-הילד-והמתבגר,מרכז רפואי ברזילי,מרכז רפואי ברזילי,,,פסיכיאטריה של הילד והמתבגר,פסיכיאטריה של הילד והמתבגר,,,https://www.barzilaimc.org.il/?CategoryID=240&ArticleID=3825,https://www.barzilaimc.org.il/?CategoryID=240&ArticleID=3825,live,departmentPage,true,https://www.barzilaimc.org.il/?CategoryID=864,OK 200 title=היחידה לילד ולמתבגר- מרפאה text=4463,government,acuteHospital,true,high,needsAdapter,
master-dept-0326-מרכז-רפואי-ברזילי-כירורגיה-אורולוגית,מרכז רפואי ברזילי,מרכז רפואי ברזילי,,,כירורגיה אורולוגית,כירורגיה אורולוגית,,,,,notProvided,unknown,false,,,government,acuteHospital,true,medium,needsAdapter,
master-dept-0327-מרכז-רפואי-ברזילי-הרדמה,מרכז רפואי ברזילי,מרכז רפואי ברזילי,,,הרדמה,הרדמה,,,,,notProvided,unknown,false,,,government,acuteHospital,true,medium,needsAdapter,
master-dept-0328-מרכז-רפואי-ברזילי-רפואה-פיזיקלית-ושיקום,מרכז רפואי ברזילי,מרכז רפואי ברזילי,,,רפואה פיזיקלית ושיקום,רפואה פיזיקלית ושיקום,,,https://www.barzilaimc.org.il/?CategoryID=878&ArticleID=4195,https://www.barzilaimc.org.il/?CategoryID=878&ArticleID=4195,live,departmentPage,true,https://www.barzilaimc.org.il/?CategoryID=864,OK 200 title=מחלקת אשפוז שיקום text=2881,government,acuteHospital,true,high,needsAdapter,
master-dept-0329-מרכז-רפואי-ברזילי-כירורגיה-פלסטית-ואסתטית,מרכז רפואי ברזילי,מרכז רפואי ברזילי,,,כירורגיה פלסטית ואסתטית,כירורגיה פלסטית ואסתטית,,,https://www.barzilaimc.org.il/?CategoryID=240&ArticleID=4871,https://www.barzilaimc.org.il/?CategoryID=240&ArticleID=4871,live,departmentPage,true,https://www.barzilaimc.org.il/?CategoryID=864,OK 200 title=כירורגיה פלסטית text=3578,government,acuteHospital,true,high,needsAdapter,
master-dept-0330-מרכז-רפואי-ברזילי-רפואה-גרעינית,מרכז רפואי ברזילי,מרכז רפואי ברזילי,,,רפואה גרעינית,רפואה גרעינית,,,https://www.barzilaimc.org.il/?CategoryID=241&ArticleID=313,https://www.barzilaimc.org.il/?CategoryID=241&ArticleID=313,live,departmentPage,true,https://www.barzilaimc.org.il/?CategoryID=864,OK 200 title=רפואה גרעינית text=5434,government,acuteHospital,true,high,needsAdapter,
master-dept-0331-מרכז-רפואי-ברזילי-פתולוגיה,מרכז רפואי ברזילי,מרכז רפואי ברזילי,,,פתולוגיה,פתולוגיה,,,https://www.barzilaimc.org.il/?CategoryID=241&ArticleID=2791,https://www.barzilaimc.org.il/?CategoryID=241&ArticleID=2791,live,departmentPage,true,https://www.barzilaimc.org.il/?CategoryID=864,OK 200 title=פתולוגיה וציטולוגיה text=3366,government,acuteHospital,true,high,needsAdapter,
master-dept-0332-המרכז-הרפואי-לגליל-יילוד-וגינקולוגיה,המרכז הרפואי לגליל,המרכז הרפואי לגליל,,,יילוד וגינקולוגיה,יילוד וגינקולוגיה,,,https://www.gmc.gov.il/?department=%d7%90%d7%92%d7%a3-%d7%a0%d7%a9%d7%99%d7%9d-%d7%95%d7%99%d7%95%d7%9c%d7%93%d7%95%d7%aa,https://www.gmc.gov.il/?department=%d7%90%d7%92%d7%a3-%d7%a0%d7%a9%d7%99%d7%9d-%d7%95%d7%99%d7%95%d7%9c%d7%93%d7%95%d7%aa,pending,hospitalPage,true,,,government,acuteHospital,true,high,needsAdapter,
master-dept-0333-המרכז-הרפואי-לגליל-פנימית-א,המרכז הרפואי לגליל,המרכז הרפואי לגליל,א,א,פנימית,פנימית,,,https://www.gmc.gov.il/?p=10533,https://www.gmc.gov.il/?p=10533,pending,hospitalPage,true,,,government,acuteHospital,true,high,needsAdapter,
master-dept-0334-המרכז-הרפואי-לגליל-פנימית-ב,המרכז הרפואי לגליל,המרכז הרפואי לגליל,ב,ב,פנימית,פנימית,,,https://www.gmc.gov.il/?p=10561,https://www.gmc.gov.il/?p=10561,pending,hospitalPage,true,,,government,acuteHospital,true,high,needsAdapter,
master-dept-0335-המרכז-הרפואי-לגליל-פנימית-ג,המרכז הרפואי לגליל,המרכז הרפואי לגליל,ג,ג,פנימית,פנימית,,,https://www.gmc.gov.il/?p=10659,https://www.gmc.gov.il/?p=10659,pending,hospitalPage,true,,,government,acuteHospital,true,high,needsAdapter,
master-dept-0336-המרכז-הרפואי-לגליל-פנימית-ד,המרכז הרפואי לגליל,המרכז הרפואי לגליל,ד,ד,פנימית,פנימית,,,https://www.gmc.gov.il/?p=10688,https://www.gmc.gov.il/?p=10688,pending,hospitalPage,true,,,government,acuteHospital,true,high,needsAdapter,
master-dept-0337-המרכז-הרפואי-לגליל-פנימית-ה,המרכז הרפואי לגליל,המרכז הרפואי לגליל,ה,ה,פנימית,פנימית,,,https://www.gmc.gov.il/?p=10697,https://www.gmc.gov.il/?p=10697,pending,hospitalPage,true,,,government,acuteHospital,true,high,needsAdapter,
master-dept-0338-המרכז-הרפואי-לגליל-פנימית-ו,המרכז הרפואי לגליל,המרכז הרפואי לגליל,ו,ו,פנימית,פנימית,,,https://www.gmc.gov.il/?p=10702,https://www.gmc.gov.il/?p=10702,pending,hospitalPage,true,,,government,acuteHospital,true,high,needsAdapter,
master-dept-0339-המרכז-הרפואי-לגליל-אורתופדיה-א,המרכז הרפואי לגליל,המרכז הרפואי לגליל,א,א,אורתופדיה,אורתופדיה,,,https://www.gmc.gov.il/?p=8838,https://www.gmc.gov.il/?p=8838,pending,hospitalPage,true,,,government,acuteHospital,true,high,needsAdapter,
master-dept-0340-המרכז-הרפואי-לגליל-אורתופדיה-ב,המרכז הרפואי לגליל,המרכז הרפואי לגליל,ב,ב,אורתופדיה,אורתופדיה,,,https://www.gmc.gov.il/?p=8899,https://www.gmc.gov.il/?p=8899,pending,hospitalPage,true,,,government,acuteHospital,true,high,needsAdapter,
master-dept-0341-המרכז-הרפואי-לגליל-רפואה-דחופה,המרכז הרפואי לגליל,המרכז הרפואי לגליל,,,רפואה דחופה,רפואה דחופה,,,https://www.gmc.gov.il/?department=%D7%90%D7%92%D7%A3-%D7%9E%D7%99%D7%95%D7%9F,https://www.gmc.gov.il/?department=%D7%90%D7%92%D7%A3-%D7%9E%D7%99%D7%95%D7%9F,pending,hospitalPage,true,,,government,acuteHospital,true,high,needsAdapter,
master-dept-0342-המרכז-הרפואי-לגליל-קרדיולוגיה,המרכז הרפואי לגליל,המרכז הרפואי לגליל,,,קרדיולוגיה,קרדיולוגיה,,,https://www.gmc.gov.il/?p=10501,https://www.gmc.gov.il/?p=10501,pending,hospitalPage,true,,,government,acuteHospital,true,high,needsAdapter,
master-dept-0343-המרכז-הרפואי-לגליל-כירורגיה-כללית-א,המרכז הרפואי לגליל,המרכז הרפואי לגליל,א,א,כירורגיה כללית,כירורגיה כללית,,,https://www.gmc.gov.il/?p=8742,https://www.gmc.gov.il/?p=8742,pending,hospitalPage,true,,,government,acuteHospital,true,high,needsAdapter,
master-dept-0344-המרכז-הרפואי-לגליל-כירורגיה-כללית-ב,המרכז הרפואי לגליל,המרכז הרפואי לגליל,ב,ב,כירורגיה כללית,כירורגיה כללית,,,https://www.gmc.gov.il/?p=8759,https://www.gmc.gov.il/?p=8759,pending,hospitalPage,true,,,government,acuteHospital,true,high,needsAdapter,
master-dept-0345-המרכז-הרפואי-לגליל-אונקולוגיה,המרכז הרפואי לגליל,המרכז הרפואי לגליל,,,אונקולוגיה,אונקולוגיה,,,https://www.gmc.gov.il/?p=10273,https://www.gmc.gov.il/?p=10273,pending,hospitalPage,true,,,government,acuteHospital,true,high,needsAdapter,
master-dept-0346-המרכז-הרפואי-לגליל-מחלות-עיניים,המרכז הרפואי לגליל,המרכז הרפואי לגליל,,,מחלות עיניים,מחלות עיניים,,,https://www.gmc.gov.il/?p=10069,https://www.gmc.gov.il/?p=10069,pending,hospitalPage,true,,,government,acuteHospital,true,high,needsAdapter,
master-dept-0347-המרכז-הרפואי-לגליל-כירורגיה-פלסטית-ואסתטית,המרכז הרפואי לגליל,המרכז הרפואי לגליל,,,כירורגיה פלסטית ואסתטית,כירורגיה פלסטית ואסתטית,,,https://www.gmc.gov.il/?p=9919,https://www.gmc.gov.il/?p=9919,pending,hospitalPage,true,,,government,acuteHospital,true,high,needsAdapter,
master-dept-0348-המרכז-הרפואי-לגליל-פסיכיאטריה-של-הילד-והמתבגר,המרכז הרפואי לגליל,המרכז הרפואי לגליל,,,פסיכיאטריה של הילד והמתבגר,פסיכיאטריה של הילד והמתבגר,,,,,notProvided,unknown,false,,,government,acuteHospital,true,medium,needsAdapter,
master-dept-0349-המרכז-הרפואי-לגליל-רפואת-ילדים,המרכז הרפואי לגליל,המרכז הרפואי לגליל,,,רפואת ילדים,רפואת ילדים,,,https://www.gmc.gov.il/?p=10803,https://www.gmc.gov.il/?p=10803,pending,hospitalPage,true,,,government,acuteHospital,true,high,needsAdapter,
master-dept-0350-המרכז-הרפואי-לגליל-אף-אוזן-גרון,המרכז הרפואי לגליל,המרכז הרפואי לגליל,,,אף אוזן גרון,אף אוזן גרון,,,https://www.gmc.gov.il/?p=9912,https://www.gmc.gov.il/?p=9912,pending,hospitalPage,true,,,government,acuteHospital,true,high,needsAdapter,
master-dept-0351-המרכז-הרפואי-לגליל-רדיולוגיה-דימות,המרכז הרפואי לגליל,המרכז הרפואי לגליל,,,רדיולוגיה (דימות),רדיולוגיה (דימות),,,https://www.gmc.gov.il/?department=%D7%90%D7%92%D7%A3-%D7%93%D7%99%D7%9E%D7%95%D7%AA,https://www.gmc.gov.il/?department=%D7%90%D7%92%D7%A3-%D7%93%D7%99%D7%9E%D7%95%D7%AA,pending,hospitalPage,true,,,government,acuteHospital,true,high,needsAdapter,
master-dept-0352-המרכז-הרפואי-לגליל-גריאטריה,המרכז הרפואי לגליל,המרכז הרפואי לגליל,,,גריאטריה,גריאטריה,,,https://www.gmc.gov.il/?p=10473,https://www.gmc.gov.il/?p=10473,pending,hospitalPage,true,,,government,acuteHospital,true,high,needsAdapter,
master-dept-0353-המרכז-הרפואי-לגליל-פתולוגיה,המרכז הרפואי לגליל,המרכז הרפואי לגליל,,,פתולוגיה,פתולוגיה,,,https://www.gmc.gov.il/?p=11199,https://www.gmc.gov.il/?p=11199,pending,hospitalPage,true,,,government,acuteHospital,true,high,needsAdapter,
master-dept-0354-המרכז-הרפואי-לגליל-כירורגיה-אורולוגית,המרכז הרפואי לגליל,המרכז הרפואי לגליל,,,כירורגיה אורולוגית,כירורגיה אורולוגית,,,https://www.gmc.gov.il/?p=8917,https://www.gmc.gov.il/?p=8917,pending,hospitalPage,true,,,government,acuteHospital,true,high,needsAdapter,
master-dept-0355-המרכז-הרפואי-לגליל-נוירולוגיה,המרכז הרפואי לגליל,המרכז הרפואי לגליל,,,נוירולוגיה,נוירולוגיה,,,https://www.gmc.gov.il/?p=10523,https://www.gmc.gov.il/?p=10523,pending,hospitalPage,true,,,government,acuteHospital,true,high,needsAdapter,
master-dept-0356-המרכז-הרפואי-לגליל-הרדמה,המרכז הרפואי לגליל,המרכז הרפואי לגליל,,,הרדמה,הרדמה,,,https://www.gmc.gov.il/?p=10164,https://www.gmc.gov.il/?p=10164,pending,hospitalPage,true,,,government,acuteHospital,true,high,needsAdapter,
master-dept-0357-המרכז-הרפואי-לגליל-כירורגית-ילדים,המרכז הרפואי לגליל,המרכז הרפואי לגליל,,,כירורגית ילדים,כירורגית ילדים,,,https://www.gmc.gov.il/?p=10911,https://www.gmc.gov.il/?p=10911,pending,hospitalPage,true,,,government,acuteHospital,true,high,needsAdapter,
master-dept-0358-המרכז-הרפואי-לגליל-רפואה-פיזיקלית-ושיקום,המרכז הרפואי לגליל,המרכז הרפואי לגליל,,,רפואה פיזיקלית ושיקום,רפואה פיזיקלית ושיקום,,,https://www.gmc.gov.il/?p=10707,https://www.gmc.gov.il/?p=10707,pending,hospitalPage,true,,,government,acuteHospital,true,high,needsAdapter,
master-dept-0359-המרכז-הרפואי-לגליל-נוירוכירורגיה,המרכז הרפואי לגליל,המרכז הרפואי לגליל,,,נוירוכירורגיה,נוירוכירורגיה,,,https://www.gmc.gov.il/?p=9941,https://www.gmc.gov.il/?p=9941,pending,hospitalPage,true,,,government,acuteHospital,true,high,needsAdapter,
master-dept-0360-המרכז-הרפואי-לגליל-רפואה-גרעינית,המרכז הרפואי לגליל,המרכז הרפואי לגליל,,,רפואה גרעינית,רפואה גרעינית,,,https://www.gmc.gov.il/?p=12112,https://www.gmc.gov.il/?p=12112,pending,hospitalPage,true,,,government,acuteHospital,true,high,needsAdapter,
master-dept-0361-מרכז-רפואי-העמק-פסיכיאטריה,מרכז רפואי העמק,מרכז רפואי העמק,,,פסיכיאטריה,פסיכיאטריה,,,https://hospitals.clalit.co.il/emek/he/info/emek_doctors/Pages/alon_reshef.aspx,https://hospitals.clalit.co.il/emek/he/info/emek_doctors/Pages/alon_reshef.aspx,pending,doctorsPage,true,,,clalit,acuteHospital,true,high,safeForPilot,
master-dept-0362-מרכז-רפואי-העמק-רפואה-פיזיקלית-ושיקום,מרכז רפואי העמק,מרכז רפואי העמק,,,רפואה פיזיקלית ושיקום,רפואה פיזיקלית ושיקום,,,https://hospitals.clalit.co.il/emek/he/departmentsandclinics/surgery/Pages/rehabilitation_unit.aspx,https://hospitals.clalit.co.il/emek/he/departmentsandclinics/surgery/Pages/rehabilitation_unit.aspx,pending,unitPage,true,,,clalit,acuteHospital,true,high,supported,
master-dept-0363-מרכז-רפואי-העמק-רפואת-עור,מרכז רפואי העמק,מרכז רפואי העמק,,,רפואת עור,רפואת עור,,,https://hospitals.clalit.co.il/emek/he/departmentsandclinics/internal_departments/Pages/skin.aspx,https://hospitals.clalit.co.il/emek/he/departmentsandclinics/internal_departments/Pages/skin.aspx,pending,departmentPage,true,,,clalit,acuteHospital,true,high,supported,
master-dept-0364-מרכז-רפואי-העמק-פנימית-א,מרכז רפואי העמק,מרכז רפואי העמק,א,א,פנימית,פנימית,,,https://hospitals.clalit.co.il/emek/he/departmentsandclinics/internal_departments/Pages/internal_department_a.aspx,https://hospitals.clalit.co.il/emek/he/departmentsandclinics/internal_departments/Pages/internal_department_a.aspx,pending,departmentPage,true,,,clalit,acuteHospital,true,high,supported,
master-dept-0365-מרכז-רפואי-העמק-פנימית-ב,מרכז רפואי העמק,מרכז רפואי העמק,ב,ב,פנימית,פנימית,,,https://hospitals.clalit.co.il/emek/he/departmentsandclinics/internal_departments/Pages/internal_department_b.aspx,https://hospitals.clalit.co.il/emek/he/departmentsandclinics/internal_departments/Pages/internal_department_b.aspx,pending,departmentPage,true,,,clalit,acuteHospital,true,high,supported,
master-dept-0366-מרכז-רפואי-העמק-פנימית-ג,מרכז רפואי העמק,מרכז רפואי העמק,ג,ג,פנימית,פנימית,,,https://hospitals.clalit.co.il/emek/he/departmentsandclinics/internal_departments/Pages/internal_department_c.aspx,https://hospitals.clalit.co.il/emek/he/departmentsandclinics/internal_departments/Pages/internal_department_c.aspx,pending,departmentPage,true,,,clalit,acuteHospital,true,high,supported,
master-dept-0367-מרכז-רפואי-העמק-פנימית-ד,מרכז רפואי העמק,מרכז רפואי העמק,ד,ד,פנימית,פנימית,,,https://hospitals.clalit.co.il/emek/he/departmentsandclinics/internal_departments/Pages/internal_department_d.aspx,https://hospitals.clalit.co.il/emek/he/departmentsandclinics/internal_departments/Pages/internal_department_d.aspx,pending,departmentPage,true,,,clalit,acuteHospital,true,high,supported,
master-dept-0368-מרכז-רפואי-העמק-פנימית-ה,מרכז רפואי העמק,מרכז רפואי העמק,ה,ה,פנימית,פנימית,,,https://hospitals.clalit.co.il/emek/he/departmentsandclinics/internal_departments/Pages/internal_department_f.aspx,https://hospitals.clalit.co.il/emek/he/departmentsandclinics/internal_departments/Pages/internal_department_f.aspx,pending,departmentPage,true,,,clalit,acuteHospital,true,high,supported,
master-dept-0369-מרכז-רפואי-העמק-רדיולוגיה-דימות,מרכז רפואי העמק,מרכז רפואי העמק,,,רדיולוגיה (דימות),רדיולוגיה (דימות),,,https://hospitals.clalit.co.il/emek/he/departmentsandclinics/institutes/Pages/xray.aspx,https://hospitals.clalit.co.il/emek/he/departmentsandclinics/institutes/Pages/xray.aspx,pending,departmentPage,true,,,clalit,acuteHospital,true,high,supported,
master-dept-0370-מרכז-רפואי-העמק-רפואת-ילדים-א,מרכז רפואי העמק,מרכז רפואי העמק,א,א,רפואת ילדים,רפואת ילדים,,,https://hospitals.clalit.co.il/emek/he/departmentsandclinics/pediatric/Pages/pediatrics_department_a.aspx,https://hospitals.clalit.co.il/emek/he/departmentsandclinics/pediatric/Pages/pediatrics_department_a.aspx,pending,departmentPage,true,,,clalit,acuteHospital,true,high,supported,
master-dept-0371-מרכז-רפואי-העמק-רפואת-ילדים-ב,מרכז רפואי העמק,מרכז רפואי העמק,ב,ב,רפואת ילדים,רפואת ילדים,,,https://hospitals.clalit.co.il/emek/he/departmentsandclinics/pediatric/Pages/pediatrix_department_b.aspx,https://hospitals.clalit.co.il/emek/he/departmentsandclinics/pediatric/Pages/pediatrix_department_b.aspx,pending,departmentPage,true,,,clalit,acuteHospital,true,high,supported,
master-dept-0372-מרכז-רפואי-העמק-כירורגית-ילדים,מרכז רפואי העמק,מרכז רפואי העמק,,,כירורגית ילדים,כירורגית ילדים,,,https://hospitals.clalit.co.il/emek/he/departmentsandclinics/surgery/Pages/children_surgery.aspx,https://hospitals.clalit.co.il/emek/he/departmentsandclinics/surgery/Pages/children_surgery.aspx,pending,departmentPage,true,,,clalit,acuteHospital,true,high,supported,
master-dept-0373-מרכז-רפואי-העמק-הרדמה,מרכז רפואי העמק,מרכז רפואי העמק,,,הרדמה,הרדמה,,,https://hospitals.clalit.co.il/emek/he/departmentsandclinics/surgery/Pages/anesthesia_operating_rooms_department.aspx,https://hospitals.clalit.co.il/emek/he/departmentsandclinics/surgery/Pages/anesthesia_operating_rooms_department.aspx,pending,departmentPage,true,,,clalit,acuteHospital,true,high,supported,
master-dept-0374-מרכז-רפואי-העמק-כירורגיה-אורולוגית,מרכז רפואי העמק,מרכז רפואי העמק,,,כירורגיה אורולוגית,כירורגיה אורולוגית,,,https://hospitals.clalit.co.il/emek/he/departmentsandclinics/surgery/Pages/urology_department.aspx,https://hospitals.clalit.co.il/emek/he/departmentsandclinics/surgery/Pages/urology_department.aspx,pending,departmentPage,true,,,clalit,acuteHospital,true,high,supported,
master-dept-0375-מרכז-רפואי-העמק-אורתופדיה,מרכז רפואי העמק,מרכז רפואי העמק,,,אורתופדיה,אורתופדיה,,,https://hospitals.clalit.co.il/emek/he/departmentsandclinics/surgery/Pages/orthopedics_division.aspx,https://hospitals.clalit.co.il/emek/he/departmentsandclinics/surgery/Pages/orthopedics_division.aspx,pending,arrayPage,true,,,clalit,acuteHospital,true,high,supported,
master-dept-0376-מרכז-רפואי-העמק-אף-אוזן-גרון,מרכז רפואי העמק,מרכז רפואי העמק,,,אף אוזן גרון,אף אוזן גרון,,,https://hospitals.clalit.co.il/emek/he/departmentsandclinics/surgery/Pages/otolaringology_department.aspx,https://hospitals.clalit.co.il/emek/he/departmentsandclinics/surgery/Pages/otolaringology_department.aspx,pending,departmentPage,true,,,clalit,acuteHospital,true,high,supported,
master-dept-0377-מרכז-רפואי-העמק-רפואה-דחופה,מרכז רפואי העמק,מרכז רפואי העמק,,,רפואה דחופה,רפואה דחופה,,,https://hospitals.clalit.co.il/emek/he/departmentsandclinics/e_r/Pages/emergency_medicine_department.aspx,https://hospitals.clalit.co.il/emek/he/departmentsandclinics/e_r/Pages/emergency_medicine_department.aspx,pending,departmentPage,true,,,clalit,acuteHospital,true,high,supported,
master-dept-0378-מרכז-רפואי-העמק-יילוד-וגינקולוגיה,מרכז רפואי העמק,מרכז רפואי העמק,,,יילוד וגינקולוגיה,יילוד וגינקולוגיה,,,https://hospitals.clalit.co.il/emek/he/yoldot_vetinokot/ahrey_haleyda/Pages/infants_department.aspx,https://hospitals.clalit.co.il/emek/he/yoldot_vetinokot/ahrey_haleyda/Pages/infants_department.aspx,pending,departmentPage,true,,,clalit,acuteHospital,true,high,supported,
master-dept-0379-מרכז-רפואי-העמק-מחלות-עיניים,מרכז רפואי העמק,מרכז רפואי העמק,,,מחלות עיניים,מחלות עיניים,,,https://hospitals.clalit.co.il/emek/he/departmentsandclinics/surgery/Pages/eyes_department.aspx,https://hospitals.clalit.co.il/emek/he/departmentsandclinics/surgery/Pages/eyes_department.aspx,pending,departmentPage,true,,,clalit,acuteHospital,true,high,supported,
master-dept-0380-מרכז-רפואי-העמק-פסיכיאטריה-של-הילד-והמתבגר,מרכז רפואי העמק,מרכז רפואי העמק,,,פסיכיאטריה של הילד והמתבגר,פסיכיאטריה של הילד והמתבגר,,,https://hospitals.clalit.co.il/emek/he/departmentsandclinics/psychiatric/Pages/mental_health_of_children_and_youth.aspx,https://hospitals.clalit.co.il/emek/he/departmentsandclinics/psychiatric/Pages/mental_health_of_children_and_youth.aspx,pending,departmentPage,true,,,clalit,acuteHospital,true,high,supported,
master-dept-0381-מרכז-רפואי-העמק-כירורגיה-כללית-א,מרכז רפואי העמק,מרכז רפואי העמק,א,א,כירורגיה כללית,כירורגיה כללית,,,https://hospitals.clalit.co.il/emek/he/departmentsandclinics/surgery/Pages/surgery_department_a.aspx,https://hospitals.clalit.co.il/emek/he/departmentsandclinics/surgery/Pages/surgery_department_a.aspx,pending,departmentPage,true,,,clalit,acuteHospital,true,high,supported,
master-dept-0382-מרכז-רפואי-העמק-כירורגיה-כללית-ב,מרכז רפואי העמק,מרכז רפואי העמק,ב,ב,כירורגיה כללית,כירורגיה כללית,,,https://hospitals.clalit.co.il/emek/he/departmentsandclinics/surgery/Pages/surgery_department_b.aspx,https://hospitals.clalit.co.il/emek/he/departmentsandclinics/surgery/Pages/surgery_department_b.aspx,pending,departmentPage,true,,,clalit,acuteHospital,true,high,supported,
master-dept-0383-מרכז-רפואי-העמק-נוירולוגיה,מרכז רפואי העמק,מרכז רפואי העמק,,,נוירולוגיה,נוירולוגיה,,,https://hospitals.clalit.co.il/emek/he/departmentsandclinics/internal_departments/Pages/neurology.aspx,https://hospitals.clalit.co.il/emek/he/departmentsandclinics/internal_departments/Pages/neurology.aspx,pending,departmentPage,true,,,clalit,acuteHospital,true,high,supported,
master-dept-0384-מרכז-רפואי-העמק-פתולוגיה,מרכז רפואי העמק,מרכז רפואי העמק,,,פתולוגיה,פתולוגיה,,,https://hospitals.clalit.co.il/emek/he/departmentsandclinics/institutes/Pages/pathology.aspx,https://hospitals.clalit.co.il/emek/he/departmentsandclinics/institutes/Pages/pathology.aspx,pending,departmentPage,true,,,clalit,acuteHospital,true,high,supported,
master-dept-0385-מרכז-רפואי-העמק-קרדיולוגיה,מרכז רפואי העמק,מרכז רפואי העמק,,,קרדיולוגיה,קרדיולוגיה,,,https://hospitals.clalit.co.il/emek/he/departmentsandclinics/cardiologiccenter/Pages/cardiology.aspx,https://hospitals.clalit.co.il/emek/he/departmentsandclinics/cardiologiccenter/Pages/cardiology.aspx,pending,departmentPage,true,,,clalit,acuteHospital,true,high,supported,
master-dept-0386-מרכז-רפואי-העמק-אונקולוגיה,מרכז רפואי העמק,מרכז רפואי העמק,,,אונקולוגיה,אונקולוגיה,,,https://hospitals.clalit.co.il/emek/he/departmentsandclinics/institutes/beit_shulamit/Pages/oncology_clinics.aspx,https://hospitals.clalit.co.il/emek/he/departmentsandclinics/institutes/beit_shulamit/Pages/oncology_clinics.aspx,pending,departmentPage,true,,,clalit,acuteHospital,true,high,supported,
master-dept-0387-מרכז-רפואי-העמק-רפואה-גרעינית,מרכז רפואי העמק,מרכז רפואי העמק,,,רפואה גרעינית,רפואה גרעינית,,,https://hospitals.clalit.co.il/emek/he/departmentsandclinics/institutes/Pages/nuclear_medicine.aspx,https://hospitals.clalit.co.il/emek/he/departmentsandclinics/institutes/Pages/nuclear_medicine.aspx,pending,departmentPage,true,,,clalit,acuteHospital,true,high,supported,
master-dept-0388-מרכז-רפואי-וולפסון-כירורגיה-כללית-א,מרכז רפואי וולפסון,מרכז רפואי וולפסון,א,א,כירורגיה כללית,כירורגיה כללית,,,,,notProvided,unknown,false,,,government,acuteHospital,true,medium,needsAdapter,
master-dept-0389-מרכז-רפואי-וולפסון-כירורגיה-כללית-ב,מרכז רפואי וולפסון,מרכז רפואי וולפסון,ב,ב,כירורגיה כללית,כירורגיה כללית,,,,,notProvided,unknown,false,,,government,acuteHospital,true,medium,needsAdapter,
master-dept-0390-מרכז-רפואי-וולפסון-רדיולוגיה-דימות,מרכז רפואי וולפסון,מרכז רפואי וולפסון,,,רדיולוגיה (דימות),רדיולוגיה (דימות),,,,,notProvided,unknown,false,,,government,acuteHospital,true,medium,needsAdapter,
master-dept-0391-מרכז-רפואי-וולפסון-אף-אוזן-גרון,מרכז רפואי וולפסון,מרכז רפואי וולפסון,,,אף אוזן גרון,אף אוזן גרון,,,,,notProvided,unknown,false,,,government,acuteHospital,true,medium,needsAdapter,
master-dept-0392-מרכז-רפואי-וולפסון-הרדמה,מרכז רפואי וולפסון,מרכז רפואי וולפסון,,,הרדמה,הרדמה,,,,,notProvided,unknown,false,,,government,acuteHospital,true,medium,needsAdapter,
master-dept-0393-מרכז-רפואי-וולפסון-רפואת-ילדים,מרכז רפואי וולפסון,מרכז רפואי וולפסון,,,רפואת ילדים,רפואת ילדים,,,,,notProvided,unknown,false,,,government,acuteHospital,true,medium,needsAdapter,
master-dept-0394-מרכז-רפואי-וולפסון-נוירולוגיה,מרכז רפואי וולפסון,מרכז רפואי וולפסון,,,נוירולוגיה,נוירולוגיה,,,,,notProvided,unknown,false,,,government,acuteHospital,true,medium,needsAdapter,
master-dept-0395-מרכז-רפואי-וולפסון-יילוד-וגינקולוגיה,מרכז רפואי וולפסון,מרכז רפואי וולפסון,,,יילוד וגינקולוגיה,יילוד וגינקולוגיה,,,,,notProvided,unknown,false,,,government,acuteHospital,true,medium,needsAdapter,
master-dept-0396-מרכז-רפואי-וולפסון-מחלות-עיניים,מרכז רפואי וולפסון,מרכז רפואי וולפסון,,,מחלות עיניים,מחלות עיניים,,,https://www.gov.il/he/pages/medical_staff,https://www.gov.il/he/pages/medical_staff,pending,teamPage,true,,,government,acuteHospital,true,high,needsAdapter,
master-dept-0397-מרכז-רפואי-וולפסון-פנימית-א,מרכז רפואי וולפסון,מרכז רפואי וולפסון,א,א,פנימית,פנימית,,,,,notProvided,unknown,false,,,government,acuteHospital,true,medium,needsAdapter,
master-dept-0398-מרכז-רפואי-וולפסון-פנימית-ב,מרכז רפואי וולפסון,מרכז רפואי וולפסון,ב,ב,פנימית,פנימית,,,,,notProvided,unknown,false,,,government,acuteHospital,true,medium,needsAdapter,
master-dept-0399-מרכז-רפואי-וולפסון-פנימית-ד,מרכז רפואי וולפסון,מרכז רפואי וולפסון,ד,ד,פנימית,פנימית,,,,,notProvided,unknown,false,,,government,acuteHospital,true,medium,needsAdapter,
master-dept-0400-מרכז-רפואי-וולפסון-פנימית-ה,מרכז רפואי וולפסון,מרכז רפואי וולפסון,ה,ה,פנימית,פנימית,,,,,notProvided,unknown,false,,,government,acuteHospital,true,medium,needsAdapter,
master-dept-0401-מרכז-רפואי-וולפסון-פנימית-ו,מרכז רפואי וולפסון,מרכז רפואי וולפסון,ו,ו,פנימית,פנימית,,,,,notProvided,unknown,false,,,government,acuteHospital,true,medium,needsAdapter,
master-dept-0402-מרכז-רפואי-וולפסון-רפואה-דחופה,מרכז רפואי וולפסון,מרכז רפואי וולפסון,,,רפואה דחופה,רפואה דחופה,,,,,notProvided,unknown,false,,,government,acuteHospital,true,medium,needsAdapter,
master-dept-0403-מרכז-רפואי-וולפסון-קרדיולוגיה,מרכז רפואי וולפסון,מרכז רפואי וולפסון,,,קרדיולוגיה,קרדיולוגיה,,,https://www.gov.il/he/departments/units/the-heart-array-wolfson/govil-landing-page,https://www.gov.il/he/departments/units/the-heart-array-wolfson/govil-landing-page,pending,arrayPage,true,,,government,acuteHospital,true,high,needsAdapter,
master-dept-0404-מרכז-רפואי-וולפסון-אורתופדיה,מרכז רפואי וולפסון,מרכז רפואי וולפסון,,,אורתופדיה,אורתופדיה,,,,,notProvided,unknown,false,,,government,acuteHospital,true,medium,needsAdapter,
master-dept-0405-מרכז-רפואי-וולפסון-כירורגיה-פלסטית-ואסתטית,מרכז רפואי וולפסון,מרכז רפואי וולפסון,,,כירורגיה פלסטית ואסתטית,כירורגיה פלסטית ואסתטית,,,https://www.gov.il/he/pages/staff_of_the_plastic_surgery_unit,https://www.gov.il/he/pages/staff_of_the_plastic_surgery_unit,pending,teamPage,true,,,government,acuteHospital,true,high,needsAdapter,
master-dept-0406-מרכז-רפואי-וולפסון-פתולוגיה,מרכז רפואי וולפסון,מרכז רפואי וולפסון,,,פתולוגיה,פתולוגיה,,,https://www.gov.il/he/pages/wolfson_institute_of_pathology,https://www.gov.il/he/pages/wolfson_institute_of_pathology,pending,unknown,true,,,government,acuteHospital,true,high,needsAdapter,
master-dept-0407-מרכז-רפואי-וולפסון-כירורגיה-של-בית-החזה,מרכז רפואי וולפסון,מרכז רפואי וולפסון,,,כירורגיה של בית החזה,כירורגיה של בית החזה,,,https://www.gov.il/he/pages/surgery-a-chest-surgeries-staff,https://www.gov.il/he/pages/surgery-a-chest-surgeries-staff,pending,teamPage,true,,,government,acuteHospital,true,high,needsAdapter,
master-dept-0408-מרכז-רפואי-וולפסון-כירורגית-כלי-דם,מרכז רפואי וולפסון,מרכז רפואי וולפסון,,,כירורגית כלי דם,כירורגית כלי דם,,,https://www.gov.il/he/pages/vascular-clinic,https://www.gov.il/he/pages/vascular-clinic,pending,departmentPage,true,,,government,acuteHospital,true,high,needsAdapter,
master-dept-0409-מרכז-רפואי-וולפסון-כירורגיה-אורולוגית,מרכז רפואי וולפסון,מרכז רפואי וולפסון,,,כירורגיה אורולוגית,כירורגיה אורולוגית,,,,,notProvided,unknown,false,,,government,acuteHospital,true,medium,needsAdapter,
master-dept-0410-מרכז-רפואי-וולפסון-אונקולוגיה,מרכז רפואי וולפסון,מרכז רפואי וולפסון,,,אונקולוגיה,אונקולוגיה,,,https://www.gov.il/he/departments/topics/oncology-institute/govil-landing-page,https://www.gov.il/he/departments/topics/oncology-institute/govil-landing-page,pending,departmentPage,true,,,government,acuteHospital,true,high,needsAdapter,
master-dept-0411-מרכז-רפואי-וולפסון-פסיכיאטריה,מרכז רפואי וולפסון,מרכז רפואי וולפסון,,,פסיכיאטריה,פסיכיאטריה,,,,,notProvided,unknown,false,,,government,acuteHospital,true,medium,needsAdapter,
master-dept-0412-מרכז-רפואי-וולפסון-רפואה-גרעינית,מרכז רפואי וולפסון,מרכז רפואי וולפסון,,,רפואה גרעינית,רפואה גרעינית,,,https://www.gov.il/he/pages/nuclear_medicine_institute_staff,https://www.gov.il/he/pages/nuclear_medicine_institute_staff,pending,teamPage,true,,,government,acuteHospital,true,high,needsAdapter,
master-dept-0413-מרכז-רפואי-יצחק-שמיר-אורתופדיה-א,מרכז רפואי יצחק שמיר,מרכז רפואי יצחק שמיר,א,א,אורתופדיה,אורתופדיה,,,https://www.shamir.org/clinics/orthopedics/ortopedicdepartment/,https://www.shamir.org/clinics/orthopedics/ortopedicdepartment/,pending,departmentPage,true,,,government,acuteHospital,true,high,needsAdapter,
master-dept-0414-מרכז-רפואי-יצחק-שמיר-אורתופדיה-ב,מרכז רפואי יצחק שמיר,מרכז רפואי יצחק שמיר,ב,ב,אורתופדיה,אורתופדיה,,,https://www.shamir.org/clinics/orthopedics/ortopedicdepartmentb/,https://www.shamir.org/clinics/orthopedics/ortopedicdepartmentb/,pending,departmentPage,true,,,government,acuteHospital,true,high,needsAdapter,
master-dept-0415-מרכז-רפואי-יצחק-שמיר-רפואת-ילדים,מרכז רפואי יצחק שמיר,מרכז רפואי יצחק שמיר,,,רפואת ילדים,רפואת ילדים,,,https://www.shamir.org/clinics/pediatrics/,https://www.shamir.org/clinics/pediatrics/,pending,hospitalPage,true,,,government,acuteHospital,true,high,needsAdapter,
master-dept-0416-מרכז-רפואי-יצחק-שמיר-פנימית-א,מרכז רפואי יצחק שמיר,מרכז רפואי יצחק שמיר,א,א,פנימית,פנימית,,,https://www.shamir.org/clinics/%D7%97%D7%98%D7%99%D7%91%D7%94-%D7%A4%D7%A0%D7%99%D7%9E%D7%99%D7%AA/%D7%A4%D7%A0%D7%99%D7%9E%D7%99%D7%AA-%D7%90-%D7%9E%D7%97%D7%9C%D7%A7%D7%94/,https://www.shamir.org/clinics/%D7%97%D7%98%D7%99%D7%91%D7%94-%D7%A4%D7%A0%D7%99%D7%9E%D7%99%D7%AA/%D7%A4%D7%A0%D7%99%D7%9E%D7%99%D7%AA-%D7%90-%D7%9E%D7%97%D7%9C%D7%A7%D7%94/,pending,departmentPage,true,,,government,acuteHospital,true,high,needsAdapter,
master-dept-0417-מרכז-רפואי-יצחק-שמיר-פנימית-ב,מרכז רפואי יצחק שמיר,מרכז רפואי יצחק שמיר,ב,ב,פנימית,פנימית,,,https://www.shamir.org/clinics/%D7%97%D7%98%D7%99%D7%91%D7%94-%D7%A4%D7%A0%D7%99%D7%9E%D7%99%D7%AA/%D7%A4%D7%A0%D7%99%D7%9E%D7%99%D7%AA-%D7%91-%D7%9E%D7%97%D7%9C%D7%A7%D7%94/,https://www.shamir.org/clinics/%D7%97%D7%98%D7%99%D7%91%D7%94-%D7%A4%D7%A0%D7%99%D7%9E%D7%99%D7%AA/%D7%A4%D7%A0%D7%99%D7%9E%D7%99%D7%AA-%D7%91-%D7%9E%D7%97%D7%9C%D7%A7%D7%94/,pending,departmentPage,true,,,government,acuteHospital,true,high,needsAdapter,
master-dept-0418-מרכז-רפואי-יצחק-שמיר-פנימית-ג,מרכז רפואי יצחק שמיר,מרכז רפואי יצחק שמיר,ג,ג,פנימית,פנימית,,,https://www.shamir.org/clinics/%D7%97%D7%98%D7%99%D7%91%D7%94-%D7%A4%D7%A0%D7%99%D7%9E%D7%99%D7%AA/%D7%A4%D7%A0%D7%99%D7%9E%D7%99%D7%AA-%D7%92-%D7%9E%D7%97%D7%9C%D7%A7%D7%94/,https://www.shamir.org/clinics/%D7%97%D7%98%D7%99%D7%91%D7%94-%D7%A4%D7%A0%D7%99%D7%9E%D7%99%D7%AA/%D7%A4%D7%A0%D7%99%D7%9E%D7%99%D7%AA-%D7%92-%D7%9E%D7%97%D7%9C%D7%A7%D7%94/,pending,departmentPage,true,,,government,acuteHospital,true,high,needsAdapter,
master-dept-0419-מרכז-רפואי-יצחק-שמיר-פנימית-ד,מרכז רפואי יצחק שמיר,מרכז רפואי יצחק שמיר,ד,ד,פנימית,פנימית,,,https://www.shamir.org/clinics/%D7%97%D7%98%D7%99%D7%91%D7%94-%D7%A4%D7%A0%D7%99%D7%9E%D7%99%D7%AA/%D7%A4%D7%A0%D7%99%D7%9E%D7%99%D7%AA-%D7%93-%D7%9E%D7%97%D7%9C%D7%A7%D7%94/,https://www.shamir.org/clinics/%D7%97%D7%98%D7%99%D7%91%D7%94-%D7%A4%D7%A0%D7%99%D7%9E%D7%99%D7%AA/%D7%A4%D7%A0%D7%99%D7%9E%D7%99%D7%AA-%D7%93-%D7%9E%D7%97%D7%9C%D7%A7%D7%94/,pending,departmentPage,true,,,government,acuteHospital,true,high,needsAdapter,
master-dept-0420-מרכז-רפואי-יצחק-שמיר-פנימית-ה,מרכז רפואי יצחק שמיר,מרכז רפואי יצחק שמיר,ה,ה,פנימית,פנימית,,,https://www.shamir.org/clinics/%D7%97%D7%98%D7%99%D7%91%D7%94-%D7%A4%D7%A0%D7%99%D7%9E%D7%99%D7%AA/%D7%A4%D7%A0%D7%99%D7%9E%D7%99%D7%AA-%D7%94-%D7%9E%D7%97%D7%9C%D7%A7%D7%94/,https://www.shamir.org/clinics/%D7%97%D7%98%D7%99%D7%91%D7%94-%D7%A4%D7%A0%D7%99%D7%9E%D7%99%D7%AA/%D7%A4%D7%A0%D7%99%D7%9E%D7%99%D7%AA-%D7%94-%D7%9E%D7%97%D7%9C%D7%A7%D7%94/,pending,departmentPage,true,,,government,acuteHospital,true,high,needsAdapter,
master-dept-0421-מרכז-רפואי-יצחק-שמיר-פנימית-ו,מרכז רפואי יצחק שמיר,מרכז רפואי יצחק שמיר,ו,ו,פנימית,פנימית,,,https://www.shamir.org/clinics/%D7%97%D7%98%D7%99%D7%91%D7%94-%D7%A4%D7%A0%D7%99%D7%9E%D7%99%D7%AA/%D7%A4%D7%A0%D7%99%D7%9E%D7%99%D7%AA-%D7%95-%D7%9E%D7%97%D7%9C%D7%A7%D7%94/,https://www.shamir.org/clinics/%D7%97%D7%98%D7%99%D7%91%D7%94-%D7%A4%D7%A0%D7%99%D7%9E%D7%99%D7%AA/%D7%A4%D7%A0%D7%99%D7%9E%D7%99%D7%AA-%D7%95-%D7%9E%D7%97%D7%9C%D7%A7%D7%94/,pending,departmentPage,true,,,government,acuteHospital,true,high,needsAdapter,
master-dept-0422-מרכז-רפואי-יצחק-שמיר-פנימית-ח,מרכז רפואי יצחק שמיר,מרכז רפואי יצחק שמיר,ח,ח,פנימית,פנימית,,,,,notProvided,unknown,false,,,government,acuteHospital,true,medium,needsAdapter,
master-dept-0423-מרכז-רפואי-יצחק-שמיר-יילוד-וגינקולוגיה,מרכז רפואי יצחק שמיר,מרכז רפואי יצחק שמיר,,,יילוד וגינקולוגיה,יילוד וגינקולוגיה,,,https://www.shamir.org/clinics/gynecology/,https://www.shamir.org/clinics/gynecology/,pending,hospitalPage,true,,,government,acuteHospital,true,high,needsAdapter,
master-dept-0424-מרכז-רפואי-יצחק-שמיר-פתולוגיה,מרכז רפואי יצחק שמיר,מרכז רפואי יצחק שמיר,,,פתולוגיה,פתולוגיה,,,https://www.shamir.org/clinics/labs/cytologyandpathology/,https://www.shamir.org/clinics/labs/cytologyandpathology/,pending,departmentPage,true,,,government,acuteHospital,true,high,needsAdapter,
master-dept-0425-מרכז-רפואי-יצחק-שמיר-רפואה-דחופה,מרכז רפואי יצחק שמיר,מרכז רפואי יצחק שמיר,,,רפואה דחופה,רפואה דחופה,,,https://www.shamir.org/clinics/malrad-%D7%A8%D7%A4%D7%95%D7%90%D7%94-%D7%93%D7%97%D7%95%D7%A4%D7%94-%D7%9E%D7%99%D7%95%D7%9F-%D7%97%D7%93%D7%A8%D7%99-%D7%9E%D7%99%D7%95%D7%9F-%D7%9E%D7%9C%D7%A8%D7%93-%D7%97%D7%93%D7%A8-%D7%9E%D7%99%D7%95%D7%9F/,https://www.shamir.org/clinics/malrad-%D7%A8%D7%A4%D7%95%D7%90%D7%94-%D7%93%D7%97%D7%95%D7%A4%D7%94-%D7%9E%D7%99%D7%95%D7%9F-%D7%97%D7%93%D7%A8%D7%99-%D7%9E%D7%99%D7%95%D7%9F-%D7%9E%D7%9C%D7%A8%D7%93-%D7%97%D7%93%D7%A8-%D7%9E%D7%99%D7%95%D7%9F/,pending,hospitalPage,true,,,government,acuteHospital,true,high,needsAdapter,
master-dept-0426-מרכז-רפואי-יצחק-שמיר-מחלות-עיניים,מרכז רפואי יצחק שמיר,מרכז רפואי יצחק שמיר,,,מחלות עיניים,מחלות עיניים,,,https://www.shamir.org/clinics/eye/,https://www.shamir.org/clinics/eye/,pending,hospitalPage,true,,,government,acuteHospital,true,high,needsAdapter,
master-dept-0427-מרכז-רפואי-יצחק-שמיר-אף-אוזן-גרון,מרכז רפואי יצחק שמיר,מרכז רפואי יצחק שמיר,,,אף אוזן גרון,אף אוזן גרון,,,https://www.shamir.org/clinics/aag/,https://www.shamir.org/clinics/aag/,pending,hospitalPage,true,,,government,acuteHospital,true,high,needsAdapter,
master-dept-0428-מרכז-רפואי-יצחק-שמיר-כירורגית-כלי-דם,מרכז רפואי יצחק שמיר,מרכז רפואי יצחק שמיר,,,כירורגית כלי דם,כירורגית כלי דם,,,https://www.shamir.org/clinics/bloodvesselsurgical/,https://www.shamir.org/clinics/bloodvesselsurgical/,pending,hospitalPage,true,,,government,acuteHospital,true,high,needsAdapter,
master-dept-0429-מרכז-רפואי-יצחק-שמיר-כירורגיה-כללית,מרכז רפואי יצחק שמיר,מרכז רפואי יצחק שמיר,,,כירורגיה כללית,כירורגיה כללית,,,https://www.shamir.org/clinics/surgery/,https://www.shamir.org/clinics/surgery/,pending,hospitalPage,true,,,government,acuteHospital,true,high,needsAdapter,
master-dept-0430-מרכז-רפואי-יצחק-שמיר-רדיולוגיה-דימות,מרכז רפואי יצחק שמיר,מרכז רפואי יצחק שמיר,,,רדיולוגיה (דימות),רדיולוגיה (דימות),,,https://www.shamir.org/he/clinics/%D7%9E%D7%A2%D7%A8%D7%9A-%D7%94%D7%93%D7%99%D7%9E%D7%95%D7%AA/,https://www.shamir.org/he/clinics/%D7%9E%D7%A2%D7%A8%D7%9A-%D7%94%D7%93%D7%99%D7%9E%D7%95%D7%AA/,pending,departmentPage,true,,,government,acuteHospital,true,high,needsAdapter,
master-dept-0431-מרכז-רפואי-יצחק-שמיר-כירורגית-ילדים,מרכז רפואי יצחק שמיר,מרכז רפואי יצחק שמיר,,,כירורגית ילדים,כירורגית ילדים,,,https://www.shamir.org/clinics/pediatrics/departmentpediatricsurgery/,https://www.shamir.org/clinics/pediatrics/departmentpediatricsurgery/,pending,departmentPage,true,,,government,acuteHospital,true,high,needsAdapter,
master-dept-0432-מרכז-רפואי-יצחק-שמיר-כירורגיה-אורולוגית,מרכז רפואי יצחק שמיר,מרכז רפואי יצחק שמיר,,,כירורגיה אורולוגית,כירורגיה אורולוגית,,,https://www.shamir.org/clinics/urologysurgery1/,https://www.shamir.org/clinics/urologysurgery1/,pending,hospitalPage,true,,,government,acuteHospital,true,high,needsAdapter,
master-dept-0433-מרכז-רפואי-יצחק-שמיר-קרדיולוגיה,מרכז רפואי יצחק שמיר,מרכז רפואי יצחק שמיר,,,קרדיולוגיה,קרדיולוגיה,,,https://www.shamir.org/clinics/cardiology/,https://www.shamir.org/clinics/cardiology/,pending,hospitalPage,true,,,government,acuteHospital,true,high,needsAdapter,
master-dept-0434-מרכז-רפואי-יצחק-שמיר-נוירולוגיה,מרכז רפואי יצחק שמיר,מרכז רפואי יצחק שמיר,,,נוירולוגיה,נוירולוגיה,,,https://www.shamir.org/clinics/neurology/,https://www.shamir.org/clinics/neurology/,pending,hospitalPage,true,,,government,acuteHospital,true,high,needsAdapter,
master-dept-0435-מרכז-רפואי-יצחק-שמיר-כירורגיה-פלסטית-ואסתטית,מרכז רפואי יצחק שמיר,מרכז רפואי יצחק שמיר,,,כירורגיה פלסטית ואסתטית,כירורגיה פלסטית ואסתטית,,,https://www.shamir.org/clinics/plasticsurgery/,https://www.shamir.org/clinics/plasticsurgery/,pending,hospitalPage,true,,,government,acuteHospital,true,high,needsAdapter,
master-dept-0436-מרכז-רפואי-יצחק-שמיר-הרדמה,מרכז רפואי יצחק שמיר,מרכז רפואי יצחק שמיר,,,הרדמה,הרדמה,,,https://www.shamir.org/clinics/anesthesia/,https://www.shamir.org/clinics/anesthesia/,pending,hospitalPage,true,,,government,acuteHospital,true,high,needsAdapter,
master-dept-0437-מרכז-רפואי-יצחק-שמיר-רפואה-גרעינית,מרכז רפואי יצחק שמיר,מרכז רפואי יצחק שמיר,,,רפואה גרעינית,רפואה גרעינית,,,https://www.shamir.org/he/clinic/%D7%A8%D7%A4%D7%95%D7%90%D7%94-%D7%92%D7%A8%D7%A2%D7%99%D7%A0%D7%99%D7%AA-%D7%9E%D7%9B%D7%95%D7%9F/,https://www.shamir.org/he/clinic/%D7%A8%D7%A4%D7%95%D7%90%D7%94-%D7%92%D7%A8%D7%A2%D7%99%D7%A0%D7%99%D7%AA-%D7%9E%D7%9B%D7%95%D7%9F/,pending,departmentPage,true,,,government,acuteHospital,true,high,needsAdapter,
master-dept-0438-מרכז-רפואי-יצחק-שמיר-אונקולוגיה,מרכז רפואי יצחק שמיר,מרכז רפואי יצחק שמיר,,,אונקולוגיה,אונקולוגיה,,,https://www.shamir.org/clinics/oncology/,https://www.shamir.org/clinics/oncology/,pending,hospitalPage,true,,,government,acuteHospital,true,high,needsAdapter,
master-dept-0439-מרכז-רפואי-יצחק-שמיר-כירורגיה-של-בית-החזה,מרכז רפואי יצחק שמיר,מרכז רפואי יצחק שמיר,,,כירורגיה של בית החזה,כירורגיה של בית החזה,,,https://www.shamir.org/clinics/chestsurgery/,https://www.shamir.org/clinics/chestsurgery/,pending,hospitalPage,true,,,government,acuteHospital,true,high,needsAdapter,
master-dept-0440-מרכז-רפואי-רמבם-רפואה-דחופה,"מרכז רפואי רמב""ם",מרכז רפואי רמבם,,,רפואה דחופה,רפואה דחופה,,,,,notProvided,unknown,false,,,unknown,acuteHospital,true,medium,pending,
master-dept-0441-מרכז-רפואי-רמבם-הרדמה,"מרכז רפואי רמב""ם",מרכז רפואי רמבם,,,הרדמה,הרדמה,,,,,notProvided,unknown,false,,,unknown,acuteHospital,true,medium,pending,
master-dept-0442-מרכז-רפואי-רמבם-רפואת-ילדים,"מרכז רפואי רמב""ם",מרכז רפואי רמבם,,,רפואת ילדים,רפואת ילדים,,,,,notProvided,unknown,false,,,unknown,acuteHospital,true,medium,pending,
master-dept-0443-מרכז-רפואי-רמבם-אורתופדיה,"מרכז רפואי רמב""ם",מרכז רפואי רמבם,,,אורתופדיה,אורתופדיה,,,,,notProvided,unknown,false,,,unknown,acuteHospital,true,medium,pending,
master-dept-0444-מרכז-רפואי-רמבם-פנימית,"מרכז רפואי רמב""ם",מרכז רפואי רמבם,,,פנימית,פנימית,,,,,notProvided,unknown,false,,,unknown,acuteHospital,true,medium,pending,
master-dept-0445-מרכז-רפואי-רמבם-קרדיולוגיה,"מרכז רפואי רמב""ם",מרכז רפואי רמבם,,,קרדיולוגיה,קרדיולוגיה,,,,,notProvided,unknown,false,,,unknown,acuteHospital,true,medium,pending,
master-dept-0446-מרכז-רפואי-רמבם-אונקולוגיה,"מרכז רפואי רמב""ם",מרכז רפואי רמבם,,,אונקולוגיה,אונקולוגיה,,,,,notProvided,unknown,false,,,unknown,acuteHospital,true,medium,pending,
master-dept-0447-מרכז-רפואי-רמבם-יילוד-וגינקולוגיה,"מרכז רפואי רמב""ם",מרכז רפואי רמבם,,,יילוד וגינקולוגיה,יילוד וגינקולוגיה,,,,,notProvided,unknown,false,,,unknown,acuteHospital,true,medium,pending,
master-dept-0448-מרכז-רפואי-רמבם-כירורגיה-כללית,"מרכז רפואי רמב""ם",מרכז רפואי רמבם,,,כירורגיה כללית,כירורגיה כללית,,,,,notProvided,unknown,false,,,unknown,acuteHospital,true,medium,pending,
master-dept-0449-מרכז-רפואי-רמבם-כירורגיה-פלסטית-ואסתטית,"מרכז רפואי רמב""ם",מרכז רפואי רמבם,,,כירורגיה פלסטית ואסתטית,כירורגיה פלסטית ואסתטית,,,,,notProvided,unknown,false,,,unknown,acuteHospital,true,medium,pending,
master-dept-0450-מרכז-רפואי-רמבם-רדיולוגיה-דימות,"מרכז רפואי רמב""ם",מרכז רפואי רמבם,,,רדיולוגיה (דימות),רדיולוגיה (דימות),,,,,notProvided,unknown,false,,,unknown,acuteHospital,true,medium,pending,
master-dept-0451-מרכז-רפואי-רמבם-נוירולוגיה,"מרכז רפואי רמב""ם",מרכז רפואי רמבם,,,נוירולוגיה,נוירולוגיה,,,,,notProvided,unknown,false,,,unknown,acuteHospital,true,medium,pending,
master-dept-0452-מרכז-רפואי-רמבם-כירורגית-כלי-דם,"מרכז רפואי רמב""ם",מרכז רפואי רמבם,,,כירורגית כלי דם,כירורגית כלי דם,,,,,notProvided,unknown,false,,,unknown,acuteHospital,true,medium,pending,
master-dept-0453-מרכז-רפואי-רמבם-נוירוכירורגיה,"מרכז רפואי רמב""ם",מרכז רפואי רמבם,,,נוירוכירורגיה,נוירוכירורגיה,,,,,notProvided,unknown,false,,,unknown,acuteHospital,true,medium,pending,
master-dept-0454-מרכז-רפואי-רמבם-אף-אוזן-גרון,"מרכז רפואי רמב""ם",מרכז רפואי רמבם,,,אף אוזן גרון,אף אוזן גרון,,,,,notProvided,unknown,false,,,unknown,acuteHospital,true,medium,pending,
master-dept-0455-מרכז-רפואי-רמבם-רפואת-עור,"מרכז רפואי רמב""ם",מרכז רפואי רמבם,,,רפואת עור,רפואת עור,,,,,notProvided,unknown,false,,,unknown,acuteHospital,true,medium,pending,
master-dept-0456-מרכז-רפואי-רמבם-פסיכיאטריה-של-הילד-והמתבגר,"מרכז רפואי רמב""ם",מרכז רפואי רמבם,,,פסיכיאטריה של הילד והמתבגר,פסיכיאטריה של הילד והמתבגר,,,,,notProvided,unknown,false,,,unknown,acuteHospital,true,medium,pending,
master-dept-0457-מרכז-רפואי-רמבם-כירורגיה-אורולוגית,"מרכז רפואי רמב""ם",מרכז רפואי רמבם,,,כירורגיה אורולוגית,כירורגיה אורולוגית,,,,,notProvided,unknown,false,,,unknown,acuteHospital,true,medium,pending,
master-dept-0458-מרכז-רפואי-רמבם-פסיכיאטריה,"מרכז רפואי רמב""ם",מרכז רפואי רמבם,,,פסיכיאטריה,פסיכיאטריה,,,,,notProvided,unknown,false,,,unknown,acuteHospital,true,medium,pending,
master-dept-0459-מרכז-רפואי-רמבם-מחלות-עיניים,"מרכז רפואי רמב""ם",מרכז רפואי רמבם,,,מחלות עיניים,מחלות עיניים,,,,,notProvided,unknown,false,,,unknown,acuteHospital,true,medium,pending,
master-dept-0460-מרכז-רפואי-רמבם-רפואה-גרעינית,"מרכז רפואי רמב""ם",מרכז רפואי רמבם,,,רפואה גרעינית,רפואה גרעינית,,,,,notProvided,unknown,false,,,unknown,acuteHospital,true,medium,pending,
master-dept-0461-מרכז-רפואי-רמבם-כירורגית-ילדים,"מרכז רפואי רמב""ם",מרכז רפואי רמבם,,,כירורגית ילדים,כירורגית ילדים,,,,,notProvided,unknown,false,,,unknown,acuteHospital,true,medium,pending,
master-dept-0462-מרכז-רפואי-רמבם-פתולוגיה,"מרכז רפואי רמב""ם",מרכז רפואי רמבם,,,פתולוגיה,פתולוגיה,,,,,notProvided,unknown,false,,,unknown,acuteHospital,true,medium,pending,
master-dept-0463-מרכז-רפואי-רמבם-כירורגיה-של-בית-החזה,"מרכז רפואי רמב""ם",מרכז רפואי רמבם,,,כירורגיה של בית החזה,כירורגיה של בית החזה,,,,,notProvided,unknown,false,,,unknown,acuteHospital,true,medium,pending,
master-dept-0464-מרכז-רפואי-תא-סוראסקי-רפואה-דחופה,"מרכז רפואי ת""א סוראסקי",מרכז רפואי תא סוראסקי,,,רפואה דחופה,רפואה דחופה,,,,,notProvided,unknown,false,,,ichilov,acuteHospital,true,medium,safeForFullBatch,
master-dept-0465-מרכז-רפואי-תא-סוראסקי-הרדמה,"מרכז רפואי ת""א סוראסקי",מרכז רפואי תא סוראסקי,,,הרדמה,הרדמה,,,,,notProvided,unknown,false,,,ichilov,acuteHospital,true,medium,safeForFullBatch,
master-dept-0466-מרכז-רפואי-תא-סוראסקי-רפואת-ילדים,"מרכז רפואי ת""א סוראסקי",מרכז רפואי תא סוראסקי,,,רפואת ילדים,רפואת ילדים,,,,,notProvided,unknown,false,,,ichilov,acuteHospital,true,medium,safeForFullBatch,
master-dept-0467-מרכז-רפואי-תא-סוראסקי-אורתופדיה,"מרכז רפואי ת""א סוראסקי",מרכז רפואי תא סוראסקי,,,אורתופדיה,אורתופדיה,,,,,notProvided,unknown,false,,,ichilov,acuteHospital,true,medium,safeForFullBatch,
master-dept-0468-מרכז-רפואי-תא-סוראסקי-פנימית,"מרכז רפואי ת""א סוראסקי",מרכז רפואי תא סוראסקי,,,פנימית,פנימית,,,,,notProvided,unknown,false,,,ichilov,acuteHospital,true,medium,safeForFullBatch,
master-dept-0469-מרכז-רפואי-תא-סוראסקי-קרדיולוגיה,"מרכז רפואי ת""א סוראסקי",מרכז רפואי תא סוראסקי,,,קרדיולוגיה,קרדיולוגיה,,,,,notProvided,unknown,false,,,ichilov,acuteHospital,true,medium,safeForFullBatch,
master-dept-0470-מרכז-רפואי-תא-סוראסקי-אונקולוגיה,"מרכז רפואי ת""א סוראסקי",מרכז רפואי תא סוראסקי,,,אונקולוגיה,אונקולוגיה,,,,,notProvided,unknown,false,,,ichilov,acuteHospital,true,medium,safeForFullBatch,
master-dept-0471-מרכז-רפואי-תא-סוראסקי-יילוד-וגינקולוגיה,"מרכז רפואי ת""א סוראסקי",מרכז רפואי תא סוראסקי,,,יילוד וגינקולוגיה,יילוד וגינקולוגיה,,,,,notProvided,unknown,false,,,ichilov,acuteHospital,true,medium,safeForFullBatch,
master-dept-0472-מרכז-רפואי-תא-סוראסקי-כירורגיה-כללית,"מרכז רפואי ת""א סוראסקי",מרכז רפואי תא סוראסקי,,,כירורגיה כללית,כירורגיה כללית,,,,,notProvided,unknown,false,,,ichilov,acuteHospital,true,medium,safeForFullBatch,
master-dept-0473-מרכז-רפואי-תא-סוראסקי-כירורגיה-פלסטית-ואסתטית,"מרכז רפואי ת""א סוראסקי",מרכז רפואי תא סוראסקי,,,כירורגיה פלסטית ואסתטית,כירורגיה פלסטית ואסתטית,,,,,notProvided,unknown,false,,,ichilov,acuteHospital,true,medium,safeForFullBatch,
master-dept-0474-מרכז-רפואי-תא-סוראסקי-רדיולוגיה-דימות,"מרכז רפואי ת""א סוראסקי",מרכז רפואי תא סוראסקי,,,רדיולוגיה (דימות),רדיולוגיה (דימות),,,,,notProvided,unknown,false,,,ichilov,acuteHospital,true,medium,safeForFullBatch,
master-dept-0475-מרכז-רפואי-תא-סוראסקי-נוירולוגיה,"מרכז רפואי ת""א סוראסקי",מרכז רפואי תא סוראסקי,,,נוירולוגיה,נוירולוגיה,,,,,notProvided,unknown,false,,,ichilov,acuteHospital,true,medium,safeForFullBatch,
master-dept-0476-מרכז-רפואי-תא-סוראסקי-כירורגית-כלי-דם,"מרכז רפואי ת""א סוראסקי",מרכז רפואי תא סוראסקי,,,כירורגית כלי דם,כירורגית כלי דם,,,,,notProvided,unknown,false,,,ichilov,acuteHospital,true,medium,safeForFullBatch,
master-dept-0477-מרכז-רפואי-תא-סוראסקי-נוירוכירורגיה,"מרכז רפואי ת""א סוראסקי",מרכז רפואי תא סוראסקי,,,נוירוכירורגיה,נוירוכירורגיה,,,,,notProvided,unknown,false,,,ichilov,acuteHospital,true,medium,safeForFullBatch,
master-dept-0478-מרכז-רפואי-תא-סוראסקי-אף-אוזן-גרון,"מרכז רפואי ת""א סוראסקי",מרכז רפואי תא סוראסקי,,,אף אוזן גרון,אף אוזן גרון,,,,,notProvided,unknown,false,,,ichilov,acuteHospital,true,medium,safeForFullBatch,
master-dept-0479-מרכז-רפואי-תא-סוראסקי-רפואת-עור,"מרכז רפואי ת""א סוראסקי",מרכז רפואי תא סוראסקי,,,רפואת עור,רפואת עור,,,,,notProvided,unknown,false,,,ichilov,acuteHospital,true,medium,safeForFullBatch,
master-dept-0480-מרכז-רפואי-תא-סוראסקי-פסיכיאטריה-של-הילד-והמתבגר,"מרכז רפואי ת""א סוראסקי",מרכז רפואי תא סוראסקי,,,פסיכיאטריה של הילד והמתבגר,פסיכיאטריה של הילד והמתבגר,,,,,notProvided,unknown,false,,,ichilov,acuteHospital,true,medium,safeForFullBatch,
master-dept-0481-מרכז-רפואי-תא-סוראסקי-כירורגיה-אורולוגית,"מרכז רפואי ת""א סוראסקי",מרכז רפואי תא סוראסקי,,,כירורגיה אורולוגית,כירורגיה אורולוגית,,,,,notProvided,unknown,false,,,ichilov,acuteHospital,true,medium,safeForFullBatch,
master-dept-0482-מרכז-רפואי-תא-סוראסקי-פסיכיאטריה,"מרכז רפואי ת""א סוראסקי",מרכז רפואי תא סוראסקי,,,פסיכיאטריה,פסיכיאטריה,,,,,notProvided,unknown,false,,,ichilov,acuteHospital,true,medium,safeForFullBatch,
master-dept-0483-מרכז-רפואי-תא-סוראסקי-מחלות-עיניים,"מרכז רפואי ת""א סוראסקי",מרכז רפואי תא סוראסקי,,,מחלות עיניים,מחלות עיניים,,,,,notProvided,unknown,false,,,ichilov,acuteHospital,true,medium,safeForFullBatch,
master-dept-0484-מרכז-רפואי-תא-סוראסקי-רפואה-גרעינית,"מרכז רפואי ת""א סוראסקי",מרכז רפואי תא סוראסקי,,,רפואה גרעינית,רפואה גרעינית,,,,,notProvided,unknown,false,,,ichilov,acuteHospital,true,medium,safeForFullBatch,
master-dept-0485-מרכז-רפואי-תא-סוראסקי-כירורגית-ילדים,"מרכז רפואי ת""א סוראסקי",מרכז רפואי תא סוראסקי,,,כירורגית ילדים,כירורגית ילדים,,,,,notProvided,unknown,false,,,ichilov,acuteHospital,true,medium,safeForFullBatch,
master-dept-0486-מרכז-רפואי-תא-סוראסקי-פתולוגיה,"מרכז רפואי ת""א סוראסקי",מרכז רפואי תא סוראסקי,,,פתולוגיה,פתולוגיה,,,,,notProvided,unknown,false,,,ichilov,acuteHospital,true,medium,safeForFullBatch,
master-dept-0487-מרכז-רפואי-תא-סוראסקי-כירורגיה-של-בית-החזה,"מרכז רפואי ת""א סוראסקי",מרכז רפואי תא סוראסקי,,,כירורגיה של בית החזה,כירורגיה של בית החזה,,,,,notProvided,unknown,false,,,ichilov,acuteHospital,true,medium,safeForFullBatch,
master-dept-0488-ביהח-בילינסון-מרכז-רפואי-רבין-רפואה-דחופה,"ביה""ח בילינסון מרכז רפואי רבין",ביהח בילינסון מרכז רפואי רבין,,,רפואה דחופה,רפואה דחופה,,,,,notProvided,unknown,false,,,clalit,acuteHospital,true,medium,supported,
master-dept-0489-ביהח-בילינסון-מרכז-רפואי-רבין-הרדמה,"ביה""ח בילינסון מרכז רפואי רבין",ביהח בילינסון מרכז רפואי רבין,,,הרדמה,הרדמה,,,,,notProvided,unknown,false,,,clalit,acuteHospital,true,medium,supported,
master-dept-0490-ביהח-בילינסון-מרכז-רפואי-רבין-רפואת-ילדים,"ביה""ח בילינסון מרכז רפואי רבין",ביהח בילינסון מרכז רפואי רבין,,,רפואת ילדים,רפואת ילדים,,,,,notProvided,unknown,false,,,clalit,acuteHospital,true,medium,supported,
master-dept-0491-ביהח-בילינסון-מרכז-רפואי-רבין-אורתופדיה,"ביה""ח בילינסון מרכז רפואי רבין",ביהח בילינסון מרכז רפואי רבין,,,אורתופדיה,אורתופדיה,,,,,notProvided,unknown,false,,,clalit,acuteHospital,true,medium,supported,
master-dept-0492-ביהח-בילינסון-מרכז-רפואי-רבין-פנימית,"ביה""ח בילינסון מרכז רפואי רבין",ביהח בילינסון מרכז רפואי רבין,,,פנימית,פנימית,,,,,notProvided,unknown,false,,,clalit,acuteHospital,true,medium,supported,
master-dept-0493-ביהח-בילינסון-מרכז-רפואי-רבין-קרדיולוגיה,"ביה""ח בילינסון מרכז רפואי רבין",ביהח בילינסון מרכז רפואי רבין,,,קרדיולוגיה,קרדיולוגיה,,,,,notProvided,unknown,false,,,clalit,acuteHospital,true,medium,supported,
master-dept-0494-ביהח-בילינסון-מרכז-רפואי-רבין-אונקולוגיה,"ביה""ח בילינסון מרכז רפואי רבין",ביהח בילינסון מרכז רפואי רבין,,,אונקולוגיה,אונקולוגיה,,,,,notProvided,unknown,false,,,clalit,acuteHospital,true,medium,supported,
master-dept-0495-ביהח-בילינסון-מרכז-רפואי-רבין-יילוד-וגינקולוגיה,"ביה""ח בילינסון מרכז רפואי רבין",ביהח בילינסון מרכז רפואי רבין,,,יילוד וגינקולוגיה,יילוד וגינקולוגיה,,,,,notProvided,unknown,false,,,clalit,acuteHospital,true,medium,supported,
master-dept-0496-ביהח-בילינסון-מרכז-רפואי-רבין-כירורגיה-כללית,"ביה""ח בילינסון מרכז רפואי רבין",ביהח בילינסון מרכז רפואי רבין,,,כירורגיה כללית,כירורגיה כללית,,,,,notProvided,unknown,false,,,clalit,acuteHospital,true,medium,supported,
master-dept-0497-ביהח-בילינסון-מרכז-רפואי-רבין-כירורגיה-פלסטית-ואסתטית,"ביה""ח בילינסון מרכז רפואי רבין",ביהח בילינסון מרכז רפואי רבין,,,כירורגיה פלסטית ואסתטית,כירורגיה פלסטית ואסתטית,,,,,notProvided,unknown,false,,,clalit,acuteHospital,true,medium,supported,
master-dept-0498-ביהח-בילינסון-מרכז-רפואי-רבין-רדיולוגיה-דימות-רבין,"ביה""ח בילינסון מרכז רפואי רבין",ביהח בילינסון מרכז רפואי רבין,רבין,רבין,רדיולוגיה (דימות),רדיולוגיה (דימות),,,,,notProvided,unknown,false,,,clalit,acuteHospital,true,medium,supported,
master-dept-0499-ביהח-בילינסון-מרכז-רפואי-רבין-נוירולוגיה,"ביה""ח בילינסון מרכז רפואי רבין",ביהח בילינסון מרכז רפואי רבין,,,נוירולוגיה,נוירולוגיה,,,,,notProvided,unknown,false,,,clalit,acuteHospital,true,medium,supported,
master-dept-0500-ביהח-בילינסון-מרכז-רפואי-רבין-כירורגית-כלי-דם,"ביה""ח בילינסון מרכז רפואי רבין",ביהח בילינסון מרכז רפואי רבין,,,כירורגית כלי דם,כירורגית כלי דם,,,,,notProvided,unknown,false,,,clalit,acuteHospital,true,medium,supported,
master-dept-0501-ביהח-בילינסון-מרכז-רפואי-רבין-נוירוכירורגיה,"ביה""ח בילינסון מרכז רפואי רבין",ביהח בילינסון מרכז רפואי רבין,,,נוירוכירורגיה,נוירוכירורגיה,,,,,notProvided,unknown,false,,,clalit,acuteHospital,true,medium,supported,
master-dept-0502-ביהח-בילינסון-מרכז-רפואי-רבין-אף-אוזן-גרון,"ביה""ח בילינסון מרכז רפואי רבין",ביהח בילינסון מרכז רפואי רבין,,,אף אוזן גרון,אף אוזן גרון,,,,,notProvided,unknown,false,,,clalit,acuteHospital,true,medium,supported,
master-dept-0503-ביהח-בילינסון-מרכז-רפואי-רבין-רפואת-עור,"ביה""ח בילינסון מרכז רפואי רבין",ביהח בילינסון מרכז רפואי רבין,,,רפואת עור,רפואת עור,,,,,notProvided,unknown,false,,,clalit,acuteHospital,true,medium,supported,
master-dept-0504-ביהח-בילינסון-מרכז-רפואי-רבין-פסיכיאטריה-של-הילד-והמתבגר,"ביה""ח בילינסון מרכז רפואי רבין",ביהח בילינסון מרכז רפואי רבין,,,פסיכיאטריה של הילד והמתבגר,פסיכיאטריה של הילד והמתבגר,,,,,notProvided,unknown,false,,,clalit,acuteHospital,true,medium,supported,
master-dept-0505-ביהח-בילינסון-מרכז-רפואי-רבין-כירורגיה-אורולוגית,"ביה""ח בילינסון מרכז רפואי רבין",ביהח בילינסון מרכז רפואי רבין,,,כירורגיה אורולוגית,כירורגיה אורולוגית,,,,,notProvided,unknown,false,,,clalit,acuteHospital,true,medium,supported,
master-dept-0506-ביהח-בילינסון-מרכז-רפואי-רבין-פסיכיאטריה,"ביה""ח בילינסון מרכז רפואי רבין",ביהח בילינסון מרכז רפואי רבין,,,פסיכיאטריה,פסיכיאטריה,,,,,notProvided,unknown,false,,,clalit,acuteHospital,true,medium,supported,
master-dept-0507-ביהח-בילינסון-מרכז-רפואי-רבין-מחלות-עיניים-רבין,"ביה""ח בילינסון מרכז רפואי רבין",ביהח בילינסון מרכז רפואי רבין,רבין,רבין,מחלות עיניים,מחלות עיניים,,,,,notProvided,unknown,false,,,clalit,acuteHospital,true,medium,supported,
master-dept-0508-ביהח-בילינסון-מרכז-רפואי-רבין-רפואה-גרעינית,"ביה""ח בילינסון מרכז רפואי רבין",ביהח בילינסון מרכז רפואי רבין,,,רפואה גרעינית,רפואה גרעינית,,,,,notProvided,unknown,false,,,clalit,acuteHospital,true,medium,supported,
master-dept-0509-ביהח-בילינסון-מרכז-רפואי-רבין-כירורגית-ילדים,"ביה""ח בילינסון מרכז רפואי רבין",ביהח בילינסון מרכז רפואי רבין,,,כירורגית ילדים,כירורגית ילדים,,,,,notProvided,unknown,false,,,clalit,acuteHospital,true,medium,supported,
master-dept-0510-ביהח-בילינסון-מרכז-רפואי-רבין-פתולוגיה-רבין,"ביה""ח בילינסון מרכז רפואי רבין",ביהח בילינסון מרכז רפואי רבין,רבין,רבין,פתולוגיה,פתולוגיה,,,,,notProvided,unknown,false,,,clalit,acuteHospital,true,medium,supported,
master-dept-0511-ביהח-בילינסון-מרכז-רפואי-רבין-כירורגיה-של-בית-החזה,"ביה""ח בילינסון מרכז רפואי רבין",ביהח בילינסון מרכז רפואי רבין,,,כירורגיה של בית החזה,כירורגיה של בית החזה,,,,,notProvided,unknown,false,,,clalit,acuteHospital,true,medium,supported,
master-dept-0512-מרכז-רפואי-שערי-צדק-רפואה-דחופה,מרכז רפואי שערי צדק,מרכז רפואי שערי צדק,,,רפואה דחופה,רפואה דחופה,,,,,notProvided,unknown,false,,,unknown,acuteHospital,true,medium,pending,
master-dept-0513-מרכז-רפואי-שערי-צדק-הרדמה,מרכז רפואי שערי צדק,מרכז רפואי שערי צדק,,,הרדמה,הרדמה,,,,,notProvided,unknown,false,,,unknown,acuteHospital,true,medium,pending,
master-dept-0514-מרכז-רפואי-שערי-צדק-רפואת-ילדים,מרכז רפואי שערי צדק,מרכז רפואי שערי צדק,,,רפואת ילדים,רפואת ילדים,,,,,notProvided,unknown,false,,,unknown,acuteHospital,true,medium,pending,
master-dept-0515-מרכז-רפואי-שערי-צדק-אורתופדיה,מרכז רפואי שערי צדק,מרכז רפואי שערי צדק,,,אורתופדיה,אורתופדיה,,,,,notProvided,unknown,false,,,unknown,acuteHospital,true,medium,pending,
master-dept-0516-מרכז-רפואי-שערי-צדק-פנימית-א,מרכז רפואי שערי צדק,מרכז רפואי שערי צדק,א,א,פנימית,פנימית,,,,,notProvided,unknown,false,,,unknown,acuteHospital,true,medium,pending,
master-dept-0517-מרכז-רפואי-שערי-צדק-פנימית-ב,מרכז רפואי שערי צדק,מרכז רפואי שערי צדק,ב,ב,פנימית,פנימית,,,,,notProvided,unknown,false,,,unknown,acuteHospital,true,medium,pending,
master-dept-0518-מרכז-רפואי-שערי-צדק-פנימית-ג,מרכז רפואי שערי צדק,מרכז רפואי שערי צדק,ג,ג,פנימית,פנימית,,,,,notProvided,unknown,false,,,unknown,acuteHospital,true,medium,pending,
master-dept-0519-מרכז-רפואי-שערי-צדק-פנימית-ד,מרכז רפואי שערי צדק,מרכז רפואי שערי צדק,ד,ד,פנימית,פנימית,,,,,notProvided,unknown,false,,,unknown,acuteHospital,true,medium,pending,
master-dept-0520-מרכז-רפואי-שערי-צדק-קרדיולוגיה,מרכז רפואי שערי צדק,מרכז רפואי שערי צדק,,,קרדיולוגיה,קרדיולוגיה,,,,,notProvided,unknown,false,,,unknown,acuteHospital,true,medium,pending,
master-dept-0521-מרכז-רפואי-שערי-צדק-אונקולוגיה,מרכז רפואי שערי צדק,מרכז רפואי שערי צדק,,,אונקולוגיה,אונקולוגיה,,,,,notProvided,unknown,false,,,unknown,acuteHospital,true,medium,pending,
master-dept-0522-מרכז-רפואי-שערי-צדק-יילוד-וגינקולוגיה,מרכז רפואי שערי צדק,מרכז רפואי שערי צדק,,,יילוד וגינקולוגיה,יילוד וגינקולוגיה,,,,,notProvided,unknown,false,,,unknown,acuteHospital,true,medium,pending,
master-dept-0523-מרכז-רפואי-שערי-צדק-כירורגיה-כללית,מרכז רפואי שערי צדק,מרכז רפואי שערי צדק,,,כירורגיה כללית,כירורגיה כללית,,,,,notProvided,unknown,false,,,unknown,acuteHospital,true,medium,pending,
master-dept-0524-מרכז-רפואי-שערי-צדק-כירורגיה-פלסטית-ואסתטית,מרכז רפואי שערי צדק,מרכז רפואי שערי צדק,,,כירורגיה פלסטית ואסתטית,כירורגיה פלסטית ואסתטית,,,,,notProvided,unknown,false,,,unknown,acuteHospital,true,medium,pending,
master-dept-0525-מרכז-רפואי-שערי-צדק-רדיולוגיה-דימות,מרכז רפואי שערי צדק,מרכז רפואי שערי צדק,,,רדיולוגיה (דימות),רדיולוגיה (דימות),,,,,notProvided,unknown,false,,,unknown,acuteHospital,true,medium,pending,
master-dept-0526-מרכז-רפואי-שערי-צדק-נוירולוגיה,מרכז רפואי שערי צדק,מרכז רפואי שערי צדק,,,נוירולוגיה,נוירולוגיה,,,,,notProvided,unknown,false,,,unknown,acuteHospital,true,medium,pending,
master-dept-0527-מרכז-רפואי-שערי-צדק-כירורגית-כלי-דם,מרכז רפואי שערי צדק,מרכז רפואי שערי צדק,,,כירורגית כלי דם,כירורגית כלי דם,,,,,notProvided,unknown,false,,,unknown,acuteHospital,true,medium,pending,
master-dept-0528-מרכז-רפואי-שערי-צדק-נוירוכירורגיה,מרכז רפואי שערי צדק,מרכז רפואי שערי צדק,,,נוירוכירורגיה,נוירוכירורגיה,,,,,notProvided,unknown,false,,,unknown,acuteHospital,true,medium,pending,
master-dept-0529-מרכז-רפואי-שערי-צדק-אף-אוזן-גרון,מרכז רפואי שערי צדק,מרכז רפואי שערי צדק,,,אף אוזן גרון,אף אוזן גרון,,,,,notProvided,unknown,false,,,unknown,acuteHospital,true,medium,pending,
master-dept-0530-מרכז-רפואי-שערי-צדק-רפואת-עור,מרכז רפואי שערי צדק,מרכז רפואי שערי צדק,,,רפואת עור,רפואת עור,,,,,notProvided,unknown,false,,,unknown,acuteHospital,true,medium,pending,
master-dept-0531-מרכז-רפואי-שערי-צדק-פסיכיאטריה-של-הילד-והמתבגר,מרכז רפואי שערי צדק,מרכז רפואי שערי צדק,,,פסיכיאטריה של הילד והמתבגר,פסיכיאטריה של הילד והמתבגר,,,,,notProvided,unknown,false,,,unknown,acuteHospital,true,medium,pending,
master-dept-0532-מרכז-רפואי-שערי-צדק-כירורגיה-אורולוגית,מרכז רפואי שערי צדק,מרכז רפואי שערי צדק,,,כירורגיה אורולוגית,כירורגיה אורולוגית,,,,,notProvided,unknown,false,,,unknown,acuteHospital,true,medium,pending,
master-dept-0533-מרכז-רפואי-שערי-צדק-פסיכיאטריה,מרכז רפואי שערי צדק,מרכז רפואי שערי צדק,,,פסיכיאטריה,פסיכיאטריה,,,,,notProvided,unknown,false,,,unknown,acuteHospital,true,medium,pending,
master-dept-0534-מרכז-רפואי-שערי-צדק-מחלות-עיניים,מרכז רפואי שערי צדק,מרכז רפואי שערי צדק,,,מחלות עיניים,מחלות עיניים,,,,,notProvided,unknown,false,,,unknown,acuteHospital,true,medium,pending,
master-dept-0535-מרכז-רפואי-שערי-צדק-רפואה-גרעינית,מרכז רפואי שערי צדק,מרכז רפואי שערי צדק,,,רפואה גרעינית,רפואה גרעינית,,,,,notProvided,unknown,false,,,unknown,acuteHospital,true,medium,pending,
master-dept-0536-מרכז-רפואי-שערי-צדק-כירורגית-ילדים,מרכז רפואי שערי צדק,מרכז רפואי שערי צדק,,,כירורגית ילדים,כירורגית ילדים,,,,,notProvided,unknown,false,,,unknown,acuteHospital,true,medium,pending,
master-dept-0537-מרכז-רפואי-שערי-צדק-פתולוגיה,מרכז רפואי שערי צדק,מרכז רפואי שערי צדק,,,פתולוגיה,פתולוגיה,,,,,notProvided,unknown,false,,,unknown,acuteHospital,true,medium,pending,
master-dept-0538-מרכז-רפואי-שערי-צדק-כירורגיה-של-בית-החזה,מרכז רפואי שערי צדק,מרכז רפואי שערי צדק,,,כירורגיה של בית החזה,כירורגיה של בית החזה,,,,,notProvided,unknown,false,,,unknown,acuteHospital,true,medium,pending,
master-dept-0539-מרכז-רפואי-שיבא-רפואה-דחופה,מרכז רפואי שיבא,מרכז רפואי שיבא,,,רפואה דחופה,רפואה דחופה,,,,,notProvided,unknown,false,,,sheba,acuteHospital,true,medium,deferred,hard JS/API/502 case; deferred after national coverage
master-dept-0540-מרכז-רפואי-שיבא-הרדמה,מרכז רפואי שיבא,מרכז רפואי שיבא,,,הרדמה,הרדמה,,,,,notProvided,unknown,false,,,sheba,acuteHospital,true,medium,deferred,hard JS/API/502 case; deferred after national coverage
master-dept-0541-מרכז-רפואי-שיבא-רפואת-ילדים-א,מרכז רפואי שיבא,מרכז רפואי שיבא,א,א,רפואת ילדים,רפואת ילדים,,,,,notProvided,unknown,false,,,sheba,acuteHospital,true,medium,deferred,hard JS/API/502 case; deferred after national coverage
master-dept-0542-מרכז-רפואי-שיבא-רפואת-ילדים-ב,מרכז רפואי שיבא,מרכז רפואי שיבא,ב,ב,רפואת ילדים,רפואת ילדים,,,,,notProvided,unknown,false,,,sheba,acuteHospital,true,medium,deferred,hard JS/API/502 case; deferred after national coverage
master-dept-0543-מרכז-רפואי-שיבא-אורתופדיה,מרכז רפואי שיבא,מרכז רפואי שיבא,,,אורתופדיה,אורתופדיה,,,,,notProvided,unknown,false,,,sheba,acuteHospital,true,medium,deferred,hard JS/API/502 case; deferred after national coverage
master-dept-0544-מרכז-רפואי-שיבא-פנימית-א,מרכז רפואי שיבא,מרכז רפואי שיבא,א,א,פנימית,פנימית,,,,,notProvided,unknown,false,,,sheba,acuteHospital,true,medium,deferred,hard JS/API/502 case; deferred after national coverage
master-dept-0545-מרכז-רפואי-שיבא-פנימית-ב,מרכז רפואי שיבא,מרכז רפואי שיבא,ב,ב,פנימית,פנימית,,,,,notProvided,unknown,false,,,sheba,acuteHospital,true,medium,deferred,hard JS/API/502 case; deferred after national coverage
master-dept-0546-מרכז-רפואי-שיבא-פנימית-ג,מרכז רפואי שיבא,מרכז רפואי שיבא,ג,ג,פנימית,פנימית,,,,,notProvided,unknown,false,,,sheba,acuteHospital,true,medium,deferred,hard JS/API/502 case; deferred after national coverage
master-dept-0547-מרכז-רפואי-שיבא-פנימית-ד,מרכז רפואי שיבא,מרכז רפואי שיבא,ד,ד,פנימית,פנימית,,,,,notProvided,unknown,false,,,sheba,acuteHospital,true,medium,deferred,hard JS/API/502 case; deferred after national coverage
master-dept-0548-מרכז-רפואי-שיבא-גריאטריה-א,מרכז רפואי שיבא,מרכז רפואי שיבא,א,א,גריאטריה,גריאטריה,,,,,notProvided,unknown,false,,,sheba,acuteHospital,true,medium,deferred,hard JS/API/502 case; deferred after national coverage
master-dept-0549-מרכז-רפואי-שיבא-גריאטריה-ב,מרכז רפואי שיבא,מרכז רפואי שיבא,ב,ב,גריאטריה,גריאטריה,,,,,notProvided,unknown,false,,,sheba,acuteHospital,true,medium,deferred,hard JS/API/502 case; deferred after national coverage
master-dept-0550-מרכז-רפואי-שיבא-גריאטריה-ג,מרכז רפואי שיבא,מרכז רפואי שיבא,ג,ג,גריאטריה,גריאטריה,,,,,notProvided,unknown,false,,,sheba,acuteHospital,true,medium,deferred,hard JS/API/502 case; deferred after national coverage
master-dept-0551-מרכז-רפואי-שיבא-גריאטריה-ד,מרכז רפואי שיבא,מרכז רפואי שיבא,ד,ד,גריאטריה,גריאטריה,,,,,notProvided,unknown,false,,,sheba,acuteHospital,true,medium,deferred,hard JS/API/502 case; deferred after national coverage
master-dept-0552-מרכז-רפואי-שיבא-פנימית-ה,מרכז רפואי שיבא,מרכז רפואי שיבא,ה,ה,פנימית,פנימית,,,,,notProvided,unknown,false,,,sheba,acuteHospital,true,medium,deferred,hard JS/API/502 case; deferred after national coverage
master-dept-0553-מרכז-רפואי-שיבא-פנימית-ו,מרכז רפואי שיבא,מרכז רפואי שיבא,ו,ו,פנימית,פנימית,,,,,notProvided,unknown,false,,,sheba,acuteHospital,true,medium,deferred,hard JS/API/502 case; deferred after national coverage
master-dept-0554-מרכז-רפואי-שיבא-פנימית-ט,מרכז רפואי שיבא,מרכז רפואי שיבא,ט,ט,פנימית,פנימית,,,,,notProvided,unknown,false,,,sheba,acuteHospital,true,medium,deferred,hard JS/API/502 case; deferred after national coverage
master-dept-0555-מרכז-רפואי-שיבא-קרדיולוגיה,מרכז רפואי שיבא,מרכז רפואי שיבא,,,קרדיולוגיה,קרדיולוגיה,,,,,notProvided,unknown,false,,,sheba,acuteHospital,true,medium,deferred,hard JS/API/502 case; deferred after national coverage
master-dept-0556-מרכז-רפואי-שיבא-אונקולוגיה,מרכז רפואי שיבא,מרכז רפואי שיבא,,,אונקולוגיה,אונקולוגיה,,,,,notProvided,unknown,false,,,sheba,acuteHospital,true,medium,deferred,hard JS/API/502 case; deferred after national coverage
master-dept-0557-מרכז-רפואי-שיבא-יילוד-וגינקולוגיה,מרכז רפואי שיבא,מרכז רפואי שיבא,,,יילוד וגינקולוגיה,יילוד וגינקולוגיה,,,,,notProvided,unknown,false,,,sheba,acuteHospital,true,medium,deferred,hard JS/API/502 case; deferred after national coverage
master-dept-0558-מרכז-רפואי-שיבא-כירורגיה-כללית,מרכז רפואי שיבא,מרכז רפואי שיבא,,,כירורגיה כללית,כירורגיה כללית,,,,,notProvided,unknown,false,,,sheba,acuteHospital,true,medium,deferred,hard JS/API/502 case; deferred after national coverage
master-dept-0559-מרכז-רפואי-שיבא-כירורגיה-פלסטית-ואסתטית,מרכז רפואי שיבא,מרכז רפואי שיבא,,,כירורגיה פלסטית ואסתטית,כירורגיה פלסטית ואסתטית,,,,,notProvided,unknown,false,,,sheba,acuteHospital,true,medium,deferred,hard JS/API/502 case; deferred after national coverage
master-dept-0560-מרכז-רפואי-שיבא-רדיולוגיה-דימות,מרכז רפואי שיבא,מרכז רפואי שיבא,,,רדיולוגיה (דימות),רדיולוגיה (דימות),,,,,notProvided,unknown,false,,,sheba,acuteHospital,true,medium,deferred,hard JS/API/502 case; deferred after national coverage
master-dept-0561-מרכז-רפואי-שיבא-נוירולוגיה,מרכז רפואי שיבא,מרכז רפואי שיבא,,,נוירולוגיה,נוירולוגיה,,,,,notProvided,unknown,false,,,sheba,acuteHospital,true,medium,deferred,hard JS/API/502 case; deferred after national coverage
master-dept-0562-מרכז-רפואי-שיבא-כירורגית-כלי-דם,מרכז רפואי שיבא,מרכז רפואי שיבא,,,כירורגית כלי דם,כירורגית כלי דם,,,,,notProvided,unknown,false,,,sheba,acuteHospital,true,medium,deferred,hard JS/API/502 case; deferred after national coverage
master-dept-0563-מרכז-רפואי-שיבא-נוירוכירורגיה,מרכז רפואי שיבא,מרכז רפואי שיבא,,,נוירוכירורגיה,נוירוכירורגיה,,,,,notProvided,unknown,false,,,sheba,acuteHospital,true,medium,deferred,hard JS/API/502 case; deferred after national coverage
master-dept-0564-מרכז-רפואי-שיבא-אף-אוזן-גרון,מרכז רפואי שיבא,מרכז רפואי שיבא,,,אף אוזן גרון,אף אוזן גרון,,,,,notProvided,unknown,false,,,sheba,acuteHospital,true,medium,deferred,hard JS/API/502 case; deferred after national coverage
master-dept-0565-מרכז-רפואי-שיבא-רפואת-עור,מרכז רפואי שיבא,מרכז רפואי שיבא,,,רפואת עור,רפואת עור,,,,,notProvided,unknown,false,,,sheba,acuteHospital,true,medium,deferred,hard JS/API/502 case; deferred after national coverage
master-dept-0566-מרכז-רפואי-שיבא-פסיכיאטריה-של-הילד-והמתבגר-ג,מרכז רפואי שיבא,מרכז רפואי שיבא,ג,ג,פסיכיאטריה של הילד והמתבגר,פסיכיאטריה של הילד והמתבגר,,,,,notProvided,unknown,false,,,sheba,acuteHospital,true,medium,deferred,hard JS/API/502 case; deferred after national coverage
master-dept-0567-מרכז-רפואי-שיבא-פסיכיאטריה-של-הילד-והמתבגר-ד,מרכז רפואי שיבא,מרכז רפואי שיבא,ד,ד,פסיכיאטריה של הילד והמתבגר,פסיכיאטריה של הילד והמתבגר,,,,,notProvided,unknown,false,,,sheba,acuteHospital,true,medium,deferred,hard JS/API/502 case; deferred after national coverage
master-dept-0568-מרכז-רפואי-שיבא-כירורגיה-אורולוגית,מרכז רפואי שיבא,מרכז רפואי שיבא,,,כירורגיה אורולוגית,כירורגיה אורולוגית,,,,,notProvided,unknown,false,,,sheba,acuteHospital,true,medium,deferred,hard JS/API/502 case; deferred after national coverage
master-dept-0569-מרכז-רפואי-שיבא-פסיכיאטריה-א,מרכז רפואי שיבא,מרכז רפואי שיבא,א,א,פסיכיאטריה,פסיכיאטריה,,,,,notProvided,unknown,false,,,sheba,acuteHospital,true,medium,deferred,hard JS/API/502 case; deferred after national coverage
master-dept-0570-מרכז-רפואי-שיבא-פסיכיאטריה-ב,מרכז רפואי שיבא,מרכז רפואי שיבא,ב,ב,פסיכיאטריה,פסיכיאטריה,,,,,notProvided,unknown,false,,,sheba,acuteHospital,true,medium,deferred,hard JS/API/502 case; deferred after national coverage
master-dept-0571-מרכז-רפואי-שיבא-פסיכיאטריה-ג,מרכז רפואי שיבא,מרכז רפואי שיבא,ג,ג,פסיכיאטריה,פסיכיאטריה,,,,,notProvided,unknown,false,,,sheba,acuteHospital,true,medium,deferred,hard JS/API/502 case; deferred after national coverage
master-dept-0572-מרכז-רפואי-שיבא-מחלות-עיניים,מרכז רפואי שיבא,מרכז רפואי שיבא,,,מחלות עיניים,מחלות עיניים,,,,,notProvided,unknown,false,,,sheba,acuteHospital,true,medium,deferred,hard JS/API/502 case; deferred after national coverage
master-dept-0573-מרכז-רפואי-שיבא-רפואה-גרעינית,מרכז רפואי שיבא,מרכז רפואי שיבא,,,רפואה גרעינית,רפואה גרעינית,,,https://www.sheba.co.il/imaging/clinics/nuclear-medicine-institute,https://www.sheba.co.il/imaging/clinics/nuclear-medicine-institute,pending,departmentPage,true,,,sheba,acuteHospital,true,high,deferred,hard JS/API/502 case; deferred after national coverage
master-dept-0574-מרכז-רפואי-שיבא-כירורגית-ילדים,מרכז רפואי שיבא,מרכז רפואי שיבא,,,כירורגית ילדים,כירורגית ילדים,,,https://www.sheba.co.il/pediatrics/departments/surgery-department,https://www.sheba.co.il/pediatrics/departments/surgery-department,pending,departmentPage,true,,,sheba,acuteHospital,true,high,deferred,hard JS/API/502 case; deferred after national coverage
master-dept-0575-מרכז-רפואי-שיבא-פתולוגיה,מרכז רפואי שיבא,מרכז רפואי שיבא,,,פתולוגיה,פתולוגיה,,,https://www.sheba.co.il/general/labs/pathology-institute,https://www.sheba.co.il/general/labs/pathology-institute,pending,unknown,true,,,sheba,acuteHospital,true,high,deferred,hard JS/API/502 case; deferred after national coverage
master-dept-0576-מרכז-רפואי-שיבא-כירורגיה-של-בית-החזה,מרכז רפואי שיבא,מרכז רפואי שיבא,,,כירורגיה של בית החזה,כירורגיה של בית החזה,,,,,notProvided,unknown,false,,,sheba,acuteHospital,true,medium,deferred,hard JS/API/502 case; deferred after national coverage
master-dept-0577-מרכז-רפואי-סורוקה-רפואה-דחופה,מרכז רפואי סורוקה,מרכז רפואי סורוקה,,,רפואה דחופה,רפואה דחופה,,,,,notProvided,unknown,false,,,clalit,acuteHospital,true,medium,supported,
master-dept-0578-מרכז-רפואי-סורוקה-הרדמה,מרכז רפואי סורוקה,מרכז רפואי סורוקה,,,הרדמה,הרדמה,,,,,notProvided,unknown,false,,,clalit,acuteHospital,true,medium,supported,
master-dept-0579-מרכז-רפואי-סורוקה-רפואת-ילדים-א,מרכז רפואי סורוקה,מרכז רפואי סורוקה,א,א,רפואת ילדים,רפואת ילדים,,,,,notProvided,unknown,false,,,clalit,acuteHospital,true,medium,supported,
master-dept-0580-מרכז-רפואי-סורוקה-רפואת-ילדים-ב,מרכז רפואי סורוקה,מרכז רפואי סורוקה,ב,ב,רפואת ילדים,רפואת ילדים,,,,,notProvided,unknown,false,,,clalit,acuteHospital,true,medium,supported,
master-dept-0581-מרכז-רפואי-סורוקה-רפואת-ילדים-ג,מרכז רפואי סורוקה,מרכז רפואי סורוקה,ג,ג,רפואת ילדים,רפואת ילדים,,,,,notProvided,unknown,false,,,clalit,acuteHospital,true,medium,supported,
master-dept-0582-מרכז-רפואי-סורוקה-רפואת-ילדים-ד,מרכז רפואי סורוקה,מרכז רפואי סורוקה,ד,ד,רפואת ילדים,רפואת ילדים,,,,,notProvided,unknown,false,,,clalit,acuteHospital,true,medium,supported,
master-dept-0583-מרכז-רפואי-סורוקה-אורתופדיה,מרכז רפואי סורוקה,מרכז רפואי סורוקה,,,אורתופדיה,אורתופדיה,,,,,notProvided,unknown,false,,,clalit,acuteHospital,true,medium,supported,
master-dept-0584-מרכז-רפואי-סורוקה-פנימית-א,מרכז רפואי סורוקה,מרכז רפואי סורוקה,א,א,פנימית,פנימית,,,,,notProvided,unknown,false,,,clalit,acuteHospital,true,medium,supported,
master-dept-0585-מרכז-רפואי-סורוקה-פנימית-ב,מרכז רפואי סורוקה,מרכז רפואי סורוקה,ב,ב,פנימית,פנימית,,,,,notProvided,unknown,false,,,clalit,acuteHospital,true,medium,supported,
master-dept-0586-מרכז-רפואי-סורוקה-פנימית-ג,מרכז רפואי סורוקה,מרכז רפואי סורוקה,ג,ג,פנימית,פנימית,,,,,notProvided,unknown,false,,,clalit,acuteHospital,true,medium,supported,
master-dept-0587-מרכז-רפואי-סורוקה-פנימית-ד,מרכז רפואי סורוקה,מרכז רפואי סורוקה,ד,ד,פנימית,פנימית,,,,,notProvided,unknown,false,,,clalit,acuteHospital,true,medium,supported,
master-dept-0588-מרכז-רפואי-סורוקה-פנימית-ה,מרכז רפואי סורוקה,מרכז רפואי סורוקה,ה,ה,פנימית,פנימית,,,,,notProvided,unknown,false,,,clalit,acuteHospital,true,medium,supported,
master-dept-0589-מרכז-רפואי-סורוקה-פנימית-ו,מרכז רפואי סורוקה,מרכז רפואי סורוקה,ו,ו,פנימית,פנימית,,,,,notProvided,unknown,false,,,clalit,acuteHospital,true,medium,supported,
master-dept-0590-מרכז-רפואי-סורוקה-פנימית-ח,מרכז רפואי סורוקה,מרכז רפואי סורוקה,ח,ח,פנימית,פנימית,,,,,notProvided,unknown,false,,,clalit,acuteHospital,true,medium,supported,
master-dept-0591-מרכז-רפואי-סורוקה-קרדיולוגיה,מרכז רפואי סורוקה,מרכז רפואי סורוקה,,,קרדיולוגיה,קרדיולוגיה,,,,,notProvided,unknown,false,,,clalit,acuteHospital,true,medium,supported,
master-dept-0592-מרכז-רפואי-סורוקה-אונקולוגיה,מרכז רפואי סורוקה,מרכז רפואי סורוקה,,,אונקולוגיה,אונקולוגיה,,,,,notProvided,unknown,false,,,clalit,acuteHospital,true,medium,supported,
master-dept-0593-מרכז-רפואי-סורוקה-יילוד-וגינקולוגיה,מרכז רפואי סורוקה,מרכז רפואי סורוקה,,,יילוד וגינקולוגיה,יילוד וגינקולוגיה,,,,,notProvided,unknown,false,,,clalit,acuteHospital,true,medium,supported,
master-dept-0594-מרכז-רפואי-סורוקה-כירורגיה-כללית-א,מרכז רפואי סורוקה,מרכז רפואי סורוקה,א,א,כירורגיה כללית,כירורגיה כללית,,,,,notProvided,unknown,false,,,clalit,acuteHospital,true,medium,supported,
master-dept-0595-מרכז-רפואי-סורוקה-כירורגיה-כללית-ב,מרכז רפואי סורוקה,מרכז רפואי סורוקה,ב,ב,כירורגיה כללית,כירורגיה כללית,,,,,notProvided,unknown,false,,,clalit,acuteHospital,true,medium,supported,
master-dept-0596-מרכז-רפואי-סורוקה-כירורגיה-פלסטית-ואסתטית,מרכז רפואי סורוקה,מרכז רפואי סורוקה,,,כירורגיה פלסטית ואסתטית,כירורגיה פלסטית ואסתטית,,,,,notProvided,unknown,false,,,clalit,acuteHospital,true,medium,supported,
master-dept-0597-מרכז-רפואי-סורוקה-רדיולוגיה-דימות,מרכז רפואי סורוקה,מרכז רפואי סורוקה,,,רדיולוגיה (דימות),רדיולוגיה (דימות),,,,,notProvided,unknown,false,,,clalit,acuteHospital,true,medium,supported,
master-dept-0598-מרכז-רפואי-סורוקה-נוירולוגיה,מרכז רפואי סורוקה,מרכז רפואי סורוקה,,,נוירולוגיה,נוירולוגיה,,,,,notProvided,unknown,false,,,clalit,acuteHospital,true,medium,supported,
master-dept-0599-מרכז-רפואי-סורוקה-כירורגית-כלי-דם,מרכז רפואי סורוקה,מרכז רפואי סורוקה,,,כירורגית כלי דם,כירורגית כלי דם,,,,,notProvided,unknown,false,,,clalit,acuteHospital,true,medium,supported,
master-dept-0600-מרכז-רפואי-סורוקה-נוירוכירורגיה,מרכז רפואי סורוקה,מרכז רפואי סורוקה,,,נוירוכירורגיה,נוירוכירורגיה,,,,,notProvided,unknown,false,,,clalit,acuteHospital,true,medium,supported,
master-dept-0601-מרכז-רפואי-סורוקה-אף-אוזן-גרון,מרכז רפואי סורוקה,מרכז רפואי סורוקה,,,אף אוזן גרון,אף אוזן גרון,,,,,notProvided,unknown,false,,,clalit,acuteHospital,true,medium,supported,
master-dept-0602-מרכז-רפואי-סורוקה-רפואת-עור,מרכז רפואי סורוקה,מרכז רפואי סורוקה,,,רפואת עור,רפואת עור,,,,,notProvided,unknown,false,,,clalit,acuteHospital,true,medium,supported,
master-dept-0603-מרכז-רפואי-סורוקה-פסיכיאטריה-של-הילד-והמתבגר,מרכז רפואי סורוקה,מרכז רפואי סורוקה,,,פסיכיאטריה של הילד והמתבגר,פסיכיאטריה של הילד והמתבגר,,,https://hospitals.clalit.co.il/soroka/he/med-units/psychiatry/Pages/psyc-ped.aspx,https://hospitals.clalit.co.il/soroka/he/med-units/psychiatry/Pages/psyc-ped.aspx,pending,unitPage,true,,,clalit,acuteHospital,true,high,supported,
master-dept-0604-מרכז-רפואי-סורוקה-כירורגיה-אורולוגית,מרכז רפואי סורוקה,מרכז רפואי סורוקה,,,כירורגיה אורולוגית,כירורגיה אורולוגית,,,https://hospitals.clalit.co.il/soroka/he/med-units/surgery-division/pages/urology.aspx,https://hospitals.clalit.co.il/soroka/he/med-units/surgery-division/pages/urology.aspx,pending,arrayPage,true,,,clalit,acuteHospital,true,high,supported,
master-dept-0605-מרכז-רפואי-סורוקה-פסיכיאטריה,מרכז רפואי סורוקה,מרכז רפואי סורוקה,,,פסיכיאטריה,פסיכיאטריה,,,,,notProvided,unknown,false,,,clalit,acuteHospital,true,medium,supported,
master-dept-0606-מרכז-רפואי-סורוקה-מחלות-עיניים,מרכז רפואי סורוקה,מרכז רפואי סורוקה,,,מחלות עיניים,מחלות עיניים,,,,,notProvided,unknown,false,,,clalit,acuteHospital,true,medium,supported,
master-dept-0607-מרכז-רפואי-סורוקה-רפואה-גרעינית,מרכז רפואי סורוקה,מרכז רפואי סורוקה,,,רפואה גרעינית,רפואה גרעינית,,,https://hospitals.clalit.co.il/soroka/he/med-units/Pages/isotop-pet-ct.aspx,https://hospitals.clalit.co.il/soroka/he/med-units/Pages/isotop-pet-ct.aspx,pending,unitPage,true,,,clalit,acuteHospital,true,high,supported,
master-dept-0608-מרכז-רפואי-סורוקה-כירורגית-ילדים,מרכז רפואי סורוקה,מרכז רפואי סורוקה,,,כירורגית ילדים,כירורגית ילדים,,,,,notProvided,unknown,false,,,clalit,acuteHospital,true,medium,supported,
master-dept-0609-מרכז-רפואי-סורוקה-פתולוגיה,מרכז רפואי סורוקה,מרכז רפואי סורוקה,,,פתולוגיה,פתולוגיה,,,,,notProvided,unknown,false,,,clalit,acuteHospital,true,medium,supported,
master-dept-0610-מרכז-רפואי-סורוקה-כירורגיה-של-בית-החזה,מרכז רפואי סורוקה,מרכז רפואי סורוקה,,,כירורגיה של בית החזה,כירורגיה של בית החזה,,,,,notProvided,unknown,false,,,clalit,acuteHospital,true,medium,supported,
master-dept-0611-מרכז-רפואי-רבין-רפואה-דחופה,מרכז רפואי רבין,מרכז רפואי רבין,,,רפואה דחופה,רפואה דחופה,,,,,notProvided,unknown,false,,,clalit,acuteHospital,true,medium,supported,
master-dept-0612-מרכז-רפואי-רבין-הרדמה,מרכז רפואי רבין,מרכז רפואי רבין,,,הרדמה,הרדמה,,,,,notProvided,unknown,false,,,clalit,acuteHospital,true,medium,supported,
master-dept-0613-מרכז-רפואי-רבין-רפואת-ילדים,מרכז רפואי רבין,מרכז רפואי רבין,,,רפואת ילדים,רפואת ילדים,,,,,notProvided,unknown,false,,,clalit,acuteHospital,true,medium,supported,
master-dept-0614-מרכז-רפואי-רבין-אורתופדיה,מרכז רפואי רבין,מרכז רפואי רבין,,,אורתופדיה,אורתופדיה,,,,,notProvided,unknown,false,,,clalit,acuteHospital,true,medium,supported,
master-dept-0615-מרכז-רפואי-רבין-פנימית,מרכז רפואי רבין,מרכז רפואי רבין,,,פנימית,פנימית,,,,,notProvided,unknown,false,,,clalit,acuteHospital,true,medium,supported,
master-dept-0616-מרכז-רפואי-רבין-קרדיולוגיה,מרכז רפואי רבין,מרכז רפואי רבין,,,קרדיולוגיה,קרדיולוגיה,,,,,notProvided,unknown,false,,,clalit,acuteHospital,true,medium,supported,
master-dept-0617-מרכז-רפואי-רבין-אונקולוגיה,מרכז רפואי רבין,מרכז רפואי רבין,,,אונקולוגיה,אונקולוגיה,,,,,notProvided,unknown,false,,,clalit,acuteHospital,true,medium,supported,
master-dept-0618-מרכז-רפואי-רבין-יילוד-וגינקולוגיה,מרכז רפואי רבין,מרכז רפואי רבין,,,יילוד וגינקולוגיה,יילוד וגינקולוגיה,,,,,notProvided,unknown,false,,,clalit,acuteHospital,true,medium,supported,
master-dept-0619-מרכז-רפואי-רבין-כירורגיה-כללית,מרכז רפואי רבין,מרכז רפואי רבין,,,כירורגיה כללית,כירורגיה כללית,,,,,notProvided,unknown,false,,,clalit,acuteHospital,true,medium,supported,
master-dept-0620-מרכז-רפואי-רבין-כירורגיה-פלסטית-ואסתטית,מרכז רפואי רבין,מרכז רפואי רבין,,,כירורגיה פלסטית ואסתטית,כירורגיה פלסטית ואסתטית,,,,,notProvided,unknown,false,,,clalit,acuteHospital,true,medium,supported,
master-dept-0621-מרכז-רפואי-רבין-רדיולוגיה-דימות,מרכז רפואי רבין,מרכז רפואי רבין,,,רדיולוגיה (דימות),רדיולוגיה (דימות),,,https://hospitals.clalit.co.il/rabin/he/departments-and-clinics/imaging/Pages/imaging_beilinson.aspx,https://hospitals.clalit.co.il/rabin/he/departments-and-clinics/imaging/Pages/imaging_beilinson.aspx,pending,departmentPage,true,,,clalit,acuteHospital,true,high,supported,
master-dept-0622-מרכז-רפואי-רבין-נוירולוגיה,מרכז רפואי רבין,מרכז רפואי רבין,,,נוירולוגיה,נוירולוגיה,,,,,notProvided,unknown,false,,,clalit,acuteHospital,true,medium,supported,
master-dept-0623-מרכז-רפואי-רבין-כירורגית-כלי-דם,מרכז רפואי רבין,מרכז רפואי רבין,,,כירורגית כלי דם,כירורגית כלי דם,,,,,notProvided,unknown,false,,,clalit,acuteHospital,true,medium,supported,
master-dept-0624-מרכז-רפואי-רבין-נוירוכירורגיה,מרכז רפואי רבין,מרכז רפואי רבין,,,נוירוכירורגיה,נוירוכירורגיה,,,,,notProvided,unknown,false,,,clalit,acuteHospital,true,medium,supported,
master-dept-0625-מרכז-רפואי-רבין-אף-אוזן-גרון,מרכז רפואי רבין,מרכז רפואי רבין,,,אף אוזן גרון,אף אוזן גרון,,,,,notProvided,unknown,false,,,clalit,acuteHospital,true,medium,supported,
master-dept-0626-מרכז-רפואי-רבין-רפואת-עור,מרכז רפואי רבין,מרכז רפואי רבין,,,רפואת עור,רפואת עור,,,,,notProvided,unknown,false,,,clalit,acuteHospital,true,medium,supported,
master-dept-0627-מרכז-רפואי-רבין-פסיכיאטריה-של-הילד-והמתבגר,מרכז רפואי רבין,מרכז רפואי רבין,,,פסיכיאטריה של הילד והמתבגר,פסיכיאטריה של הילד והמתבגר,,,,,notProvided,unknown,false,,,clalit,acuteHospital,true,medium,supported,
master-dept-0628-מרכז-רפואי-רבין-כירורגיה-אורולוגית,מרכז רפואי רבין,מרכז רפואי רבין,,,כירורגיה אורולוגית,כירורגיה אורולוגית,,,https://hospitals.clalit.co.il/rabin/he/departments-and-clinics/urology/Pages/urology.aspx,https://hospitals.clalit.co.il/rabin/he/departments-and-clinics/urology/Pages/urology.aspx,pending,departmentPage,true,,,clalit,acuteHospital,true,high,supported,
master-dept-0629-מרכז-רפואי-רבין-פסיכיאטריה,מרכז רפואי רבין,מרכז רפואי רבין,,,פסיכיאטריה,פסיכיאטריה,,,,,notProvided,unknown,false,,,clalit,acuteHospital,true,medium,supported,
master-dept-0630-מרכז-רפואי-רבין-מחלות-עיניים,מרכז רפואי רבין,מרכז רפואי רבין,,,מחלות עיניים,מחלות עיניים,,,https://hospitals.clalit.co.il/rabin/he/departments-and-clinics/ophthalmology/Pages/ophthalmology.aspx,https://hospitals.clalit.co.il/rabin/he/departments-and-clinics/ophthalmology/Pages/ophthalmology.aspx,pending,departmentPage,true,,,clalit,acuteHospital,true,high,supported,
master-dept-0631-מרכז-רפואי-רבין-רפואה-גרעינית,מרכז רפואי רבין,מרכז רפואי רבין,,,רפואה גרעינית,רפואה גרעינית,,,,,notProvided,unknown,false,,,clalit,acuteHospital,true,medium,supported,
master-dept-0632-מרכז-רפואי-רבין-כירורגית-ילדים,מרכז רפואי רבין,מרכז רפואי רבין,,,כירורגית ילדים,כירורגית ילדים,,,,,notProvided,unknown,false,,,clalit,acuteHospital,true,medium,supported,
master-dept-0633-מרכז-רפואי-רבין-פתולוגיה,מרכז רפואי רבין,מרכז רפואי רבין,,,פתולוגיה,פתולוגיה,,,https://hospitals.clalit.co.il/rabin/he/departments-and-clinics/pathology/Pages/pathology.aspx,https://hospitals.clalit.co.il/rabin/he/departments-and-clinics/pathology/Pages/pathology.aspx,pending,departmentPage,true,,,clalit,acuteHospital,true,high,supported,
master-dept-0634-מרכז-רפואי-רבין-כירורגיה-של-בית-החזה,מרכז רפואי רבין,מרכז רפואי רבין,,,כירורגיה של בית החזה,כירורגיה של בית החזה,,,,,notProvided,unknown,false,,,clalit,acuteHospital,true,medium,supported,
master-dept-0635-מ-לרפואה-משפטית,מ.לרפואה משפטית,מ.לרפואה משפטית,,,,,,,,,notProvided,unknown,false,,,unknown,unknown,false,defer,pending,
