"reviewEntityType","reviewEntityId","relatedEntityId","canonicalDoctorId","issueType","hospitalSlug","hospitalName","fullName","profileUrl","departmentName","specialty","matchConfidence","ambiguityReason","sourceUrl","extractedFromUrl","suggestedAction","manualDecision","manualNotes","reviewer","reviewedAt"
"reviewIssue","reviewIssue:ce583c8ddcc150cc8a","canonicalDoctor:barzilai:doctor-6dfd07b916eef9cc","doctor-6dfd07b916eef9cc","profileCoverageLow; listOnlyMostly; missingProfileUrl","barzilai","barzilai","ד""ר בחטינסקי ילנה","","","","","","","","Review hospital roster record and department mapping before import.","","","",""
"reviewIssue","reviewIssue:3627184c34edfabbeb","canonicalDoctor:barzilai:doctor-07d8a1c2bf36b24e","doctor-07d8a1c2bf36b24e","profileCoverageLow; listOnlyMostly; missingProfileUrl","barzilai","barzilai","ד""ר חדוה ספקטור- פיכולוגית קלינית בכירה","","","","","","","","Review hospital roster record and department mapping before import.","","","",""
"reviewIssue","reviewIssue:c884f6c54fdc603067","canonicalDoctor:barzilai:doctor-b7ab41b6add1fa0b","doctor-b7ab41b6add1fa0b","profileCoverageLow; listOnlyMostly; missingProfileUrl","barzilai","barzilai","ד""ר חרקובסקי טטיאנה","","","","","","","","Review hospital roster record and department mapping before import.","","","",""
"reviewIssue","reviewIssue:e54a6a354a7ac096f6","canonicalDoctor:barzilai:doctor-3eec30c59d843546","doctor-3eec30c59d843546","profileCoverageLow; listOnlyMostly; missingProfileUrl","barzilai","barzilai","ד""ר יבגניה צ'רניאבסקי- מנהלת מערך דימות ומנהלת שירות MRI","","","","","","","","Review hospital roster record and department mapping before import.","","","",""
"reviewIssue","reviewIssue:824d4d76538cf502a9","canonicalDoctor:barzilai:doctor-131b8599e09292c8","doctor-131b8599e09292c8","profileCoverageLow; listOnlyMostly; missingProfileUrl","barzilai","barzilai","ד""ר יוליה אז'יבקוב","","","","","","","","Review hospital roster record and department mapping before import.","","","",""
"reviewIssue","reviewIssue:1e09c70ec44ca773eb","canonicalDoctor:barzilai:doctor-080197554886847b","doctor-080197554886847b","profileCoverageLow; listOnlyMostly; missingProfileUrl","barzilai","barzilai","ד""ר ישי וואהל","","","","","","","","Review hospital roster record and department mapping before import.","","","",""
"reviewIssue","reviewIssue:fa4196d1940a819cb3","canonicalDoctor:barzilai:doctor-b9e9c4776a4cb804","doctor-b9e9c4776a4cb804","profileCoverageLow; listOnlyMostly; missingProfileUrl","barzilai","barzilai","ד""ר לבדב ולרי","","","","","","","","Review hospital roster record and department mapping before import.","","","",""
"reviewIssue","reviewIssue:22ad376c7184ceb895","canonicalDoctor:barzilai:doctor-cd2db47ff3b82fa7","doctor-cd2db47ff3b82fa7","profileCoverageLow; listOnlyMostly; missingProfileUrl","barzilai","barzilai","ד""ר ליאפיס ויקטור","","","","","","","","Review hospital roster record and department mapping before import.","","","",""
"reviewIssue","reviewIssue:4b129ddac0855c4c73","canonicalDoctor:barzilai:doctor-087faae51c701aaa","doctor-087faae51c701aaa","profileCoverageLow; listOnlyMostly; missingProfileUrl; suspiciousName; possibleProseExtraction","barzilai","barzilai","ד""ר ליאפיס ויקטור- אחראי יחידה על שימעית.ד""ר ולרי לבדב","","","","","","","","Review hospital roster record and department mapping before import.","","","",""
"reviewIssue","reviewIssue:1839df98ea5d5db9a7","canonicalDoctor:barzilai:doctor-6d241550c504a9e6","doctor-6d241550c504a9e6","profileCoverageLow; listOnlyMostly; missingProfileUrl","barzilai","barzilai","ד""ר מיכאל ורשבסקי","","","","","","","","Review hospital roster record and department mapping before import.","","","",""
"reviewIssue","reviewIssue:9cc910a4005709aa82","canonicalDoctor:barzilai:doctor-40d125e71fec4ef4","doctor-40d125e71fec4ef4","profileCoverageLow; listOnlyMostly; missingProfileUrl","barzilai","barzilai","ד""ר סימנוביץ עזריה","","","","","","","","Review hospital roster record and department mapping before import.","","","",""
"reviewIssue","reviewIssue:2455b71733f755d829","canonicalDoctor:barzilai:doctor-6b72434f8463a35c","doctor-6b72434f8463a35c","profileCoverageLow; listOnlyMostly; missingProfileUrl","barzilai","barzilai","ד""ר עופר ארנון","","","","","","","","Review hospital roster record and department mapping before import.","","","",""
"reviewIssue","reviewIssue:b06daacb46c048c8f5","canonicalDoctor:barzilai:doctor-0ba7c5216b62d7b1","doctor-0ba7c5216b62d7b1","profileCoverageLow; listOnlyMostly; missingProfileUrl; overlongName","barzilai","barzilai","ד""ר עזרייה סימונוביץ- סגן מנהל מערך דימות ואחראי ניורורדיולוגיה","","","","","","","","Review hospital roster record and department mapping before import.","","","",""
"reviewIssue","reviewIssue:50d9169bc526850b08","canonicalDoctor:barzilai:doctor-a578674ef0613aa3","doctor-a578674ef0613aa3","profileCoverageLow; listOnlyMostly; missingProfileUrl","barzilai","barzilai","ד""ר פלס שרון","","","","","","","","Review hospital roster record and department mapping before import.","","","",""
"reviewIssue","reviewIssue:3c17d24957559b958e","canonicalDoctor:barzilai:doctor-76d27ef92740d70a","doctor-76d27ef92740d70a","profileCoverageLow; listOnlyMostly; missingProfileUrl","barzilai","barzilai","ד""ר צ'רניאבסקי יבגניה","","","","","","","","Review hospital roster record and department mapping before import.","","","",""
"reviewIssue","reviewIssue:b8608dac2ae6039962","canonicalDoctor:barzilai:doctor-db0549bb7ac0a9da","doctor-db0549bb7ac0a9da","profileCoverageLow; listOnlyMostly; missingProfileUrl","barzilai","barzilai","ד""ר צרניאבסקי יבגנייה","","","","","","","","Review hospital roster record and department mapping before import.","","","",""
"reviewIssue","reviewIssue:7c216c349795c729f6","canonicalDoctor:barzilai:doctor-9f44a087596107ff","doctor-9f44a087596107ff","profileCoverageLow; listOnlyMostly; missingProfileUrl","barzilai","barzilai","ד""ר רן טליסמן","","","","","","","","Review hospital roster record and department mapping before import.","","","",""
"reviewIssue","reviewIssue:fc38f4d6e9d61cbe8a","canonicalDoctor:barzilai:doctor-bd083669e5c7332a","doctor-bd083669e5c7332a","profileCoverageLow; listOnlyMostly; missingProfileUrl","barzilai","barzilai","פרופ' אילן רון","","","","","","","","Review hospital roster record and department mapping before import.","","","",""
"reviewIssue","reviewIssue:437af485f12784b420","canonicalDoctor:barzilai:doctor-1d892937ad7a4f5b","doctor-1d892937ad7a4f5b","profileCoverageLow; listOnlyMostly; missingProfileUrl","barzilai","barzilai","פרופ' בן יוסף רחמים","","","","","","","","Review hospital roster record and department mapping before import.","","","",""
"reviewIssue","reviewIssue:cc141220c74b0e0503","canonicalDoctor:carmel:doctor-3e4203f988ff4467","doctor-3e4203f988ff4467","hospitalRosterOnly; profileCoverageLow","carmel","מרכז רפואי כרמל","ד""ר אבי שזר","https://hospitals.clalit.co.il/carmel/he/Our-doctors-and-experts/Pages/avi-shazar.aspx","","","","","","","Review hospital roster record and department mapping before import.","","","",""
"reviewIssue","reviewIssue:dba29cf3d946d4960f","canonicalDoctor:carmel:doctor-5294e8d0fa2d8c1f","doctor-5294e8d0fa2d8c1f","hospitalRosterOnly; profileCoverageLow","carmel","מרכז רפואי כרמל","ד""ר אבי שזר אורתופדיה","https://hospitals.clalit.co.il/carmel/he/Departments-and-Outpatient-Clinics-main/Clinical-departments-and-clinics/orthopedics/Pages/DepartmentOrthopedics.aspx","","","","","","","Review hospital roster record and department mapping before import.","","","",""
"reviewIssue","reviewIssue:4ebdf87a81da1e063b","canonicalDoctor:carmel:doctor-9e4e8cc34d8cf042","doctor-9e4e8cc34d8cf042","hospitalRosterOnly; profileCoverageLow","carmel","מרכז רפואי כרמל","ד""ר אבישי הרמן","https://hospitals.clalit.co.il/carmel/he/Our-doctors-and-experts/Pages/avishai-herman.aspx","","","","","","","Review hospital roster record and department mapping before import.","","","",""
"reviewIssue","reviewIssue:ef3425de61c3ed4b6b","canonicalDoctor:carmel:doctor-816c9101fab4c6e2","doctor-816c9101fab4c6e2","hospitalRosterOnly; profileCoverageLow","carmel","מרכז רפואי כרמל","ד""ר אבנר ברקוביץ'","https://hospitals.clalit.co.il/carmel/he/Our-doctors-and-experts/Pages/avner-be.aspx","","","","","","","Review hospital roster record and department mapping before import.","","","",""
"reviewIssue","reviewIssue:02920f5301547cbce9","canonicalDoctor:carmel:doctor-195f878c1aa2703b","doctor-195f878c1aa2703b","hospitalRosterOnly; profileCoverageLow","carmel","מרכז רפואי כרמל","ד""ר אדי גרייף","https://hospitals.clalit.co.il/carmel/he/Our-doctors-and-experts/Pages/edy-graif.aspx","","","","","","","Review hospital roster record and department mapping before import.","","","",""
"reviewIssue","reviewIssue:33e448fc5fa3d927a5","canonicalDoctor:carmel:doctor-c78797403ed4e783","doctor-c78797403ed4e783","hospitalRosterOnly; profileCoverageLow","carmel","מרכז רפואי כרמל","ד""ר אדריס ח'טיב","https://hospitals.clalit.co.il/carmel/he/Our-doctors-and-experts/Pages/idris-khatib.aspx","","","","","","","Review hospital roster record and department mapping before import.","","","",""
"reviewIssue","reviewIssue:72897d536fcfbc064b","canonicalDoctor:carmel:doctor-dafdab7f55a729c5","doctor-dafdab7f55a729c5","hospitalRosterOnly; profileCoverageLow","carmel","מרכז רפואי כרמל","ד""ר אהלאל חוראני","https://hospitals.clalit.co.il/carmel/he/Our-doctors-and-experts/Pages/ahlal-hurani.aspx","","","","","","","Review hospital roster record and department mapping before import.","","","",""
"reviewIssue","reviewIssue:da5b25e1ffe930b2cc","canonicalDoctor:carmel:doctor-56f41717ac9201de","doctor-56f41717ac9201de","hospitalRosterOnly; profileCoverageLow","carmel","מרכז רפואי כרמל","ד""ר אולג פצ'רסקי","https://hospitals.clalit.co.il/carmel/he/Our-doctors-and-experts/Pages/oleg-p.aspx","","","","","","","Review hospital roster record and department mapping before import.","","","",""
"reviewIssue","reviewIssue:70a09cf85fb47e0179","canonicalDoctor:carmel:doctor-364b4fdf0886d19a","doctor-364b4fdf0886d19a","hospitalRosterOnly; profileCoverageLow","carmel","מרכז רפואי כרמל","ד""ר אולג פצ'רסקי מחלקת קרדיולוגיה","https://hospitals.clalit.co.il/carmel/he/Departments-and-Outpatient-Clinics-main/Clinical-departments-and-clinics/Cardiology/Pages/Cardiology-System.aspx","","","","","","","Review hospital roster record and department mapping before import.","","","",""
"reviewIssue","reviewIssue:6741d5449887d36fa4","canonicalDoctor:carmel:doctor-bb5bdf2c133b12c3","doctor-bb5bdf2c133b12c3","hospitalRosterOnly; profileCoverageLow","carmel","מרכז רפואי כרמל","ד""ר אולגה ויסמן","https://hospitals.clalit.co.il/carmel/he/Our-doctors-and-experts/Pages/olga-wie.aspx","","","","","","","Review hospital roster record and department mapping before import.","","","",""
"reviewIssue","reviewIssue:e55dc80542894dd150","canonicalDoctor:carmel:doctor-b8ee597faa90ebfa","doctor-b8ee597faa90ebfa","hospitalRosterOnly; profileCoverageLow","carmel","מרכז רפואי כרמל","ד""ר אולגה ולקובסקי","https://hospitals.clalit.co.il/carmel/he/Our-doctors-and-experts/Pages/olga-val.aspx","","","","","","","Review hospital roster record and department mapping before import.","","","",""
"reviewIssue","reviewIssue:8ed07f409ed47889f1","canonicalDoctor:carmel:doctor-3a209e1da127b220","doctor-3a209e1da127b220","hospitalRosterOnly; profileCoverageLow","carmel","מרכז רפואי כרמל","ד""ר אולגה פבליצ'ב","https://hospitals.clalit.co.il/carmel/he/Our-doctors-and-experts/Pages/olga-pavlichev.aspx","","","","","","","Review hospital roster record and department mapping before import.","","","",""
"reviewIssue","reviewIssue:5ea74f52d08adeb1bc","canonicalDoctor:carmel:doctor-ca42830a33df6f15","doctor-ca42830a33df6f15","hospitalRosterOnly; profileCoverageLow","carmel","מרכז רפואי כרמל","ד""ר אולה בר יפימובסקי","https://hospitals.clalit.co.il/carmel/he/Our-doctors-and-experts/Pages/ola-bar-yefimovsky.aspx","","","","","","","Review hospital roster record and department mapping before import.","","","",""
"reviewIssue","reviewIssue:5e5c8a7ab857b8301c","canonicalDoctor:carmel:doctor-ec8041a7443a576a","doctor-ec8041a7443a576a","hospitalRosterOnly; profileCoverageLow","carmel","מרכז רפואי כרמל","ד""ר אופיר לבון","https://hospitals.clalit.co.il/carmel/he/Our-doctors-and-experts/Pages/ofir-lavon.aspx","","","","","","","Review hospital roster record and department mapping before import.","","","",""
"reviewIssue","reviewIssue:94e99acb4ff017d279","canonicalDoctor:carmel:doctor-6ee468d9ea2f5daa","doctor-6ee468d9ea2f5daa","hospitalRosterOnly; profileCoverageLow; suspiciousName; possibleProseExtraction","carmel","מרכז רפואי כרמל","ד""ר אופיר לבון היחידה לפרמקולוגיה וטוקסיקולוגיה קלינית","https://hospitals.clalit.co.il/carmel/he/Departments-and-Outpatient-Clinics-main/Clinical-departments-and-clinics/Pages/ClinicalPharmacologyAndToxicology.aspx","","","","","","","Review hospital roster record and department mapping before import.","","","",""
"reviewIssue","reviewIssue:7ed90d94c61bf6bbb2","canonicalDoctor:carmel:doctor-55956b1386a8c381","doctor-55956b1386a8c381","hospitalRosterOnly; profileCoverageLow","carmel","מרכז רפואי כרמל","ד""ר אור בן שאול","https://hospitals.clalit.co.il/carmel/he/Our-doctors-and-experts/Pages/or-ben-shaul.aspx","","","","","","","Review hospital roster record and department mapping before import.","","","",""
"reviewIssue","reviewIssue:af27c77b655365628b","canonicalDoctor:carmel:doctor-675dd2c973b98a78","doctor-675dd2c973b98a78","hospitalRosterOnly; profileCoverageLow","carmel","מרכז רפואי כרמל","ד""ר אורי סגול","https://hospitals.clalit.co.il/carmel/he/Our-doctors-and-experts/Pages/Ori_Segol.aspx","","","","","","","Review hospital roster record and department mapping before import.","","","",""
"reviewIssue","reviewIssue:e8c714ff42ba3b0b51","canonicalDoctor:carmel:doctor-2517289d01a94bde","doctor-2517289d01a94bde","hospitalRosterOnly; profileCoverageLow","carmel","מרכז רפואי כרמל","ד""ר אורי סגול מכון גסטרו","https://hospitals.clalit.co.il/carmel/he/departments-and-outpatient-clinics-main/institutes-and-laboratories/gastro/Pages/Gastro.aspx","","","","","","","Review hospital roster record and department mapping before import.","","","",""
"reviewIssue","reviewIssue:cf766ac11b91ad66a7","canonicalDoctor:carmel:doctor-51d6673a9a8edf7c","doctor-51d6673a9a8edf7c","hospitalRosterOnly; profileCoverageLow","carmel","מרכז רפואי כרמל","ד""ר אורית קרמר","https://hospitals.clalit.co.il/carmel/he/Our-doctors-and-experts/Pages/orit-kremer.aspx","","","","","","","Review hospital roster record and department mapping before import.","","","",""
"reviewIssue","reviewIssue:959a5cade2e9a721b9","canonicalDoctor:carmel:doctor-ba87ba6722fe3204","doctor-ba87ba6722fe3204","hospitalRosterOnly; profileCoverageLow","carmel","מרכז רפואי כרמל","ד""ר אורלי בן אור","https://hospitals.clalit.co.il/carmel/he/Our-doctors-and-experts/Pages/orly-ben-or.aspx","","","","","","","Review hospital roster record and department mapping before import.","","","",""
"reviewIssue","reviewIssue:1a203a3a000b4833b3","canonicalDoctor:carmel:doctor-e2bbbafba765d376","doctor-e2bbbafba765d376","hospitalRosterOnly; profileCoverageLow","carmel","מרכז רפואי כרמל","ד""ר אחמד זועבי","https://hospitals.clalit.co.il/carmel/he/Our-doctors-and-experts/Pages/ahmad-zoabi.aspx","","","","","","","Review hospital roster record and department mapping before import.","","","",""
"reviewIssue","reviewIssue:81ae3c55146d26255f","canonicalDoctor:carmel:doctor-da0f8d5561136191","doctor-da0f8d5561136191","hospitalRosterOnly; profileCoverageLow","carmel","מרכז רפואי כרמל","ד""ר אחמד מחאמיד","https://hospitals.clalit.co.il/carmel/he/Our-doctors-and-experts/Pages/Ahmad-Mahamid.aspx","","","","","","","Review hospital roster record and department mapping before import.","","","",""
"reviewIssue","reviewIssue:f75efd49395f3bd48b","canonicalDoctor:carmel:doctor-62a266da54f34ac3","doctor-62a266da54f34ac3","hospitalRosterOnly; profileCoverageLow","carmel","מרכז רפואי כרמל","ד""ר אחמד מחאמיד כירורגית ב'","https://hospitals.clalit.co.il/carmel/he/Departments-and-Outpatient-Clinics-main/Clinical-departments-and-clinics/Surgical-world/Pages/SurgicalB.aspx","","","","","","","Review hospital roster record and department mapping before import.","","","",""
"reviewIssue","reviewIssue:3fedd2d347d6346001","canonicalDoctor:carmel:doctor-9a16e14ca13ff52b","doctor-9a16e14ca13ff52b","hospitalRosterOnly; profileCoverageLow","carmel","מרכז רפואי כרמל","ד""ר אחמד ריאן","https://hospitals.clalit.co.il/carmel/he/Our-doctors-and-experts/Pages/achmad-rian.aspx","","","","","","","Review hospital roster record and department mapping before import.","","","",""
"reviewIssue","reviewIssue:ffb260232ef7bfb144","canonicalDoctor:carmel:doctor-18c4053ae5321e39","doctor-18c4053ae5321e39","hospitalRosterOnly; profileCoverageLow","carmel","מרכז רפואי כרמל","ד""ר איגור דשקובסקי","https://hospitals.clalit.co.il/carmel/he/Our-doctors-and-experts/Pages/igor-dashkovski.aspx","","","","","","","Review hospital roster record and department mapping before import.","","","",""
"reviewIssue","reviewIssue:25e7300121fac2b6db","canonicalDoctor:carmel:doctor-928e912471e5498d","doctor-928e912471e5498d","hospitalRosterOnly; profileCoverageLow","carmel","מרכז רפואי כרמל","ד""ר איה אייזנברג טולוצ'ינסקי","https://hospitals.clalit.co.il/carmel/he/Our-doctors-and-experts/Pages/aya-eisenberg.aspx","","","","","","","Review hospital roster record and department mapping before import.","","","",""
"reviewIssue","reviewIssue:a64f7bbfe4ebb4291c","canonicalDoctor:carmel:doctor-7ac889a86fe10512","doctor-7ac889a86fe10512","hospitalRosterOnly; profileCoverageLow","carmel","מרכז רפואי כרמל","ד""ר איה אייזנברג טולוצ'ינסקי CT טומוגרפיה ממוחשבת ממוגרפיה","https://hospitals.clalit.co.il/carmel/he/Departments-and-Outpatient-Clinics-main/Institutes-and-Laboratories/Imaging-X-ray/Pages/Mammography.aspx","","","","","","","Review hospital roster record and department mapping before import.","","","",""
"reviewIssue","reviewIssue:6249164fb225dafcc1","canonicalDoctor:carmel:doctor-dfdb3599945ca105","doctor-dfdb3599945ca105","hospitalRosterOnly; profileCoverageLow","carmel","מרכז רפואי כרמל","ד""ר אייל אשכנזי","https://hospitals.clalit.co.il/carmel/he/Our-doctors-and-experts/Pages/Eyal-Ashkenazi.aspx","","","","","","","Review hospital roster record and department mapping before import.","","","",""
"reviewIssue","reviewIssue:7a89bb411405936e55","canonicalDoctor:carmel:doctor-276abde5d30f7a87","doctor-276abde5d30f7a87","hospitalRosterOnly; profileCoverageLow","carmel","מרכז רפואי כרמל","ד""ר אייל גנסין","https://hospitals.clalit.co.il/carmel/he/Our-doctors-and-experts/Pages/eyal-gensin.aspx","","","","","","","Review hospital roster record and department mapping before import.","","","",""
"reviewIssue","reviewIssue:43ca89ca7210460391","canonicalDoctor:carmel:doctor-7c811d91604ce584","doctor-7c811d91604ce584","hospitalRosterOnly; profileCoverageLow","carmel","מרכז רפואי כרמל","ד""ר אייל פרנקו","https://hospitals.clalit.co.il/carmel/he/Our-doctors-and-experts/Pages/eyal-franko.aspx","","","","","","","Review hospital roster record and department mapping before import.","","","",""
"reviewIssue","reviewIssue:5cff09c5fe11e89d1d","canonicalDoctor:carmel:doctor-879653bc8aa66169","doctor-879653bc8aa66169","hospitalRosterOnly; profileCoverageLow","carmel","מרכז רפואי כרמל","ד""ר איליה שניידר","https://hospitals.clalit.co.il/carmel/he/Our-doctors-and-experts/Pages/elia-shnaider.aspx","","","","","","","Review hospital roster record and department mapping before import.","","","",""
"reviewIssue","reviewIssue:a2f9afacb966166966","canonicalDoctor:carmel:doctor-718f64dfc7b1f973","doctor-718f64dfc7b1f973","hospitalRosterOnly; profileCoverageLow","carmel","מרכז רפואי כרמל","ד""ר אילן קליין","https://hospitals.clalit.co.il/carmel/he/Our-doctors-and-experts/Pages/ilan-klein.aspx","","","","","","","Review hospital roster record and department mapping before import.","","","",""
"reviewIssue","reviewIssue:ead78f065804f0e4b1","canonicalDoctor:carmel:doctor-c66b1d67b7a3d146","doctor-c66b1d67b7a3d146","hospitalRosterOnly; profileCoverageLow","carmel","מרכז רפואי כרמל","ד""ר אירנה ברגמן","https://hospitals.clalit.co.il/carmel/he/Our-doctors-and-experts/Pages/irena-bergman.aspx","","","","","","","Review hospital roster record and department mapping before import.","","","",""
"reviewIssue","reviewIssue:8dc83b06c672df7b5a","canonicalDoctor:carmel:doctor-d7694932a2f0e4a4","doctor-d7694932a2f0e4a4","hospitalRosterOnly; profileCoverageLow","carmel","מרכז רפואי כרמל","ד""ר אירנה ברגמן פנימית ג","https://hospitals.clalit.co.il/carmel/he/Departments-and-Outpatient-Clinics-main/Clinical-departments-and-clinics/Internal-medicine/Pages/InternalMedicineC.aspx","","","","","","","Review hospital roster record and department mapping before import.","","","",""
"reviewIssue","reviewIssue:5172ffeb71ef62ada7","canonicalDoctor:carmel:doctor-2f757a29904ac6b0","doctor-2f757a29904ac6b0","hospitalRosterOnly; profileCoverageLow","carmel","מרכז רפואי כרמל","ד""ר אירנה הירש","https://hospitals.clalit.co.il/carmel/he/Our-doctors-and-experts/Pages/irena-hirsh.aspx","","","","","","","Review hospital roster record and department mapping before import.","","","",""
"reviewIssue","reviewIssue:fa03b620b9918d4387","canonicalDoctor:carmel:doctor-d6f6725c18b360a6","doctor-d6f6725c18b360a6","hospitalRosterOnly; profileCoverageLow","carmel","מרכז רפואי כרמל","ד""ר איתן מנגובי","https://hospitals.clalit.co.il/carmel/he/Our-doctors-and-experts/Pages/eitan_mangoubi.aspx","","","","","","","Review hospital roster record and department mapping before import.","","","",""
"reviewIssue","reviewIssue:8b98331c1178e0fc63","canonicalDoctor:carmel:doctor-71599f0024f669e6","doctor-71599f0024f669e6","hospitalRosterOnly; profileCoverageLow","carmel","מרכז רפואי כרמל","ד""ר אלוירה גור לאוטמן","https://hospitals.clalit.co.il/carmel/he/Our-doctors-and-experts/Pages/elvira-lautman.aspx","","","","","","","Review hospital roster record and department mapping before import.","","","",""
"reviewIssue","reviewIssue:a550c92e22f20a526d","canonicalDoctor:carmel:doctor-007f8ef39bea8226","doctor-007f8ef39bea8226","hospitalRosterOnly; profileCoverageLow","carmel","מרכז רפואי כרמל","ד""ר אליאנה מלמוד","https://hospitals.clalit.co.il/carmel/he/Our-doctors-and-experts/Pages/aliana-malamud.aspx","","","","","","","Review hospital roster record and department mapping before import.","","","",""
"reviewIssue","reviewIssue:9f7d9f759416ba30a6","canonicalDoctor:carmel:doctor-0ff5e4211d783319","doctor-0ff5e4211d783319","hospitalRosterOnly; profileCoverageLow","carmel","מרכז רפואי כרמל","ד""ר אלינה ברקוביץ","https://hospitals.clalit.co.il/carmel/he/Our-doctors-and-experts/Pages/alina-berkowitz.aspx","","","","","","","Review hospital roster record and department mapping before import.","","","",""
"reviewIssue","reviewIssue:e740642ace6bbb69fb","canonicalDoctor:carmel:doctor-e8b7ae156e9f2fa9","doctor-e8b7ae156e9f2fa9","hospitalRosterOnly; profileCoverageLow","carmel","מרכז רפואי כרמל","ד""ר אלכס סולובייצ'יק","https://hospitals.clalit.co.il/carmel/he/Our-doctors-and-experts/Pages/alex-solo.aspx","","","","","","","Review hospital roster record and department mapping before import.","","","",""
"reviewIssue","reviewIssue:f5221f7dccd7f3569a","canonicalDoctor:carmel:doctor-803ed84cfca7793c","doctor-803ed84cfca7793c","hospitalRosterOnly; profileCoverageLow","carmel","מרכז רפואי כרמל","ד""ר אלכס פבלוב","https://hospitals.clalit.co.il/carmel/he/Our-doctors-and-experts/Pages/alex-pavlov.aspx","","","","","","","Review hospital roster record and department mapping before import.","","","",""
"reviewIssue","reviewIssue:8a0c1908ac1fa969d8","canonicalDoctor:carmel:doctor-c5f100c6328d21ca","doctor-c5f100c6328d21ca","hospitalRosterOnly; profileCoverageLow","carmel","מרכז רפואי כרמל","ד""ר אלכס רוזנטל","https://hospitals.clalit.co.il/carmel/he/Our-doctors-and-experts/Pages/alex-rosenthal.aspx","","","","","","","Review hospital roster record and department mapping before import.","","","",""
"reviewIssue","reviewIssue:7994395d4873f867f8","canonicalDoctor:carmel:doctor-384f0f6ec789127d","doctor-384f0f6ec789127d","hospitalRosterOnly; profileCoverageLow","carmel","מרכז רפואי כרמל","ד""ר אלכסנדר בלה","https://hospitals.clalit.co.il/carmel/he/Our-doctors-and-experts/Pages/alexander-belah.aspx","","","","","","","Review hospital roster record and department mapping before import.","","","",""
"reviewIssue","reviewIssue:a7f6c2cd1e2478053d","canonicalDoctor:carmel:doctor-d9ca0e05c0ebdd03","doctor-d9ca0e05c0ebdd03","hospitalRosterOnly; profileCoverageLow","carmel","מרכז רפואי כרמל","ד""ר אלכסנדר פוקס","https://hospitals.clalit.co.il/carmel/he/Our-doctors-and-experts/Pages/alex-f.aspx","","","","","","","Review hospital roster record and department mapping before import.","","","",""
"reviewIssue","reviewIssue:3ba47bff385c49c1fe","canonicalDoctor:carmel:doctor-7fcb7aca05bb5cd9","doctor-7fcb7aca05bb5cd9","hospitalRosterOnly; profileCoverageLow; suspiciousName; possibleProseExtraction","carmel","מרכז רפואי כרמל","ד""ר אלכסנדר פוקס היחידה לדימות הלב קרדיולוגיה","https://hospitals.clalit.co.il/carmel/he/Departments-and-Outpatient-Clinics-main/Clinical-departments-and-clinics/Cardiology/Pages/cardiac-imaging.aspx/carmel/he/Departments-and-Outpatient-Clinics-main/Clinical-departments-and-clinics/Cardiology/Pages/cardiac-imaging.aspx","","","","","","","Review hospital roster record and department mapping before import.","","","",""
"reviewIssue","reviewIssue:b4098332ebcfdf08a0","canonicalDoctor:carmel:doctor-560f45ebd56cc8a4","doctor-560f45ebd56cc8a4","hospitalRosterOnly; profileCoverageLow","carmel","מרכז רפואי כרמל","ד""ר אלכסנדר קוריטני","https://hospitals.clalit.co.il/carmel/he/Our-doctors-and-experts/Pages/kouritney_alex.aspx","","","","","","","Review hospital roster record and department mapping before import.","","","",""
"reviewIssue","reviewIssue:ea81043df570cce04f","canonicalDoctor:carmel:doctor-54a501a9d3fb7ee8","doctor-54a501a9d3fb7ee8","hospitalRosterOnly; profileCoverageLow","carmel","מרכז רפואי כרמל","ד""ר אלכסנדר רובין","https://hospitals.clalit.co.il/carmel/he/Our-doctors-and-experts/Pages/alex-rubin.aspx","","","","","","","Review hospital roster record and department mapping before import.","","","",""
"reviewIssue","reviewIssue:9e335f27c9e2c0ac44","canonicalDoctor:carmel:doctor-4d6bb414bde307f0","doctor-4d6bb414bde307f0","hospitalRosterOnly; profileCoverageLow","carmel","מרכז רפואי כרמל","ד""ר אמיר אברמוביץ","https://hospitals.clalit.co.il/carmel/he/Our-doctors-and-experts/Pages/amir-abramovich.aspx","","","","","","","Review hospital roster record and department mapping before import.","","","",""
"reviewIssue","reviewIssue:53bbe0df0a474c6c18","canonicalDoctor:carmel:doctor-bb83a78040d7fabc","doctor-bb83a78040d7fabc","hospitalRosterOnly; profileCoverageLow","carmel","מרכז רפואי כרמל","ד""ר אמיר ורור","https://hospitals.clalit.co.il/carmel/he/Our-doctors-and-experts/Pages/amir-varur.aspx","","","","","","","Review hospital roster record and department mapping before import.","","","",""
"reviewIssue","reviewIssue:598630df1a7bab79b8","canonicalDoctor:carmel:doctor-0665b46f23453a40","doctor-0665b46f23453a40","hospitalRosterOnly; profileCoverageLow","carmel","מרכז רפואי כרמל","ד""ר אמיר ורור מכון המטלוגיה","https://hospitals.clalit.co.il/carmel/he/Departments-and-Outpatient-Clinics-main/Institutes-and-Laboratories/Pages/Hematology.aspx","","","","","","","Review hospital roster record and department mapping before import.","","","",""
"reviewIssue","reviewIssue:100446c48df70f2ac9","canonicalDoctor:carmel:doctor-39b139fc1795348f","doctor-39b139fc1795348f","hospitalRosterOnly; profileCoverageLow","carmel","מרכז רפואי כרמל","ד""ר אמיר חדאד","https://hospitals.clalit.co.il/carmel/he/Our-doctors-and-experts/Pages/amirha.aspx","","","","","","","Review hospital roster record and department mapping before import.","","","",""
"reviewIssue","reviewIssue:4ddc879d4c502a140b","canonicalDoctor:carmel:doctor-1134a07bc9ac6ce3","doctor-1134a07bc9ac6ce3","hospitalRosterOnly; profileCoverageLow","carmel","מרכז רפואי כרמל","ד""ר אמיר פלג","https://hospitals.clalit.co.il/carmel/he/Our-doctors-and-experts/Pages/amir-peleg.aspx","","","","","","","Review hospital roster record and department mapping before import.","","","",""
"reviewIssue","reviewIssue:bce1c107feb2020499","canonicalDoctor:carmel:doctor-0aa7cd336ac85cfa","doctor-0aa7cd336ac85cfa","hospitalRosterOnly; profileCoverageLow","carmel","מרכז רפואי כרמל","ד""ר אמנון איתן","https://hospitals.clalit.co.il/carmel/he/Our-doctors-and-experts/Pages/amnon-eitan.aspx","","","","","","","Review hospital roster record and department mapping before import.","","","",""
"reviewIssue","reviewIssue:e220e9f717e389b988","canonicalDoctor:carmel:doctor-edfdc6160be54600","doctor-edfdc6160be54600","hospitalRosterOnly; profileCoverageLow","carmel","מרכז רפואי כרמל","ד""ר אנה זצר","https://hospitals.clalit.co.il/carmel/he/Departments-and-Outpatient-Clinics-main/Institutes-and-Laboratories/labs-list/Pages/ana-zatzer.aspx","","","","","","","Review hospital roster record and department mapping before import.","","","",""
"reviewIssue","reviewIssue:ccde4eb26f1651cf5a","canonicalDoctor:carmel:doctor-7664764eb01892fc","doctor-7664764eb01892fc","hospitalRosterOnly; profileCoverageLow","carmel","מרכז רפואי כרמל","ד""ר אנה זצר המעבדה לביוכימיה","https://hospitals.clalit.co.il/carmel/he/Departments-and-Outpatient-Clinics-main/Institutes-and-Laboratories/labs-list/Pages/Biochemistry-Lab.aspx","","","","","","","Review hospital roster record and department mapping before import.","","","",""
"reviewIssue","reviewIssue:c4cbbab6bf97796b3d","canonicalDoctor:carmel:doctor-45e4fec332a3700d","doctor-45e4fec332a3700d","hospitalRosterOnly; profileCoverageLow","carmel","מרכז רפואי כרמל","ד""ר אסי אנגל","https://hospitals.clalit.co.il/carmel/he/Our-doctors-and-experts/Pages/asaf-angel.aspx","","","","","","","Review hospital roster record and department mapping before import.","","","",""
"reviewIssue","reviewIssue:b9ab3cb101c453108d","canonicalDoctor:carmel:doctor-73173ad9e16a548e","doctor-73173ad9e16a548e","hospitalRosterOnly; profileCoverageLow","carmel","מרכז רפואי כרמל","ד""ר אסי אנגל מחלקת נוירולוגיה","https://hospitals.clalit.co.il/carmel/he/Departments-and-Outpatient-Clinics-main/Clinical-departments-and-clinics/Neurology-world/Pages/Neurology.aspx","","","","","","","Review hospital roster record and department mapping before import.","","","",""
"reviewIssue","reviewIssue:2f63019660e1eb191c","canonicalDoctor:carmel:doctor-f1111b0b8684a799","doctor-f1111b0b8684a799","hospitalRosterOnly; profileCoverageLow","carmel","מרכז רפואי כרמל","ד""ר אסף דנון","https://hospitals.clalit.co.il/carmel/he/Our-doctors-and-experts/Pages/asaf-da.aspx","","","","","","","Review hospital roster record and department mapping before import.","","","",""
"reviewIssue","reviewIssue:8312b5be935c4a2d16","canonicalDoctor:carmel:doctor-e949e6ab3d7426a6","doctor-e949e6ab3d7426a6","hospitalRosterOnly; profileCoverageLow","carmel","מרכז רפואי כרמל","ד""ר אסף דנון מערך קרדיולוגי","https://hospitals.clalit.co.il/carmel/he/Departments-and-Outpatient-Clinics-main/Clinical-departments-and-clinics/Cardiology/Pages/cardiology-systems.aspx","","","","","","","Review hospital roster record and department mapping before import.","","","",""
"reviewIssue","reviewIssue:d776b1109a133e1799","canonicalDoctor:carmel:doctor-78ae97e3aec99682","doctor-78ae97e3aec99682","hospitalRosterOnly; profileCoverageLow","carmel","מרכז רפואי כרמל","ד""ר אריאל זילברליכט","https://hospitals.clalit.co.il/carmel/he/Our-doctors-and-experts/Pages/ariel-zilberlicht.aspx","","","","","","","Review hospital roster record and department mapping before import.","","","",""
"reviewIssue","reviewIssue:e7860b56056cef5a42","canonicalDoctor:carmel:doctor-8a8ae24cf83f6da4","doctor-8a8ae24cf83f6da4","hospitalRosterOnly; profileCoverageLow","carmel","מרכז רפואי כרמל","ד""ר אריאל זילברליכט מחלקת נשים אורו-גינקולוגיה ורצפת אגן","https://hospitals.clalit.co.il/carmel/he/Departments-and-Outpatient-Clinics-main/Clinical-departments-and-clinics/Obstetrics-and-Gynecology/Gynecology/Pages/Surgery-Pelvic-Restoration-Unit.aspx","","","","","","","Review hospital roster record and department mapping before import.","","","",""
"reviewIssue","reviewIssue:66a5d918a78d214a0e","canonicalDoctor:carmel:doctor-005c5ebd3abf1b8c","doctor-005c5ebd3abf1b8c","hospitalRosterOnly; profileCoverageLow","carmel","מרכז רפואי כרמל","ד""ר אריאל רויטמן","https://hospitals.clalit.co.il/carmel/he/Our-doctors-and-experts/Pages/ariel-roitman.aspx","","","","","","","Review hospital roster record and department mapping before import.","","","",""
"reviewIssue","reviewIssue:e1bbbd95a8815a3b4b","canonicalDoctor:carmel:doctor-541b0fe3d9c5ec9a","doctor-541b0fe3d9c5ec9a","hospitalRosterOnly; profileCoverageLow","carmel","מרכז רפואי כרמל","ד""ר אריאל שאמי","https://hospitals.clalit.co.il/carmel/he/Our-doctors-and-experts/Pages/ariel-shami.aspx","","","","","","","Review hospital roster record and department mapping before import.","","","",""
"reviewIssue","reviewIssue:5b665a667eaa5ec485","canonicalDoctor:carmel:doctor-39c184cb58ca3b61","doctor-39c184cb58ca3b61","hospitalRosterOnly; profileCoverageLow","carmel","מרכז רפואי כרמל","ד""ר אריאל שאמי כירורגית א","https://hospitals.clalit.co.il/carmel/he/Departments-and-Outpatient-Clinics-main/Clinical-departments-and-clinics/Surgical-world/Pages/SurgicalA.aspx","","","","","","","Review hospital roster record and department mapping before import.","","","",""
"reviewIssue","reviewIssue:ea54f27b78a3969c74","canonicalDoctor:carmel:doctor-825de857e8d003ae","doctor-825de857e8d003ae","hospitalRosterOnly; profileCoverageLow","carmel","מרכז רפואי כרמל","ד""ר אריה ביטרמן","https://hospitals.clalit.co.il/carmel/he/Our-doctors-and-experts/Pages/arie-bit.aspx","","","","","","","Review hospital roster record and department mapping before import.","","","",""
"reviewIssue","reviewIssue:6598d66844bb125440","canonicalDoctor:carmel:doctor-a33aceb2ae66603a","doctor-a33aceb2ae66603a","hospitalRosterOnly; profileCoverageLow","carmel","מרכז רפואי כרמל","ד""ר אריה מרר","https://hospitals.clalit.co.il/carmel/he/Our-doctors-and-experts/Pages/arie-mrar.aspx","","","","","","","Review hospital roster record and department mapping before import.","","","",""
"reviewIssue","reviewIssue:27f468bbe037f8d911","canonicalDoctor:carmel:doctor-d2579d93c1d88946","doctor-d2579d93c1d88946","hospitalRosterOnly; profileCoverageLow","carmel","מרכז רפואי כרמל","ד""ר אריה מרר רדיולוגיה פולשנית","https://hospitals.clalit.co.il/carmel/he/Departments-and-Outpatient-Clinics-main/Institutes-and-Laboratories/Imaging-X-ray/Pages/Radiology.aspx","","","","","","","Review hospital roster record and department mapping before import.","","","",""
"reviewIssue","reviewIssue:f2631dd3a3b92ca77a","canonicalDoctor:carmel:doctor-de968d3ee9e2bda5","doctor-de968d3ee9e2bda5","hospitalRosterOnly; profileCoverageLow","carmel","מרכז רפואי כרמל","ד""ר אריה עדן","https://hospitals.clalit.co.il/carmel/he/Our-doctors-and-experts/Pages/arik-eden.aspx","","","","","","","Review hospital roster record and department mapping before import.","","","",""
"reviewIssue","reviewIssue:9fe381b6a09f622ab2","canonicalDoctor:carmel:doctor-4d8875dd1f286fe7","doctor-4d8875dd1f286fe7","hospitalRosterOnly; profileCoverageLow","carmel","מרכז רפואי כרמל","ד""ר ארסן שפיגלמן","https://hospitals.clalit.co.il/carmel/he/Our-doctors-and-experts/Pages/arsan-shpigelman.aspx","","","","","","","Review hospital roster record and department mapping before import.","","","",""
"reviewIssue","reviewIssue:c1a8136204e190a623","canonicalDoctor:carmel:doctor-04cf5e45bba0c515","doctor-04cf5e45bba0c515","hospitalRosterOnly; profileCoverageLow","carmel","מרכז רפואי כרמל","ד""ר בוריס פרידמן","https://hospitals.clalit.co.il/carmel/he/Our-doctors-and-experts/Pages/boris-fridman.aspx","","","","","","","Review hospital roster record and department mapping before import.","","","",""
"reviewIssue","reviewIssue:581c8bef9794ced8e8","canonicalDoctor:carmel:doctor-8dafed9e7ccea274","doctor-8dafed9e7ccea274","hospitalRosterOnly; profileCoverageLow","carmel","מרכז רפואי כרמל","ד""ר בכר ג'ואברה","https://hospitals.clalit.co.il/carmel/he/Our-doctors-and-experts/Pages/baker-jwabra.aspx","","","","","","","Review hospital roster record and department mapping before import.","","","",""
"reviewIssue","reviewIssue:9fae014e5158e24a3e","canonicalDoctor:carmel:doctor-0697db1a484ecac1","doctor-0697db1a484ecac1","hospitalRosterOnly; profileCoverageLow","carmel","מרכז רפואי כרמל","ד""ר בנימין חרדאק","https://hospitals.clalit.co.il/carmel/he/Our-doctors-and-experts/Pages/hardak.aspx","","","","","","","Review hospital roster record and department mapping before import.","","","",""
"reviewIssue","reviewIssue:0299cfb7f8465ef6f6","canonicalDoctor:carmel:doctor-b0977dbe1c2fb4a7","doctor-b0977dbe1c2fb4a7","hospitalRosterOnly; profileCoverageLow","carmel","מרכז רפואי כרמל","ד""ר בנימין פרסון","https://hospitals.clalit.co.il/carmel/he/Our-doctors-and-experts/Pages/benjamin-person.aspx","","","","","","","Review hospital roster record and department mapping before import.","","","",""
"reviewIssue","reviewIssue:72814939b334363d7c","canonicalDoctor:carmel:doctor-755dd063fa2346e9","doctor-755dd063fa2346e9","hospitalRosterOnly; profileCoverageLow","carmel","מרכז רפואי כרמל","ד""ר בשיר כרכבי","https://hospitals.clalit.co.il/carmel/he/Our-doctors-and-experts/Pages/Dr-Bashir-Karkabi.aspx","","","","","","","Review hospital roster record and department mapping before import.","","","",""
"reviewIssue","reviewIssue:14d3ca037a1282afb9","canonicalDoctor:carmel:doctor-b9d6cf6a89fc0962","doctor-b9d6cf6a89fc0962","hospitalRosterOnly; profileCoverageLow","carmel","מרכז רפואי כרמל","ד""ר ג'ואד כיאלי","https://hospitals.clalit.co.il/carmel/he/Our-doctors-and-experts/Pages/jawad-kahiali.aspx","","","","","","","Review hospital roster record and department mapping before import.","","","",""
"reviewIssue","reviewIssue:68d3d3682b5ac8eabe","canonicalDoctor:carmel:doctor-7b862abd00788818","doctor-7b862abd00788818","hospitalRosterOnly; profileCoverageLow","carmel","מרכז רפואי כרמל","ד""ר ג'וי פלד","https://hospitals.clalit.co.il/carmel/he/Our-doctors-and-experts/Pages/joy-fled.aspx","","","","","","","Review hospital roster record and department mapping before import.","","","",""
"reviewIssue","reviewIssue:bc1b607a9680e308a2","canonicalDoctor:carmel:doctor-c693a92c7c01033c","doctor-c693a92c7c01033c","hospitalRosterOnly; profileCoverageLow","carmel","מרכז רפואי כרמל","ד""ר ג'ומאנה חדאד-הלון","https://hospitals.clalit.co.il/carmel/he/Departments-and-Outpatient-Clinics-main/Institutes-and-Laboratories/labs-list/Pages/jumana-hadad.aspx","","","","","","","Review hospital roster record and department mapping before import.","","","",""
"reviewIssue","reviewIssue:dd01cfc5ee50749e3c","canonicalDoctor:carmel:doctor-097d1da7c7950d6c","doctor-097d1da7c7950d6c","hospitalRosterOnly; profileCoverageLow","carmel","מרכז רפואי כרמל","ד""ר ג'ני ג'רבשיאן","https://hospitals.clalit.co.il/carmel/he/Our-doctors-and-experts/Pages/jenny-jer.aspx","","","","","","","Review hospital roster record and department mapping before import.","","","",""
"reviewIssue","reviewIssue:046582f50c108f2489","canonicalDoctor:carmel:doctor-7c99485093ed8942","doctor-7c99485093ed8942","hospitalRosterOnly; profileCoverageLow","carmel","מרכז רפואי כרמל","ד""ר גאורגי פדוסייב","https://hospitals.clalit.co.il/carmel/he/Our-doctors-and-experts/Pages/giorgi-pedosayev.aspx","","","","","","","Review hospital roster record and department mapping before import.","","","",""
"reviewIssue","reviewIssue:4990ab992038f25736","canonicalDoctor:carmel:doctor-22029f7bdd7e64db","doctor-22029f7bdd7e64db","hospitalRosterOnly; profileCoverageLow","carmel","מרכז רפואי כרמל","ד""ר גאורגי פדוסייב","https://hospitals.clalit.co.il/carmel/he/Our-doctors-and-experts/Pages/georgi-pedosiev.aspx","","","","","","","Review hospital roster record and department mapping before import.","","","",""
"reviewIssue","reviewIssue:bdf36e74c60746d52e","canonicalDoctor:carmel:doctor-1f96a3444a590059","doctor-1f96a3444a590059","hospitalRosterOnly; profileCoverageLow","carmel","מרכז רפואי כרמל","ד""ר גאזי פארס","https://hospitals.clalit.co.il/carmel/he/Our-doctors-and-experts/Pages/gazi-fares.aspx","","","","","","","Review hospital roster record and department mapping before import.","","","",""
"reviewIssue","reviewIssue:82a92511a728598dd2","canonicalDoctor:carmel:doctor-36a0bc03cc21239e","doctor-36a0bc03cc21239e","hospitalRosterOnly; profileCoverageLow","carmel","מרכז רפואי כרמל","ד""ר גאזי פארס אורולוגיה","https://hospitals.clalit.co.il/carmel/he/Departments-and-Outpatient-Clinics-main/Clinical-departments-and-clinics/Pages/Urology.aspx","","","","","","","Review hospital roster record and department mapping before import.","","","",""
"reviewIssue","reviewIssue:14b23e2fe6d91773df","canonicalDoctor:carmel:doctor-bd86c805c01bae44","doctor-bd86c805c01bae44","hospitalRosterOnly; profileCoverageLow","carmel","מרכז רפואי כרמל","ד""ר גבריאל ובר","https://hospitals.clalit.co.il/carmel/he/Our-doctors-and-experts/Pages/gabriel-webber.aspx","","","","","","","Review hospital roster record and department mapping before import.","","","",""
"reviewIssue","reviewIssue:cbd23e1d9ba9fd9d3d","canonicalDoctor:carmel:doctor-303445690c469028","doctor-303445690c469028","hospitalRosterOnly; profileCoverageLow","carmel","מרכז רפואי כרמל","ד""ר גבריאל סמל","https://hospitals.clalit.co.il/carmel/he/Our-doctors-and-experts/Pages/gavriel-semel.aspx","","","","","","","Review hospital roster record and department mapping before import.","","","",""
"reviewIssue","reviewIssue:641c468c5c2bb51183","canonicalDoctor:carmel:doctor-b9e52b63409d70f5","doctor-b9e52b63409d70f5","hospitalRosterOnly; profileCoverageLow","carmel","מרכז רפואי כרמל","ד""ר גוסטבו מואיגר","https://hospitals.clalit.co.il/carmel/he/Our-doctors-and-experts/Pages/gustavo.aspx","","","","","","","Review hospital roster record and department mapping before import.","","","",""
"reviewIssue","reviewIssue:13502b049480efe42b","canonicalDoctor:carmel:doctor-9dda49e3e7f3d429","doctor-9dda49e3e7f3d429","hospitalRosterOnly; profileCoverageLow","carmel","מרכז רפואי כרמל","ד""ר גיל פאר","https://hospitals.clalit.co.il/carmel/he/Our-doctors-and-experts/Pages/gilpe.aspx","","","","","","","Review hospital roster record and department mapping before import.","","","",""
"reviewIssue","reviewIssue:69e62588b2e9682c84","canonicalDoctor:carmel:doctor-eb0d430ccc8fe860","doctor-eb0d430ccc8fe860","hospitalRosterOnly; profileCoverageLow","carmel","מרכז רפואי כרמל","ד""ר גיל פאר פוריות והפריה חוץ גופית","https://hospitals.clalit.co.il/carmel/he/Departments-and-Outpatient-Clinics-main/Clinical-departments-and-clinics/Obstetrics-and-Gynecology/Pregnancy-and-Birth/Towards-pregnancy/In-Vitro-Fertilization/Pages/In-Vitro-Fertilization.aspx","","","","","","","Review hospital roster record and department mapping before import.","","","",""
"reviewIssue","reviewIssue:d265445beb85801a4e","canonicalDoctor:carmel:doctor-90c2e88c677064ef","doctor-90c2e88c677064ef","hospitalRosterOnly; profileCoverageLow","carmel","מרכז רפואי כרמל","ד""ר גל רינות מזרחי","https://hospitals.clalit.co.il/carmel/he/Our-doctors-and-experts/Pages/gal-rinot-mizrachi.aspx","","","","","","","Review hospital roster record and department mapping before import.","","","",""
"reviewIssue","reviewIssue:1e00d558b8d697886d","canonicalDoctor:carmel:doctor-cef5dba4fcea4fc7","doctor-cef5dba4fcea4fc7","hospitalRosterOnly; profileCoverageLow","carmel","מרכז רפואי כרמל","ד""ר גל רינות מזרחי אורולוגיה","https://hospitals.clalit.co.il/carmel/he/Departments-and-Outpatient-Clinics-main/Clinical-departments-and-clinics/Pages/Urology.aspx?","","","","","","","Review hospital roster record and department mapping before import.","","","",""
"reviewIssue","reviewIssue:ee9d6df186c6b8e2f0","canonicalDoctor:carmel:doctor-d8379e4a336f4dd1","doctor-d8379e4a336f4dd1","hospitalRosterOnly; profileCoverageLow","carmel","מרכז רפואי כרמל","ד""ר גליה רוזן","https://hospitals.clalit.co.il/carmel/he/Our-doctors-and-experts/Pages/galia-rozen.aspx","","","","","","","Review hospital roster record and department mapping before import.","","","",""
"reviewIssue","reviewIssue:e66a166e0c00e9c017","canonicalDoctor:carmel:doctor-1fdc9cc2b8db5d85","doctor-1fdc9cc2b8db5d85","hospitalRosterOnly; profileCoverageLow","carmel","מרכז רפואי כרמל","ד""ר גלית דיכטרמן","https://hospitals.clalit.co.il/carmel/he/Our-doctors-and-experts/Pages/galit-dichterman.aspx","","","","","","","Review hospital roster record and department mapping before import.","","","",""
"reviewIssue","reviewIssue:ce235d0423fe2b5eb6","canonicalDoctor:carmel:doctor-e2507682135682ba","doctor-e2507682135682ba","hospitalRosterOnly; profileCoverageLow","carmel","מרכז רפואי כרמל","ד""ר גלית דיכטרמן אולטרסאונד","https://hospitals.clalit.co.il/carmel/he/Departments-and-Outpatient-Clinics-main/Institutes-and-Laboratories/Imaging-X-ray/Pages/Ultrasound.aspx","","","","","","","Review hospital roster record and department mapping before import.","","","",""
"reviewIssue","reviewIssue:2a14d2388ff3f9303e","canonicalDoctor:carmel:doctor-cf4f5d7a61bd52b6","doctor-cf4f5d7a61bd52b6","hospitalRosterOnly; profileCoverageLow","carmel","מרכז רפואי כרמל","ד""ר גלית לבנת לבנון","https://hospitals.clalit.co.il/carmel/he/Our-doctors-and-experts/Pages/galit-livnat-levanon.aspx","","","","","","","Review hospital roster record and department mapping before import.","","","",""
"reviewIssue","reviewIssue:5b2772af7f1626ba07","canonicalDoctor:carmel:doctor-0fd34adf796b81a7","doctor-0fd34adf796b81a7","hospitalRosterOnly; profileCoverageLow","carmel","מרכז רפואי כרמל","ד""ר גלית לבנת לבנון מחלקת ילדים מחלות ריאה וציסטיק פיברוזיס","https://hospitals.clalit.co.il/carmel/he/Departments-and-Outpatient-Clinics-main/Clinical-departments-and-clinics/children/Pages/KidsLungUnit.aspx","","","","","","","Review hospital roster record and department mapping before import.","","","",""
"reviewIssue","reviewIssue:4c6b8230a52804335c","canonicalDoctor:carmel:doctor-4dc00660018021d6","doctor-4dc00660018021d6","hospitalRosterOnly; profileCoverageLow","carmel","מרכז רפואי כרמל","ד""ר גנאדי פליימן","https://hospitals.clalit.co.il/carmel/he/Our-doctors-and-experts/Pages/gandi-play.aspx","","","","","","","Review hospital roster record and department mapping before import.","","","",""
"reviewIssue","reviewIssue:bc2b3020823660b93f","canonicalDoctor:carmel:doctor-c3e2586a1dd8621b","doctor-c3e2586a1dd8621b","hospitalRosterOnly; profileCoverageLow","carmel","מרכז רפואי כרמל","ד""ר דביר פרויליך","https://hospitals.clalit.co.il/carmel/he/Our-doctors-and-experts/Pages/dvir-froylich.aspx","","","","","","","Review hospital roster record and department mapping before import.","","","",""
"reviewIssue","reviewIssue:fc09f1661d0b6933f5","canonicalDoctor:carmel:doctor-9fa2377fbadf9224","doctor-9fa2377fbadf9224","hospitalRosterOnly; profileCoverageLow; overlongName","carmel","מרכז רפואי כרמל","ד""ר דביר פרויליך כירורגית ב' מרפאה רב מקצועית לטיפול כירורגי בהשמנת יתר","https://hospitals.clalit.co.il/carmel/he/departments-and-outpatient-clinics-main/clinical-departments-and-clinics/surgical-world/pages/advancedlaparoscopicsurgeryunit.aspx","","","","","","","Review hospital roster record and department mapping before import.","","","",""
"reviewIssue","reviewIssue:e142ace12348f01722","canonicalDoctor:carmel:doctor-841d5c5671ebd012","doctor-841d5c5671ebd012","hospitalRosterOnly; profileCoverageLow","carmel","מרכז רפואי כרמל","ד""ר דוד ישי","https://hospitals.clalit.co.il/carmel/he/Our-doctors-and-experts/Pages/david-ishai.aspx","","","","","","","Review hospital roster record and department mapping before import.","","","",""
"reviewIssue","reviewIssue:35aa44db0325b0ffd1","canonicalDoctor:carmel:doctor-3586a01007ef77c9","doctor-3586a01007ef77c9","hospitalRosterOnly; profileCoverageLow","carmel","מרכז רפואי כרמל","ד""ר דוד ישי יחידת פוריות והפריה חוץ גופית","https://hospitals.clalit.co.il/carmel/he/Departments-and-Outpatient-Clinics-main/Clinical-departments-and-clinics/Obstetrics-and-Gynecology/Pages/In-Vitro-Fertilization.aspx","","","","","","","Review hospital roster record and department mapping before import.","","","",""
"reviewIssue","reviewIssue:63492111c249f0b1f0","canonicalDoctor:carmel:doctor-221f308a1e229979","doctor-221f308a1e229979","hospitalRosterOnly; profileCoverageLow","carmel","מרכז רפואי כרמל","ד""ר דלית מנהיים","https://hospitals.clalit.co.il/carmel/he/Our-doctors-and-experts/Pages/dalit-menhaim.aspx","","","","","","","Review hospital roster record and department mapping before import.","","","",""
"reviewIssue","reviewIssue:178665dcb058e6baac","canonicalDoctor:carmel:doctor-ab0455068950c3d3","doctor-ab0455068950c3d3","hospitalRosterOnly; profileCoverageLow","carmel","מרכז רפואי כרמל","ד""ר דמיטרי ביסטריצקי","https://hospitals.clalit.co.il/carmel/he/Our-doctors-and-experts/Pages/demitry-bis.aspx","","","","","","","Review hospital roster record and department mapping before import.","","","",""
"reviewIssue","reviewIssue:045b380e0e14de6e7b","canonicalDoctor:carmel:doctor-23085586a85ba337","doctor-23085586a85ba337","hospitalRosterOnly; profileCoverageLow","carmel","מרכז רפואי כרמל","ד""ר דמיטרי ירמנקו","https://hospitals.clalit.co.il/carmel/he/Our-doctors-and-experts/Pages/demitry-yer.aspx","","","","","","","Review hospital roster record and department mapping before import.","","","",""
"reviewIssue","reviewIssue:74f35a2244f4c917c7","canonicalDoctor:carmel:doctor-8fec968029340309","doctor-8fec968029340309","hospitalRosterOnly; profileCoverageLow","carmel","מרכז רפואי כרמל","ד""ר דמיטרי קומפניץ","https://hospitals.clalit.co.il/carmel/he/Our-doctors-and-experts/Pages/dmitry-companyts.aspx","","","","","","","Review hospital roster record and department mapping before import.","","","",""
"reviewIssue","reviewIssue:1787cf0c8daa733c6d","canonicalDoctor:carmel:doctor-ccec3740a4d6397c","doctor-ccec3740a4d6397c","hospitalRosterOnly; profileCoverageLow","carmel","מרכז רפואי כרמל","ד""ר דן לוי פבר","https://hospitals.clalit.co.il/carmel/he/Our-doctors-and-experts/Pages/danlf.aspx","","","","","","","Review hospital roster record and department mapping before import.","","","",""
"reviewIssue","reviewIssue:59f9e85c1bdaff14f8","canonicalDoctor:carmel:doctor-fa193a3590d23839","doctor-fa193a3590d23839","hospitalRosterOnly; profileCoverageLow","carmel","מרכז רפואי כרמל","ד""ר דן לוי פבר ניתוחי ריאות וחזה","https://hospitals.clalit.co.il/carmel/he/Departments-and-Outpatient-Clinics-main/Clinical-departments-and-clinics/Chest-Heart-Surgery/Pages/sts.aspx","","","","","","","Review hospital roster record and department mapping before import.","","","",""
"reviewIssue","reviewIssue:19151352b323308b87","canonicalDoctor:carmel:doctor-4b4cf90f5c0dc985","doctor-4b4cf90f5c0dc985","hospitalRosterOnly; profileCoverageLow","carmel","מרכז רפואי כרמל","ד""ר דניאל גולן","https://hospitals.clalit.co.il/carmel/he/Our-doctors-and-experts/Pages/dani-golan.aspx","","","","","","","Review hospital roster record and department mapping before import.","","","",""
"reviewIssue","reviewIssue:08267972baea9f9fa7","canonicalDoctor:carmel:doctor-3a712dc358b10415","doctor-3a712dc358b10415","hospitalRosterOnly; profileCoverageLow","carmel","מרכז רפואי כרמל","ד""ר דניאל גולן נוירולוגיה טרשת נפוצה וחקר המח","https://hospitals.clalit.co.il/carmel/he/Departments-and-Outpatient-Clinics-main/Institutes-and-Laboratories/Pages/BrainResearchCenter.aspx","","","","","","","Review hospital roster record and department mapping before import.","","","",""
"reviewIssue","reviewIssue:9eabb032ca2793dc27","canonicalDoctor:carmel:doctor-c5b8fa9130576edb","doctor-c5b8fa9130576edb","hospitalRosterOnly; profileCoverageLow","carmel","מרכז רפואי כרמל","ד""ר דניאל קושניר","https://hospitals.clalit.co.il/carmel/he/Our-doctors-and-experts/Pages/daniel-kushnir.aspx","","","","","","","Review hospital roster record and department mapping before import.","","","",""
"reviewIssue","reviewIssue:5f6b235ae27fce1540","canonicalDoctor:carmel:doctor-f0d4f081200a9b40","doctor-f0d4f081200a9b40","hospitalRosterOnly; profileCoverageLow","carmel","מרכז רפואי כרמל","ד""ר דניאל קושניר","https://hospitals.clalit.co.il/carmel/he/Our-doctors-and-experts/Pages/daniel.aspx","","","","","","","Review hospital roster record and department mapping before import.","","","",""
"reviewIssue","reviewIssue:c0ac8391886e542fa6","canonicalDoctor:carmel:doctor-9d2937487a807974","doctor-9d2937487a807974","hospitalRosterOnly; profileCoverageLow","carmel","מרכז רפואי כרמל","ד""ר דניאל קושניר נפרולוגיה נפרולוגיה ויתר לחץ דם ודיאליזה","https://hospitals.clalit.co.il/carmel/he/Patient-Information-critic/information-Center-and-Appointments/Appointments-clinics/Pages/Nephrology.aspx","","","","","","","Review hospital roster record and department mapping before import.","","","",""
"reviewIssue","reviewIssue:b59ba5ee257e22b99a","canonicalDoctor:carmel:doctor-51ee40680c0174ca","doctor-51ee40680c0174ca","hospitalRosterOnly; profileCoverageLow","carmel","מרכז רפואי כרמל","ד""ר דניאל קושניר נפרולוגיה נפרולוגיה ויתר לחץ דם ודיאליזה","https://hospitals.clalit.co.il/carmel/he/Departments-and-Outpatient-Clinics-main/Clinical-departments-and-clinics/Pages/NephrologyHypertension.aspx","","","","","","","Review hospital roster record and department mapping before import.","","","",""
"reviewIssue","reviewIssue:3590f601a2df0ad3b4","canonicalDoctor:carmel:doctor-7f8f7699c5b4c3e2","doctor-7f8f7699c5b4c3e2","hospitalRosterOnly; profileCoverageLow","carmel","מרכז רפואי כרמל","ד""ר דרור מלמד","https://hospitals.clalit.co.il/carmel/he/Our-doctors-and-experts/Pages/dror-melamed.aspx","","","","","","","Review hospital roster record and department mapping before import.","","","",""
"reviewIssue","reviewIssue:2081d42644e07df378","canonicalDoctor:carmel:doctor-f36c4cf23b8d2c4b","doctor-f36c4cf23b8d2c4b","hospitalRosterOnly; profileCoverageLow; suspiciousName; possibleProseExtraction","carmel","מרכז רפואי כרמל","ד""ר האשם חאיכ","https://hospitals.clalit.co.il/carmel/he/Our-doctors-and-experts/Pages/hasaem-haich.aspx","","","","","","","Review hospital roster record and department mapping before import.","","","",""
"reviewIssue","reviewIssue:f954ce8655d04f8662","canonicalDoctor:carmel:doctor-21d10e74dcb09f6d","doctor-21d10e74dcb09f6d","hospitalRosterOnly; profileCoverageLow","carmel","מרכז רפואי כרמל","ד""ר הבר ראובן","https://hospitals.clalit.co.il/carmel/he/Our-doctors-and-experts/Pages/reuven-haber.aspx","","","","","","","Review hospital roster record and department mapping before import.","","","",""
"reviewIssue","reviewIssue:de76ebcd2549d52c3e","canonicalDoctor:carmel:doctor-74c01a0096a78747","doctor-74c01a0096a78747","hospitalRosterOnly; profileCoverageLow","carmel","מרכז רפואי כרמל","ד""ר הזאר זהראן","https://hospitals.clalit.co.il/carmel/he/Our-doctors-and-experts/Pages/hezar-zahran.aspx","","","","","","","Review hospital roster record and department mapping before import.","","","",""
"reviewIssue","reviewIssue:e28544b2ba2a909c8d","canonicalDoctor:carmel:doctor-5dc095decf7ae552","doctor-5dc095decf7ae552","hospitalRosterOnly; profileCoverageLow","carmel","מרכז רפואי כרמל","ד""ר ואאל באבא","https://hospitals.clalit.co.il/carmel/he/Our-doctors-and-experts/Pages/wael-baba.aspx","","","","","","","Review hospital roster record and department mapping before import.","","","",""
"reviewIssue","reviewIssue:df722c0e65a6250dd1","canonicalDoctor:carmel:doctor-3c23b493021669dd","doctor-3c23b493021669dd","hospitalRosterOnly; profileCoverageLow","carmel","מרכז רפואי כרמל","ד""ר ואאל באבא גריאטריה","https://hospitals.clalit.co.il/carmel/he/Departments-and-Outpatient-Clinics-main/Clinical-departments-and-clinics/Pages/geriatrics.aspx","","","","","","","Review hospital roster record and department mapping before import.","","","",""
"reviewIssue","reviewIssue:99451b4d7ea7279178","canonicalDoctor:carmel:doctor-2d875b9a874ee17f","doctor-2d875b9a874ee17f","hospitalRosterOnly; profileCoverageLow","carmel","מרכז רפואי כרמל","ד""ר ואל סילביאן","https://hospitals.clalit.co.il/carmel/he/Our-doctors-and-experts/Pages/val-sylvian.aspx","","","","","","","Review hospital roster record and department mapping before import.","","","",""
"reviewIssue","reviewIssue:11551229b8ba8e2b5f","canonicalDoctor:carmel:doctor-ad97af5c64503871","doctor-ad97af5c64503871","hospitalRosterOnly; profileCoverageLow","carmel","מרכז רפואי כרמל","ד""ר ודים סונקין","https://hospitals.clalit.co.il/carmel/he/Our-doctors-and-experts/Pages/Vadim-Sonkin.aspx","","","","","","","Review hospital roster record and department mapping before import.","","","",""
"reviewIssue","reviewIssue:6cff01f8040f09a62e","canonicalDoctor:carmel:doctor-6aaea2001f8e2e63","doctor-6aaea2001f8e2e63","hospitalRosterOnly; profileCoverageLow","carmel","מרכז רפואי כרמל","ד""ר וורדה חאג' נסראללה","https://hospitals.clalit.co.il/carmel/he/Our-doctors-and-experts/Pages/varda-haj.aspx","","","","","","","Review hospital roster record and department mapping before import.","","","",""
"reviewIssue","reviewIssue:6ec52370902dfeb102","canonicalDoctor:carmel:doctor-690005194369bceb","doctor-690005194369bceb","hospitalRosterOnly; profileCoverageLow","carmel","מרכז רפואי כרמל","ד""ר ויטלי אלכסנדרובסקי","https://hospitals.clalit.co.il/carmel/he/Our-doctors-and-experts/Pages/vitaly-alexa.aspx","","","","","","","Review hospital roster record and department mapping before import.","","","",""
"reviewIssue","reviewIssue:798f2bb96c42f0a3cc","canonicalDoctor:carmel:doctor-1d35196619272f07","doctor-1d35196619272f07","hospitalRosterOnly; profileCoverageLow","carmel","מרכז רפואי כרמל","ד""ר ויסאם ברהום","https://hospitals.clalit.co.il/carmel/he/Our-doctors-and-experts/Pages/wisam-barhom.aspx","","","","","","","Review hospital roster record and department mapping before import.","","","",""
"reviewIssue","reviewIssue:0c85748df6f98c47e6","canonicalDoctor:carmel:doctor-1ce3ff18358c4f96","doctor-1ce3ff18358c4f96","hospitalRosterOnly; profileCoverageLow","carmel","מרכז רפואי כרמל","ד""ר ויסאם ח'ורי","https://hospitals.clalit.co.il/carmel/he/Our-doctors-and-experts/Pages/wisam-khoury.aspx","","","","","","","Review hospital roster record and department mapping before import.","","","",""
"reviewIssue","reviewIssue:937c1cca7e7b8f3af7","canonicalDoctor:carmel:doctor-791206790c629936","doctor-791206790c629936","hospitalRosterOnly; profileCoverageLow","carmel","מרכז רפואי כרמל","ד""ר ויקטור אניקין","https://hospitals.clalit.co.il/carmel/he/Our-doctors-and-experts/Pages/viktor-anykin.aspx","","","","","","","Review hospital roster record and department mapping before import.","","","",""
"reviewIssue","reviewIssue:180ff9ecc3b4aca64a","canonicalDoctor:carmel:doctor-f0dae193066ae219","doctor-f0dae193066ae219","hospitalRosterOnly; profileCoverageLow","carmel","מרכז רפואי כרמל","ד""ר ויקטור רובצ'בסקי","https://hospitals.clalit.co.il/carmel/he/Our-doctors-and-experts/Pages/victor-robchevsky.aspx","","","","","","","Review hospital roster record and department mapping before import.","","","",""
"reviewIssue","reviewIssue:b41183c23f9d189ae3","canonicalDoctor:carmel:doctor-218e463abb4e08e2","doctor-218e463abb4e08e2","hospitalRosterOnly; profileCoverageLow","carmel","מרכז רפואי כרמל","ד""ר וליד עובייד","https://hospitals.clalit.co.il/carmel/he/Our-doctors-and-experts/Pages/waleed-Wbeid.aspx","","","","","","","Review hospital roster record and department mapping before import.","","","",""
"reviewIssue","reviewIssue:00e7c97d635adcb4c9","canonicalDoctor:carmel:doctor-3cdbf91d92e48e31","doctor-3cdbf91d92e48e31","hospitalRosterOnly; profileCoverageLow","carmel","מרכז רפואי כרמל","ד""ר וסילי צ'רמיסין","https://hospitals.clalit.co.il/carmel/he/Our-doctors-and-experts/Pages/vasili-zermisin.aspx","","","","","","","Review hospital roster record and department mapping before import.","","","",""
"reviewIssue","reviewIssue:1c83b23efbb6d61f61","canonicalDoctor:carmel:doctor-84219034d9376576","doctor-84219034d9376576","hospitalRosterOnly; profileCoverageLow","carmel","מרכז רפואי כרמל","ד""ר זואיה רבקין-מיינר","https://hospitals.clalit.co.il/carmel/he/Our-doctors-and-experts/Pages/zoya-mainer.aspx","","","","","","","Review hospital roster record and department mapping before import.","","","",""
"reviewIssue","reviewIssue:c3ab80720ba9f03b26","canonicalDoctor:carmel:doctor-2f4ba62af89e4b3a","doctor-2f4ba62af89e4b3a","hospitalRosterOnly; profileCoverageLow","carmel","מרכז רפואי כרמל","ד""ר זועבי יוסרי","https://hospitals.clalit.co.il/carmel/he/Our-doctors-and-experts/Pages/zoabi-yuseri.aspx","","","","","","","Review hospital roster record and department mapping before import.","","","",""
"reviewIssue","reviewIssue:e8c1db0d3f7b64d7c1","canonicalDoctor:carmel:doctor-f78ad25a2b74d70d","doctor-f78ad25a2b74d70d","hospitalRosterOnly; profileCoverageLow","carmel","מרכז רפואי כרמל","ד""ר זועבי יוסרי מרפאה למחלות נוירומוסקולריות מכון EMG ו- EEG","https://hospitals.clalit.co.il/carmel/he/Departments-and-Outpatient-Clinics-main/Clinical-departments-and-clinics/Neurology-world/Pages/MuscularNeuroDiseasesClinic.aspx","","","","","","","Review hospital roster record and department mapping before import.","","","",""
"reviewIssue","reviewIssue:6444d62498e10dae7a","canonicalDoctor:carmel:doctor-f5958d5c895dd875","doctor-f5958d5c895dd875","hospitalRosterOnly; profileCoverageLow","carmel","מרכז רפואי כרמל","ד""ר זועבי יוסרי מרפאה למחלות נוירומוסקולריות מכון EMG ו- EEG","https://hospitals.clalit.co.il/carmel/he/Departments-and-Outpatient-Clinics-main/Institutes-and-Laboratories/Pages/EMG-EEG.aspx","","","","","","","Review hospital roster record and department mapping before import.","","","",""
"reviewIssue","reviewIssue:d477404476eb0e2f51","canonicalDoctor:carmel:doctor-b4f33b640840122e","doctor-b4f33b640840122e","hospitalRosterOnly; profileCoverageLow","carmel","מרכז רפואי כרמל","ד""ר חביב חלו","https://hospitals.clalit.co.il/carmel/he/Our-doctors-and-experts/Pages/%D7%93%D7%A8-%D7%97%D7%99%D7%9C%D7%95-%D7%97%D7%91%D7%99%D7%91.aspx","","","","","","","Review hospital roster record and department mapping before import.","","","",""
"reviewIssue","reviewIssue:2cf85bb3d185533b34","canonicalDoctor:carmel:doctor-4bd482e909e884bc","doctor-4bd482e909e884bc","hospitalRosterOnly; profileCoverageLow","carmel","מרכז רפואי כרמל","ד""ר חביב חלו מיון","https://hospitals.clalit.co.il/carmel/he/Departments-and-Outpatient-Clinics-main/Clinical-departments-and-clinics/er-world/Pages/Emergency-Medicine.aspx","","","","","","","Review hospital roster record and department mapping before import.","","","",""
"reviewIssue","reviewIssue:024ecf9d7fe1c2ec0f","canonicalDoctor:carmel:doctor-7ab83f2a345a8975","doctor-7ab83f2a345a8975","hospitalRosterOnly; profileCoverageLow","carmel","מרכז רפואי כרמל","ד""ר חוסין סלימאן","https://hospitals.clalit.co.il/carmel/he/Our-doctors-and-experts/Pages/hosin_sliman.aspx","","","","","","","Review hospital roster record and department mapping before import.","","","",""
"reviewIssue","reviewIssue:ec1568dae176e73f17","canonicalDoctor:carmel:doctor-3fff5df35a1aaa98","doctor-3fff5df35a1aaa98","hospitalRosterOnly; profileCoverageLow","carmel","מרכז רפואי כרמל","ד""ר חורחה שליאמסר","https://hospitals.clalit.co.il/carmel/he/Our-doctors-and-experts/Pages/horhe-shliamser.aspx","","","","","","","Review hospital roster record and department mapping before import.","","","",""
"reviewIssue","reviewIssue:0558b51e84396284e4","canonicalDoctor:carmel:doctor-0d64a21b6feb9ba7","doctor-0d64a21b6feb9ba7","hospitalRosterOnly; profileCoverageLow","carmel","מרכז רפואי כרמל","ד""ר טטיאנה גייר","https://hospitals.clalit.co.il/carmel/he/Our-doctors-and-experts/Pages/tatiana-geyer.aspx","","","","","","","Review hospital roster record and department mapping before import.","","","",""
"reviewIssue","reviewIssue:797b877dcab7729ebc","canonicalDoctor:carmel:doctor-56d25c426859a01f","doctor-56d25c426859a01f","hospitalRosterOnly; profileCoverageLow","carmel","מרכז רפואי כרמל","ד""ר טטיאנה דורפמן","https://hospitals.clalit.co.il/carmel/he/Our-doctors-and-experts/Pages/tatiana-dorfman.aspx","","","","","","","Review hospital roster record and department mapping before import.","","","",""
"reviewIssue","reviewIssue:e2fac46183f73b1951","canonicalDoctor:carmel:doctor-c2b0b546ecefa9d0","doctor-c2b0b546ecefa9d0","hospitalRosterOnly; profileCoverageLow","carmel","מרכז רפואי כרמל","ד""ר טטיאנה טנסיוצ'וק","https://hospitals.clalit.co.il/carmel/he/Our-doctors-and-experts/Pages/tatiana-tan.aspx","","","","","","","Review hospital roster record and department mapping before import.","","","",""
"reviewIssue","reviewIssue:da3b5756a482266ebd","canonicalDoctor:carmel:doctor-ba7869bf4f00ca4e","doctor-ba7869bf4f00ca4e","hospitalRosterOnly; profileCoverageLow","carmel","מרכז רפואי כרמל","ד""ר טטיאנה טנסיוצ'וק נפרולוגיה ויתר לחץ דם","https://hospitals.clalit.co.il/carmel/he/Departments-and-Outpatient-Clinics-main/Clinical-departments-and-clinics/nephrology-hypertension/Pages/NephrologyHypertension.aspx","","","","","","","Review hospital roster record and department mapping before import.","","","",""
"reviewIssue","reviewIssue:e6ed3426577cf6975d","canonicalDoctor:carmel:doctor-ef6ee7609df5af89","doctor-ef6ee7609df5af89","hospitalRosterOnly; profileCoverageLow","carmel","מרכז רפואי כרמל","ד""ר טטיאנה פראוד","https://hospitals.clalit.co.il/carmel/he/Our-doctors-and-experts/Pages/tatiana-froud.aspx","","","","","","","Review hospital roster record and department mapping before import.","","","",""
"reviewIssue","reviewIssue:d1bb1355a0273d6f70","canonicalDoctor:carmel:doctor-cd91fcd45ddfc0b7","doctor-cd91fcd45ddfc0b7","hospitalRosterOnly; profileCoverageLow","carmel","מרכז רפואי כרמל","ד""ר טטיאנה קלמנוביץ","https://hospitals.clalit.co.il/carmel/he/Our-doctors-and-experts/Pages/Tatiana-Kalmanovitzil.aspx","","","","","","","Review hospital roster record and department mapping before import.","","","",""
"reviewIssue","reviewIssue:6a6ab5d1db2a6bf7f2","canonicalDoctor:carmel:doctor-84e8a7efbdf2e423","doctor-84e8a7efbdf2e423","hospitalRosterOnly; profileCoverageLow","carmel","מרכז רפואי כרמל","ד""ר טל גזית","https://hospitals.clalit.co.il/carmel/he/Our-doctors-and-experts/Pages/tal-gazit.aspx","","","","","","","Review hospital roster record and department mapping before import.","","","",""
"reviewIssue","reviewIssue:97ac69da8989fc0de1","canonicalDoctor:carmel:doctor-23b9bc076390b7ba","doctor-23b9bc076390b7ba","hospitalRosterOnly; profileCoverageLow","carmel","מרכז רפואי כרמל","ד""ר טל גזית ראומטולוגיה","https://hospitals.clalit.co.il/carmel/he/Departments-and-Outpatient-Clinics-main/Clinical-departments-and-clinics/Pages/rheumatology.aspx","","","","","","","Review hospital roster record and department mapping before import.","","","",""
"reviewIssue","reviewIssue:814b9c7e3a629831e4","canonicalDoctor:carmel:doctor-99fef9d9f5e29e9f","doctor-99fef9d9f5e29e9f","hospitalRosterOnly; profileCoverageLow","carmel","מרכז רפואי כרמל","ד""ר טל סלמון","https://hospitals.clalit.co.il/carmel/he/Our-doctors-and-experts/Pages/tal-salmon.aspx","","","","","","","Review hospital roster record and department mapping before import.","","","",""
"reviewIssue","reviewIssue:9fb97f8d71c82d0650","canonicalDoctor:carmel:doctor-84ac53d6ff64a38a","doctor-84ac53d6ff64a38a","hospitalRosterOnly; profileCoverageLow","carmel","מרכז רפואי כרמל","ד""ר טל סלמון כלי דם","https://hospitals.clalit.co.il/carmel/he/Departments-and-Outpatient-Clinics-main/Clinical-departments-and-clinics/Pages/BloodVessel-unit.aspx","","","","","","","Review hospital roster record and department mapping before import.","","","",""
"reviewIssue","reviewIssue:85fe6a14332ad27049","canonicalDoctor:carmel:doctor-6b25fbc269d89c3b","doctor-6b25fbc269d89c3b","hospitalRosterOnly; profileCoverageLow","carmel","מרכז רפואי כרמל","ד""ר יאנה קוגן","https://hospitals.clalit.co.il/carmel/he/Our-doctors-and-experts/Pages/yana-kogan.aspx","","","","","","","Review hospital roster record and department mapping before import.","","","",""
"reviewIssue","reviewIssue:426aa30dbce7d2b57b","canonicalDoctor:carmel:doctor-d772d25bc1240475","doctor-d772d25bc1240475","hospitalRosterOnly; profileCoverageLow","carmel","מרכז רפואי כרמל","ד""ר יאנה קוגן ד","https://hospitals.clalit.co.il/carmel/he/Departments-and-Outpatient-Clinics-main/Institutes-and-Laboratories/Pages/Lung.aspx","","","","","","","Review hospital roster record and department mapping before import.","","","",""
"reviewIssue","reviewIssue:f061b3e95c27864772","canonicalDoctor:carmel:doctor-49d401eab013b5e0","doctor-49d401eab013b5e0","hospitalRosterOnly; profileCoverageLow","carmel","מרכז רפואי כרמל","ד""ר יבגני קוחנובסקי","https://hospitals.clalit.co.il/carmel/he/Our-doctors-and-experts/Pages/evgeny-kokhanovsky.aspx","","","","","","","Review hospital roster record and department mapping before import.","","","",""
"reviewIssue","reviewIssue:ffe8c58327b7424055","canonicalDoctor:carmel:doctor-8c0ba5decc6bf4d4","doctor-8c0ba5decc6bf4d4","hospitalRosterOnly; profileCoverageLow","carmel","מרכז רפואי כרמל","ד""ר יגאל אלנברג","https://hospitals.clalit.co.il/carmel/he/Our-doctors-and-experts/Pages/yigal-alenberg.aspx","","","","","","","Review hospital roster record and department mapping before import.","","","",""
"reviewIssue","reviewIssue:251f85adf05c93e778","canonicalDoctor:carmel:doctor-39edd367d893435f","doctor-39edd367d893435f","hospitalRosterOnly; profileCoverageLow","carmel","מרכז רפואי כרמל","ד""ר יהונתן גוטליב","https://hospitals.clalit.co.il/carmel/he/Our-doctors-and-experts/Pages/jonathan-gottliev.aspx","","","","","","","Review hospital roster record and department mapping before import.","","","",""
"reviewIssue","reviewIssue:2e1407f0be16ee3657","canonicalDoctor:carmel:doctor-0ed2307889cc35a2","doctor-0ed2307889cc35a2","hospitalRosterOnly; profileCoverageLow","carmel","מרכז רפואי כרמל","ד""ר יואב יניר","https://hospitals.clalit.co.il/carmel/he/Our-doctors-and-experts/Pages/yoav-ya.aspx","","","","","","","Review hospital roster record and department mapping before import.","","","",""
"reviewIssue","reviewIssue:20ecc6ca33ca5e92fe","canonicalDoctor:carmel:doctor-9832c4c748fcf04f","doctor-9832c4c748fcf04f","hospitalRosterOnly; profileCoverageLow","carmel","מרכז רפואי כרמל","ד""ר יואב יניר אף אוזן גרון","https://hospitals.clalit.co.il/carmel/he/Departments-and-Outpatient-Clinics-main/Clinical-departments-and-clinics/EarNoseThroatSurgery/Pages/Otolaryngology.aspx","","","","","","","Review hospital roster record and department mapping before import.","","","",""
"reviewIssue","reviewIssue:57dff4e9df607e3b5c","canonicalDoctor:carmel:doctor-72048e27a0da2f6d","doctor-72048e27a0da2f6d","hospitalRosterOnly; profileCoverageLow","carmel","מרכז רפואי כרמל","ד""ר יואב ליטנר","https://hospitals.clalit.co.il/carmel/he/Our-doctors-and-experts/Pages/yoav-litner.aspx","","","","","","","Review hospital roster record and department mapping before import.","","","",""
"reviewIssue","reviewIssue:e618bca34dc0b272c4","canonicalDoctor:carmel:doctor-aff3a806f8eae058","doctor-aff3a806f8eae058","hospitalRosterOnly; profileCoverageLow","carmel","מרכז רפואי כרמל","ד""ר יואב ליטנר פגיה","https://hospitals.clalit.co.il/carmel/he/Departments-and-Outpatient-Clinics-main/Clinical-departments-and-clinics/Premature/pages/premature-dep.aspx","","","","","","","Review hospital roster record and department mapping before import.","","","",""
"reviewIssue","reviewIssue:2eac8dffa771c2d428","canonicalDoctor:carmel:doctor-142c487fb373b7c0","doctor-142c487fb373b7c0","hospitalRosterOnly; profileCoverageLow","carmel","מרכז רפואי כרמל","ד""ר יובל פרייפלד","https://hospitals.clalit.co.il/carmel/he/Our-doctors-and-experts/Pages/yuval-frifeld.aspx","","","","","","","Review hospital roster record and department mapping before import.","","","",""
"reviewIssue","reviewIssue:3fabd9b80aa257a45c","canonicalDoctor:carmel:doctor-ac3e839c8a58207f","doctor-ac3e839c8a58207f","hospitalRosterOnly; profileCoverageLow","carmel","מרכז רפואי כרמל","ד""ר יובל קאופמן","https://hospitals.clalit.co.il/carmel/he/Our-doctors-and-experts/Pages/mdkaufman.aspx","","","","","","","Review hospital roster record and department mapping before import.","","","",""
"reviewIssue","reviewIssue:4f7bbfd3442936fde1","canonicalDoctor:carmel:doctor-21c9ef0d785c3898","doctor-21c9ef0d785c3898","hospitalRosterOnly; profileCoverageLow","carmel","מרכז רפואי כרמל","ד""ר יוליה סוסלנד","https://hospitals.clalit.co.il/carmel/he/Our-doctors-and-experts/Pages/yulia-sosland.aspx","","","","","","","Review hospital roster record and department mapping before import.","","","",""
"reviewIssue","reviewIssue:dcbda0d8735a6663d6","canonicalDoctor:carmel:doctor-99ddb860706a6d80","doctor-99ddb860706a6d80","hospitalRosterOnly; profileCoverageLow","carmel","מרכז רפואי כרמל","ד""ר יוליה סוסלנד מחלקת יולדות חדר לידה","https://hospitals.clalit.co.il/carmel/he/Departments-and-Outpatient-Clinics-main/Clinical-departments-and-clinics/Obstetrics-and-Gynecology/Pregnancy-and-Birth/Birth/maternity-ward/Pages/maternity.aspx","","","","","","","Review hospital roster record and department mapping before import.","","","",""
"reviewIssue","reviewIssue:f7a8fcadd4be9c48b9","canonicalDoctor:carmel:doctor-13919af11e9a744a","doctor-13919af11e9a744a","hospitalRosterOnly; profileCoverageLow; listOnlyMostly; missingProfileUrl","carmel","מרכז רפואי כרמל","ד""ר יוליה סוסלנד מחלקת יולדות חדר לידה","","","","","","","","Review hospital roster record and department mapping before import.","","","",""
"reviewIssue","reviewIssue:ea8aa3afddf4236ba8","canonicalDoctor:carmel:doctor-73907037282fe9d4","doctor-73907037282fe9d4","hospitalRosterOnly; profileCoverageLow","carmel","מרכז רפואי כרמל","ד""ר יונס בקלי רים","https://hospitals.clalit.co.il/carmel/he/Our-doctors-and-experts/Pages/Reem-Yones.aspx","","","","","","","Review hospital roster record and department mapping before import.","","","",""
"reviewIssue","reviewIssue:9730b0ce4e2bb8e06d","canonicalDoctor:carmel:doctor-046375323e76fc9e","doctor-046375323e76fc9e","hospitalRosterOnly; profileCoverageLow","carmel","מרכז רפואי כרמל","ד""ר יוסף בולוס","https://hospitals.clalit.co.il/carmel/he/Our-doctors-and-experts/Pages/yousef-boulus.aspx","","","","","","","Review hospital roster record and department mapping before import.","","","",""
"reviewIssue","reviewIssue:a1255fb6b2ff70d63a","canonicalDoctor:carmel:doctor-01f5e46a4e88f166","doctor-01f5e46a4e88f166","hospitalRosterOnly; profileCoverageLow","carmel","מרכז רפואי כרמל","ד""ר יוסף לחוד","https://hospitals.clalit.co.il/carmel/he/Our-doctors-and-experts/Pages/joseph-lachud.aspx","","","","","","","Review hospital roster record and department mapping before import.","","","",""
"reviewIssue","reviewIssue:8b07942ead3644a180","canonicalDoctor:carmel:doctor-2ab43b6a2fe8f2dc","doctor-2ab43b6a2fe8f2dc","hospitalRosterOnly; profileCoverageLow","carmel","מרכז רפואי כרמל","ד""ר יוסף מיכאיל","https://hospitals.clalit.co.il/carmel/he/Our-doctors-and-experts/Pages/yosef-michail.aspx","","","","","","","Review hospital roster record and department mapping before import.","","","",""
"reviewIssue","reviewIssue:13cc3c0cb322643624","canonicalDoctor:carmel:doctor-b60d0d8b37f6e46e","doctor-b60d0d8b37f6e46e","hospitalRosterOnly; profileCoverageLow","carmel","מרכז רפואי כרמל","ד""ר יוסף סטרולוביץ'","https://hospitals.clalit.co.il/carmel/he/Our-doctors-and-experts/Pages/yossef-strulovitz.aspx","","","","","","","Review hospital roster record and department mapping before import.","","","",""
"reviewIssue","reviewIssue:8d71b4f26629eafb5d","canonicalDoctor:carmel:doctor-7752458229cbd8c7","doctor-7752458229cbd8c7","hospitalRosterOnly; profileCoverageLow","carmel","מרכז רפואי כרמל","ד""ר יוספה הורוביץ","https://hospitals.clalit.co.il/carmel/he/Our-doctors-and-experts/Pages/yossefa-horovitz.aspx","","","","","","","Review hospital roster record and department mapping before import.","","","",""
"reviewIssue","reviewIssue:efe7a4347012f4d448","canonicalDoctor:carmel:doctor-dbe1df91c2964ceb","doctor-dbe1df91c2964ceb","hospitalRosterOnly; profileCoverageLow","carmel","מרכז רפואי כרמל","ד""ר יורם דקל","https://hospitals.clalit.co.il/carmel/he/Our-doctors-and-experts/Pages/yoram-dekel.aspx","","","","","","","Review hospital roster record and department mapping before import.","","","",""
"reviewIssue","reviewIssue:48ca9fbf7a4a946a9d","canonicalDoctor:carmel:doctor-9faf9f60621bd0b9","doctor-9faf9f60621bd0b9","hospitalRosterOnly; profileCoverageLow","carmel","מרכז רפואי כרמל","ד""ר יותם שיינר","https://hospitals.clalit.co.il/carmel/he/Our-doctors-and-experts/Pages/yotam-shyner.aspx","","","","","","","Review hospital roster record and department mapping before import.","","","",""
"reviewIssue","reviewIssue:4b892ef9b911205f76","canonicalDoctor:carmel:doctor-69fc8786cdb48b29","doctor-69fc8786cdb48b29","hospitalRosterOnly; profileCoverageLow","carmel","מרכז רפואי כרמל","ד""ר ילנה מח'ולה","https://hospitals.clalit.co.il/carmel/he/Our-doctors-and-experts/Pages/yelena-m.aspx","","","","","","","Review hospital roster record and department mapping before import.","","","",""
"reviewIssue","reviewIssue:f3eb5d5281d34d3e06","canonicalDoctor:carmel:doctor-b8ceb2f1a050852d","doctor-b8ceb2f1a050852d","hospitalRosterOnly; profileCoverageLow","carmel","מרכז רפואי כרמל","ד""ר ילנה מח'ולה מחלות צוואר הרחם ודרכי מין תחתונות","https://hospitals.clalit.co.il/carmel/he/Departments-and-Outpatient-Clinics-main/Clinical-departments-and-clinics/Obstetrics-and-Gynecology/Gynecology/Pages/Cervical.aspx","","","","","","","Review hospital roster record and department mapping before import.","","","",""
"reviewIssue","reviewIssue:dd7e6520fceb030b30","canonicalDoctor:carmel:doctor-f80e4c0c7b66076a","doctor-f80e4c0c7b66076a","hospitalRosterOnly; profileCoverageLow","carmel","מרכז רפואי כרמל","ד""ר ילנה מישצ'נקו","https://hospitals.clalit.co.il/carmel/he/Our-doctors-and-experts/Pages/elena_mishchanko.aspx","","","","","","","Review hospital roster record and department mapping before import.","","","",""
"reviewIssue","reviewIssue:3053d4bbdc376cd144","canonicalDoctor:carmel:doctor-1e8309ad4518ca4f","doctor-1e8309ad4518ca4f","hospitalRosterOnly; profileCoverageLow","carmel","מרכז רפואי כרמל","ד""ר ילנה נוטס","https://hospitals.clalit.co.il/carmel/he/Our-doctors-and-experts/Pages/yelena-knotts.aspx","","","","","","","Review hospital roster record and department mapping before import.","","","",""
"reviewIssue","reviewIssue:2f48d3ce28ecd975ee","canonicalDoctor:carmel:doctor-645351f6daaed1b7","doctor-645351f6daaed1b7","hospitalRosterOnly; profileCoverageLow","carmel","מרכז רפואי כרמל","ד""ר ילנה נוטס הדמיית רנטגן CT טומוגרפיה ממוחשבת","https://hospitals.clalit.co.il/carmel/he/Departments-and-Outpatient-Clinics-main/Institutes-and-Laboratories/Imaging-X-ray/Pages/CT-computed-tomography.aspx","","","","","","","Review hospital roster record and department mapping before import.","","","",""
"reviewIssue","reviewIssue:02af8c83d4e2b02f0d","canonicalDoctor:carmel:doctor-0472998d6a435d72","doctor-0472998d6a435d72","hospitalRosterOnly; profileCoverageLow","carmel","מרכז רפואי כרמל","ד""ר ינון שפירא","https://hospitals.clalit.co.il/carmel/he/Our-doctors-and-experts/Pages/yinon-shapira.aspx","","","","","","","Review hospital roster record and department mapping before import.","","","",""
"reviewIssue","reviewIssue:0ba7d2f8d85fd711f1","canonicalDoctor:carmel:doctor-a16e1bbb31c5dfbc","doctor-a16e1bbb31c5dfbc","hospitalRosterOnly; profileCoverageLow","carmel","מרכז רפואי כרמל","ד""ר יניב יונאי","https://hospitals.clalit.co.il/carmel/he/Our-doctors-and-experts/Pages/yaniv-yonai.aspx","","","","","","","Review hospital roster record and department mapping before import.","","","",""
"reviewIssue","reviewIssue:2e57aba5e1373bbce8","canonicalDoctor:carmel:doctor-4b6f7cd1cae7b954","doctor-4b6f7cd1cae7b954","hospitalRosterOnly; profileCoverageLow","carmel","מרכז רפואי כרמל","ד""ר יניב שטיינפלד","https://hospitals.clalit.co.il/carmel/he/Our-doctors-and-experts/Pages/yaniv-moshe-steinfeld.aspx","","","","","","","Review hospital roster record and department mapping before import.","","","",""
"reviewIssue","reviewIssue:6b2ec2fdb613827204","canonicalDoctor:carmel:doctor-085ba386ae60c296","doctor-085ba386ae60c296","hospitalRosterOnly; profileCoverageLow","carmel","מרכז רפואי כרמל","ד""ר יעל גולדברג","https://hospitals.clalit.co.il/carmel/he/Our-doctors-and-experts/Pages/yael-goldberg.aspx","","","","","","","Review hospital roster record and department mapping before import.","","","",""
"reviewIssue","reviewIssue:ec581af8e7880dcdcb","canonicalDoctor:carmel:doctor-0fb8867bce6ac854","doctor-0fb8867bce6ac854","hospitalRosterOnly; profileCoverageLow","carmel","מרכז רפואי כרמל","ד""ר יעל צנטר","https://hospitals.clalit.co.il/carmel/he/Our-doctors-and-experts/Pages/yeal-tsenter.aspx","","","","","","","Review hospital roster record and department mapping before import.","","","",""
"reviewIssue","reviewIssue:5aa2e6a90f18a66273","canonicalDoctor:carmel:doctor-0b20ceef70d1f7ff","doctor-0b20ceef70d1f7ff","hospitalRosterOnly; profileCoverageLow","carmel","מרכז רפואי כרמל","ד""ר יעל צנטר מכון פתולוגיה","https://hospitals.clalit.co.il/carmel/he/Departments-and-Outpatient-Clinics-main/Institutes-and-Laboratories/Pages/Pathology.aspx","","","","","","","Review hospital roster record and department mapping before import.","","","",""
"reviewIssue","reviewIssue:fb752875c7dbb3c038","canonicalDoctor:carmel:doctor-f8914ec25554eb3b","doctor-f8914ec25554eb3b","hospitalRosterOnly; profileCoverageLow","carmel","מרכז רפואי כרמל","ד""ר יעקב גורביץ'","https://hospitals.clalit.co.il/carmel/he/Our-doctors-and-experts/Pages/yakov-gur.aspx","","","","","","","Review hospital roster record and department mapping before import.","","","",""
"reviewIssue","reviewIssue:2468246e1e0543f368","canonicalDoctor:carmel:doctor-8c39567bc1b37d24","doctor-8c39567bc1b37d24","hospitalRosterOnly; profileCoverageLow","carmel","מרכז רפואי כרמל","ד""ר יעקב דיקשטיין","https://hospitals.clalit.co.il/carmel/he/Our-doctors-and-experts/Pages/kobi-dickstein.aspx","","","","","","","Review hospital roster record and department mapping before import.","","","",""
"reviewIssue","reviewIssue:c602b4b8e04d2f8189","canonicalDoctor:carmel:doctor-ab2a5df7f436e082","doctor-ab2a5df7f436e082","hospitalRosterOnly; profileCoverageLow","carmel","מרכז רפואי כרמל","ד""ר יעקב שנדלר","https://hospitals.clalit.co.il/carmel/he/Our-doctors-and-experts/Pages/yaakov-shandler.aspx","","","","","","","Review hospital roster record and department mapping before import.","","","",""
"reviewIssue","reviewIssue:5fd02a56aadcebb032","canonicalDoctor:carmel:doctor-bac5d026d8a70f6a","doctor-bac5d026d8a70f6a","hospitalRosterOnly; profileCoverageLow","carmel","מרכז רפואי כרמל","ד""ר יצחק ענתבי","https://hospitals.clalit.co.il/carmel/he/Our-doctors-and-experts/Pages/izhak-antebi.aspx","","","","","","","Review hospital roster record and department mapping before import.","","","",""
"reviewIssue","reviewIssue:30b572b4028c70f4fe","canonicalDoctor:carmel:doctor-87508903a22cd01a","doctor-87508903a22cd01a","hospitalRosterOnly; profileCoverageLow","carmel","מרכז רפואי כרמל","ד""ר יקטרינה שולמן","https://hospitals.clalit.co.il/carmel/he/Our-doctors-and-experts/Pages/katherina-shulman.aspx","","","","","","","Review hospital roster record and department mapping before import.","","","",""
"reviewIssue","reviewIssue:2195609c82aa0873d1","canonicalDoctor:carmel:doctor-bf87d739d2b659b1","doctor-bf87d739d2b659b1","hospitalRosterOnly; profileCoverageLow","carmel","מרכז רפואי כרמל","ד""ר יקיר שגב","https://hospitals.clalit.co.il/carmel/he/Our-doctors-and-experts/Pages/yakir-segev.aspx","","","","","","","Review hospital roster record and department mapping before import.","","","",""
"reviewIssue","reviewIssue:d187048c75b12de400","canonicalDoctor:carmel:doctor-8d045b87775bd24b","doctor-8d045b87775bd24b","hospitalRosterOnly; profileCoverageLow; suspiciousName; possibleProseExtraction","carmel","מרכז רפואי כרמל","ד""ר יקיר שגב מחלקת נשים היחידה לגינקולוגיה אונקולוגית","https://hospitals.clalit.co.il/carmel/he/Departments-and-Outpatient-Clinics-main/Clinical-departments-and-clinics/Obstetrics-and-Gynecology/Gynecology/Pages/Department-of-Gynecology-and-Surgical-Oncology.aspx","","","","","","","Review hospital roster record and department mapping before import.","","","",""
"reviewIssue","reviewIssue:abef831ae34e7f52a2","canonicalDoctor:carmel:doctor-8cf57d3be94e8d94","doctor-8cf57d3be94e8d94","hospitalRosterOnly; profileCoverageLow","carmel","מרכז רפואי כרמל","ד""ר ירון ברקוביץ","https://hospitals.clalit.co.il/carmel/he/Our-doctors-and-experts/Pages/yaron-berkowitz.aspx","","","","","","","Review hospital roster record and department mapping before import.","","","",""
"reviewIssue","reviewIssue:f2c39a5fa11117b014","canonicalDoctor:carmel:doctor-e2a2a8e97adc06e3","doctor-e2a2a8e97adc06e3","hospitalRosterOnly; profileCoverageLow","carmel","מרכז רפואי כרמל","ד""ר ירון זאולן","https://hospitals.clalit.co.il/carmel/he/Our-doctors-and-experts/Pages/yaron-zaulan.aspx","","","","","","","Review hospital roster record and department mapping before import.","","","",""
"reviewIssue","reviewIssue:7b810e98ccaa1a2dfd","canonicalDoctor:carmel:doctor-270b187793132308","doctor-270b187793132308","hospitalRosterOnly; profileCoverageLow","carmel","מרכז רפואי כרמל","ד""ר ירון רבינוביץ","https://hospitals.clalit.co.il/carmel/he/Our-doctors-and-experts/Pages/yaron-rabinovitz.aspx","","","","","","","Review hospital roster record and department mapping before import.","","","",""
"reviewIssue","reviewIssue:948c48119c843aeb52","canonicalDoctor:carmel:doctor-9b94180155c40098","doctor-9b94180155c40098","hospitalRosterOnly; profileCoverageLow","carmel","מרכז רפואי כרמל","ד""ר ישראל סרפוב","https://hospitals.clalit.co.il/carmel/he/Our-doctors-and-experts/Pages/israel-sar.aspx","","","","","","","Review hospital roster record and department mapping before import.","","","",""
"reviewIssue","reviewIssue:e6c896fcf939ae6f3e","canonicalDoctor:carmel:doctor-2193d174ff1508d5","doctor-2193d174ff1508d5","hospitalRosterOnly; profileCoverageLow","carmel","מרכז רפואי כרמל","ד""ר ישראל סרפוב ניתוחי לב וחזה","https://hospitals.clalit.co.il/carmel/he/Departments-and-Outpatient-Clinics-main/Clinical-departments-and-clinics/Chest-Heart-Surgery/Pages/ChestHeartSurgery.aspx","","","","","","","Review hospital roster record and department mapping before import.","","","",""
"reviewIssue","reviewIssue:519d0acbdcd328f281","canonicalDoctor:carmel:doctor-9cb8f6ea538f1a95","doctor-9cb8f6ea538f1a95","hospitalRosterOnly; profileCoverageLow","carmel","מרכז רפואי כרמל","ד""ר לאוניד בויארסקי","https://hospitals.clalit.co.il/carmel/he/Our-doctors-and-experts/Pages/leonid-Boarski.aspx","","","","","","","Review hospital roster record and department mapping before import.","","","",""
"reviewIssue","reviewIssue:7f6d3b9cde1305cd96","canonicalDoctor:carmel:doctor-4394bd7eacdc7b2a","doctor-4394bd7eacdc7b2a","hospitalRosterOnly; profileCoverageLow","carmel","מרכז רפואי כרמל","ד""ר לודמילה אוסטרובסקי","https://hospitals.clalit.co.il/carmel/he/Our-doctors-and-experts/Pages/ludmila-ostrovski.aspx","","","","","","","Review hospital roster record and department mapping before import.","","","",""
"reviewIssue","reviewIssue:69b34e4e5254b93d21","canonicalDoctor:carmel:doctor-afeb0d3f1e503062","doctor-afeb0d3f1e503062","hospitalRosterOnly; profileCoverageLow","carmel","מרכז רפואי כרמל","ד""ר לוטוף חאג'","https://hospitals.clalit.co.il/carmel/he/Our-doctors-and-experts/Pages/lotof-hajj.aspx","","","","","","","Review hospital roster record and department mapping before import.","","","",""
"reviewIssue","reviewIssue:fca7d5a7d82a5632d4","canonicalDoctor:carmel:doctor-71bb995f79fc3708","doctor-71bb995f79fc3708","hospitalRosterOnly; profileCoverageLow","carmel","מרכז רפואי כרמל","ד""ר לוטוף חאג' הדמיית רנטגן מכון לתהודה מגנטית","https://hospitals.clalit.co.il/carmel/he/Departments-and-Outpatient-Clinics-main/Institutes-and-Laboratories/Imaging-X-ray/Pages/MRI.aspx","","","","","","","Review hospital roster record and department mapping before import.","","","",""
"reviewIssue","reviewIssue:6de5d32957300249bd","canonicalDoctor:carmel:doctor-d8796f961aaca9eb","doctor-d8796f961aaca9eb","hospitalRosterOnly; profileCoverageLow","carmel","מרכז רפואי כרמל","ד""ר ליאב יואלי","https://hospitals.clalit.co.il/carmel/he/Our-doctors-and-experts/Pages/liav-yoeli.aspx","","","","","","","Review hospital roster record and department mapping before import.","","","",""
"reviewIssue","reviewIssue:e772d07d3395312f16","canonicalDoctor:carmel:doctor-f606dbe4a0b5984f","doctor-f606dbe4a0b5984f","hospitalRosterOnly; profileCoverageLow","carmel","מרכז רפואי כרמל","ד""ר ליאוניד בריזגלין","https://hospitals.clalit.co.il/carmel/he/Our-doctors-and-experts/Pages/leonid-bri.aspx","","","","","","","Review hospital roster record and department mapping before import.","","","",""
"reviewIssue","reviewIssue:69c9525aaab991d6fe","canonicalDoctor:carmel:doctor-592ec44f1b69f594","doctor-592ec44f1b69f594","hospitalRosterOnly; profileCoverageLow","carmel","מרכז רפואי כרמל","ד""ר ליאור בן צבי","https://hospitals.clalit.co.il/carmel/he/Our-doctors-and-experts/Pages/lior-benzvi.aspx","","","","","","","Review hospital roster record and department mapping before import.","","","",""
"reviewIssue","reviewIssue:59fc26b9731f2e351f","canonicalDoctor:carmel:doctor-8f84fd47ebf3b95f","doctor-8f84fd47ebf3b95f","hospitalRosterOnly; profileCoverageLow","carmel","מרכז רפואי כרמל","ד""ר ליאור כהן","https://hospitals.clalit.co.il/carmel/he/Our-doctors-and-experts/Pages/lior-cohen.aspx","","","","","","","Review hospital roster record and department mapping before import.","","","",""
"reviewIssue","reviewIssue:235950d4417db26dbe","canonicalDoctor:carmel:doctor-220c10fcfacba871","doctor-220c10fcfacba871","hospitalRosterOnly; profileCoverageLow","carmel","מרכז רפואי כרמל","ד""ר ליאת פרידמן גרנות","https://hospitals.clalit.co.il/carmel/he/Our-doctors-and-experts/Pages/liat-friedman-granot.aspx","","","","","","","Review hospital roster record and department mapping before import.","","","",""
"reviewIssue","reviewIssue:2062464998dab9267c","canonicalDoctor:carmel:doctor-7b47076ff1b73305","doctor-7b47076ff1b73305","hospitalRosterOnly; profileCoverageLow","carmel","מרכז רפואי כרמל","ד""ר ליודמילה יעקובלב","https://hospitals.clalit.co.il/carmel/he/Our-doctors-and-experts/Pages/ludmila-yakovlev.aspx","","","","","","","Review hospital roster record and department mapping before import.","","","",""
"reviewIssue","reviewIssue:3f89b64d974e178a93","canonicalDoctor:carmel:doctor-a7169320e2aa3389","doctor-a7169320e2aa3389","hospitalRosterOnly; profileCoverageLow","carmel","מרכז רפואי כרמל","ד""ר לילך שמר-מאירי","https://hospitals.clalit.co.il/carmel/he/Our-doctors-and-experts/Pages/lilach-she.aspx","","","","","","","Review hospital roster record and department mapping before import.","","","",""
"reviewIssue","reviewIssue:84cfb03c0a0686ca94","canonicalDoctor:carmel:doctor-ffd63e1ba357ca4c","doctor-ffd63e1ba357ca4c","hospitalRosterOnly; profileCoverageLow","carmel","מרכז רפואי כרמל","ד""ר לילך שמר-מאירי נוירולוגיה ילדים מחלקת ילדים","https://hospitals.clalit.co.il/carmel/he/Departments-and-Outpatient-Clinics-main/Clinical-departments-and-clinics/children/Pages/ChildNeurologyUnit.aspx","","","","","","","Review hospital roster record and department mapping before import.","","","",""
"reviewIssue","reviewIssue:a04a0ecd2570d08932","canonicalDoctor:carmel:doctor-01f80d1fdfe91a76","doctor-01f80d1fdfe91a76","hospitalRosterOnly; profileCoverageLow","carmel","מרכז רפואי כרמל","ד""ר לירון קידר","https://hospitals.clalit.co.il/carmel/he/Our-doctors-and-experts/Pages/liron-keydar.aspx","","","","","","","Review hospital roster record and department mapping before import.","","","",""
"reviewIssue","reviewIssue:de05df912a326f22b9","canonicalDoctor:carmel:doctor-2888b9dcd5d687fc","doctor-2888b9dcd5d687fc","hospitalRosterOnly; profileCoverageLow","carmel","מרכז רפואי כרמל","ד""ר לנה גיטין","https://hospitals.clalit.co.il/carmel/he/Our-doctors-and-experts/Pages/lena-gitin.aspx","","","","","","","Review hospital roster record and department mapping before import.","","","",""
"reviewIssue","reviewIssue:f58622374fecf3fea7","canonicalDoctor:carmel:doctor-dc7aebe2857bc851","doctor-dc7aebe2857bc851","hospitalRosterOnly; profileCoverageLow","carmel","מרכז רפואי כרמל","ד""ר לנה ונצוליס מח'ולה","https://hospitals.clalit.co.il/carmel/he/Our-doctors-and-experts/Pages/lena-vanchulis.aspx","","","","","","","Review hospital roster record and department mapping before import.","","","",""
"reviewIssue","reviewIssue:9ab4bde2ee686240e2","canonicalDoctor:carmel:doctor-2025c04704bdaaa9","doctor-2025c04704bdaaa9","hospitalRosterOnly; profileCoverageLow; overlongName","carmel","מרכז רפואי כרמל","ד""ר לנה ונצוליס מח'ולה רפואת נשים מחלות צוואר הרחם ודרכי מין תחתונות","https://hospitals.clalit.co.il/carmel/he/Departments-and-Outpatient-Clinics-main/Clinical-departments-and-clinics/Obstetrics-and-Gynecology/Gynecology/Pages/default.aspx","","","","","","","Review hospital roster record and department mapping before import.","","","",""
"reviewIssue","reviewIssue:f2b4979f8e67d3fda9","canonicalDoctor:carmel:doctor-acb7bdca195ccf90","doctor-acb7bdca195ccf90","hospitalRosterOnly; profileCoverageLow","carmel","מרכז רפואי כרמל","ד""ר לריסה כצבמן","https://hospitals.clalit.co.il/carmel/he/Our-doctors-and-experts/Pages/larisa-ketzbman.aspx","","","","","","","Review hospital roster record and department mapping before import.","","","",""
"reviewIssue","reviewIssue:706287783602001a45","canonicalDoctor:carmel:doctor-0fba1a154fce9a30","doctor-0fba1a154fce9a30","hospitalRosterOnly; profileCoverageLow","carmel","מרכז רפואי כרמל","ד""ר לריסה כצבמן דימות","https://hospitals.clalit.co.il/carmel/he/Departments-and-Outpatient-Clinics-main/Institutes-and-Laboratories/Imaging-X-ray/Pages/X-rays.aspx","","","","","","","Review hospital roster record and department mapping before import.","","","",""
"reviewIssue","reviewIssue:a7dc556f8927013b3e","canonicalDoctor:carmel:doctor-03c3d116406bc63e","doctor-03c3d116406bc63e","hospitalRosterOnly; profileCoverageLow","carmel","מרכז רפואי כרמל","ד""ר מאג'ד חסון","https://hospitals.clalit.co.il/carmel/he/Our-doctors-and-experts/Pages/%D7%93%D7%A8-%D7%9E%D7%90%D7%92%D7%93-%D7%97%D7%A1%D7%95%D7%9F.aspx","","","","","","","Review hospital roster record and department mapping before import.","","","",""
"reviewIssue","reviewIssue:6171b2ea03b161ec35","canonicalDoctor:carmel:doctor-e367b7802cfb7b46","doctor-e367b7802cfb7b46","hospitalRosterOnly; profileCoverageLow","carmel","מרכז רפואי כרמל","ד""ר מאיה מור","https://hospitals.clalit.co.il/carmel/he/Our-doctors-and-experts/Pages/maya-mor.aspx","","","","","","","Review hospital roster record and department mapping before import.","","","",""
"reviewIssue","reviewIssue:838400391606b1e676","canonicalDoctor:carmel:doctor-a76f08bef29bbdf1","doctor-a76f08bef29bbdf1","hospitalRosterOnly; profileCoverageLow","carmel","מרכז רפואי כרמל","ד""ר מאיה מור רפואה גרעינית","https://hospitals.clalit.co.il/carmel/he/Departments-and-Outpatient-Clinics-main/Institutes-and-Laboratories/Pages/Nuclear-Medicine.aspx","","","","","","","Review hospital roster record and department mapping before import.","","","",""
"reviewIssue","reviewIssue:6eddc64f1a7b513a65","canonicalDoctor:carmel:doctor-4f4b2b22d4e8c525","doctor-4f4b2b22d4e8c525","hospitalRosterOnly; profileCoverageLow","carmel","מרכז רפואי כרמל","ד""ר מאיר פרייס","https://hospitals.clalit.co.il/carmel/he/Our-doctors-and-experts/Pages/meir-pr.aspx","","","","","","","Review hospital roster record and department mapping before import.","","","",""
"reviewIssue","reviewIssue:48b30269a07930f463","canonicalDoctor:carmel:doctor-63e6424e3761e820","doctor-63e6424e3761e820","hospitalRosterOnly; profileCoverageLow","carmel","מרכז רפואי כרמל","ד""ר מהא חוראני","https://hospitals.clalit.co.il/carmel/he/Our-doctors-and-experts/Pages/maha-horani.aspx","","","","","","","Review hospital roster record and department mapping before import.","","","",""
"reviewIssue","reviewIssue:a9f82ede20ea6d4f38","canonicalDoctor:carmel:doctor-40ec68155270489f","doctor-40ec68155270489f","hospitalRosterOnly; profileCoverageLow; overlongName","carmel","מרכז רפואי כרמל","ד""ר מהא חוראני מרפאת פרקינסון והפרעות בתנועה מחלקת נוירולוגיה","https://hospitals.clalit.co.il/carmel/he/Departments-and-Outpatient-Clinics-main/Clinical-departments-and-clinics/Neurology-world/Pages/ParkinsonClinic.aspx","","","","","","","Review hospital roster record and department mapping before import.","","","",""
"reviewIssue","reviewIssue:0678ae2ad1ba839a36","canonicalDoctor:carmel:doctor-f1b204688df7f6f1","doctor-f1b204688df7f6f1","hospitalRosterOnly; profileCoverageLow","carmel","מרכז רפואי כרמל","ד""ר מהרן כבהה","https://hospitals.clalit.co.il/carmel/he/Our-doctors-and-experts/Pages/mahran-kabaha.aspx","","","","","","","Review hospital roster record and department mapping before import.","","","",""
"reviewIssue","reviewIssue:5341f4df36ec65a2ea","canonicalDoctor:carmel:doctor-d6785810a0716428","doctor-d6785810a0716428","hospitalRosterOnly; profileCoverageLow","carmel","מרכז רפואי כרמל","ד""ר מוחמד חמד סעיד","https://hospitals.clalit.co.il/carmel/he/Our-doctors-and-experts/Pages/Mohamad-Hamed-S.aspx","","","","","","","Review hospital roster record and department mapping before import.","","","",""
"reviewIssue","reviewIssue:76d2dae4149c632855","canonicalDoctor:carmel:doctor-34454f57ca1ad6b5","doctor-34454f57ca1ad6b5","hospitalRosterOnly; profileCoverageLow","carmel","מרכז רפואי כרמל","ד""ר מוחמד נוג'ידאת","https://hospitals.clalit.co.il/carmel/he/Our-doctors-and-experts/Pages/muhammad-nojidat.aspx","","","","","","","Review hospital roster record and department mapping before import.","","","",""
"reviewIssue","reviewIssue:88f274f1046b3330d3","canonicalDoctor:carmel:doctor-61944546fe580458","doctor-61944546fe580458","hospitalRosterOnly; profileCoverageLow","carmel","מרכז רפואי כרמל","ד""ר מונא בלאן חאג'","https://hospitals.clalit.co.il/carmel/he/Our-doctors-and-experts/Pages/mona-blan.aspx","","","","","","","Review hospital roster record and department mapping before import.","","","",""
"reviewIssue","reviewIssue:344136c7b8656532d5","canonicalDoctor:carmel:doctor-26258761d1ba001d","doctor-26258761d1ba001d","hospitalRosterOnly; profileCoverageLow","carmel","מרכז רפואי כרמל","ד""ר מונה אליאס","https://hospitals.clalit.co.il/carmel/he/Our-doctors-and-experts/Pages/muna-elias.aspx","","","","","","","Review hospital roster record and department mapping before import.","","","",""
"reviewIssue","reviewIssue:08be1410c04dc3a7b0","canonicalDoctor:carmel:doctor-affd473090a65921","doctor-affd473090a65921","hospitalRosterOnly; profileCoverageLow","carmel","מרכז רפואי כרמל","ד""ר מורן פז","https://hospitals.clalit.co.il/carmel/he/Our-doctors-and-experts/Pages/paz-moran.aspx","","","","","","","Review hospital roster record and department mapping before import.","","","",""
"reviewIssue","reviewIssue:955e925c827ff95925","canonicalDoctor:carmel:doctor-2fa84a844396ed3e","doctor-2fa84a844396ed3e","hospitalRosterOnly; profileCoverageLow","carmel","מרכז רפואי כרמל","ד""ר מורן פז מיון נשים מחלקת נשים","https://hospitals.clalit.co.il/carmel/he/Departments-and-Outpatient-Clinics-main/Clinical-departments-and-clinics/Obstetrics-and-Gynecology/Gynecology/Pages/ER-Women.aspx","","","","","","","Review hospital roster record and department mapping before import.","","","",""
"reviewIssue","reviewIssue:fc72e42598bd1ae038","canonicalDoctor:carmel:doctor-2590c7300db33d6b","doctor-2590c7300db33d6b","hospitalRosterOnly; profileCoverageLow","carmel","מרכז רפואי כרמל","ד""ר מורן פז מיון נשים מחלקת נשים","https://hospitals.clalit.co.il/carmel/he/Departments-and-Outpatient-Clinics-main/Clinical-departments-and-clinics/Obstetrics-and-Gynecology/Gynecology/Pages/Women-Department.aspx","","","","","","","Review hospital roster record and department mapping before import.","","","",""
"reviewIssue","reviewIssue:0a8368864f50b688e1","canonicalDoctor:carmel:doctor-d4e3c1bfbccaca5f","doctor-d4e3c1bfbccaca5f","hospitalRosterOnly; profileCoverageLow","carmel","מרכז רפואי כרמל","ד""ר מחמוד עואד","https://hospitals.clalit.co.il/carmel/he/Our-doctors-and-experts/Pages/mahmoud-awad.aspx","","","","","","","Review hospital roster record and department mapping before import.","","","",""
"reviewIssue","reviewIssue:85ed3cfeffdb64391e","canonicalDoctor:carmel:doctor-4e40c85e03a94d1e","doctor-4e40c85e03a94d1e","hospitalRosterOnly; profileCoverageLow","carmel","מרכז רפואי כרמל","ד""ר מייס על-סאלח","https://hospitals.clalit.co.il/carmel/he/Our-doctors-and-experts/Pages/mais-al-salah.aspx","","","","","","","Review hospital roster record and department mapping before import.","","","",""
"reviewIssue","reviewIssue:61c32a616a1d4b04d2","canonicalDoctor:carmel:doctor-4e3ca1c07f4ec52d","doctor-4e3ca1c07f4ec52d","hospitalRosterOnly; profileCoverageLow","carmel","מרכז רפואי כרמל","ד""ר מיכאל גרץ","https://hospitals.clalit.co.il/carmel/he/Our-doctors-and-experts/Pages/gerezt-michael.aspx","","","","","","","Review hospital roster record and department mapping before import.","","","",""
"reviewIssue","reviewIssue:8e427723c6d15226ac","canonicalDoctor:carmel:doctor-97a90afd781a98b7","doctor-97a90afd781a98b7","hospitalRosterOnly; profileCoverageLow","carmel","מרכז רפואי כרמל","ד""ר מיכאל גרץ מרפאת כאב","https://hospitals.clalit.co.il/carmel/he/Departments-and-Outpatient-Clinics-main/Clinical-departments-and-clinics/Pages/pain-clinic.aspx","","","","","","","Review hospital roster record and department mapping before import.","","","",""
"reviewIssue","reviewIssue:eb73de87da1ee8b4ad","canonicalDoctor:carmel:doctor-bc460b4d25be1862","doctor-bc460b4d25be1862","hospitalRosterOnly; profileCoverageLow","carmel","מרכז רפואי כרמל","ד""ר מיכאל היימס","https://hospitals.clalit.co.il/carmel/he/Our-doctors-and-experts/Pages/micael-hymes.aspx","","","","","","","Review hospital roster record and department mapping before import.","","","",""
"reviewIssue","reviewIssue:440aaae03953d37d4d","canonicalDoctor:carmel:doctor-5756b7870f27ffee","doctor-5756b7870f27ffee","hospitalRosterOnly; profileCoverageLow","carmel","מרכז רפואי כרמל","ד""ר מיכאל ליבס","https://hospitals.clalit.co.il/carmel/he/Our-doctors-and-experts/Pages/michael_libes.aspx","","","","","","","Review hospital roster record and department mapping before import.","","","",""
"reviewIssue","reviewIssue:a7e489fc6b58386ecb","canonicalDoctor:carmel:doctor-a3e0bea18505a7de","doctor-a3e0bea18505a7de","hospitalRosterOnly; profileCoverageLow","carmel","מרכז רפואי כרמל","ד""ר מיכאל מרגוליס","https://hospitals.clalit.co.il/carmel/he/Our-doctors-and-experts/Pages/michael-mar.aspx","","","","","","","Review hospital roster record and department mapping before import.","","","",""
"reviewIssue","reviewIssue:5bf0e1ab85531f7c79","canonicalDoctor:carmel:doctor-da726776965de3ad","doctor-da726776965de3ad","hospitalRosterOnly; profileCoverageLow","carmel","מרכז רפואי כרמל","ד""ר מיכאל פיינבלוט","https://hospitals.clalit.co.il/carmel/he/Our-doctors-and-experts/Pages/Michael-Feinbolt.aspx","","","","","","","Review hospital roster record and department mapping before import.","","","",""
"reviewIssue","reviewIssue:8879e6fc639968398f","canonicalDoctor:carmel:doctor-13cb569d28e1fd97","doctor-13cb569d28e1fd97","hospitalRosterOnly; profileCoverageLow","carmel","מרכז רפואי כרמל","ד""ר מיכל מולד","https://hospitals.clalit.co.il/carmel/he/Our-doctors-and-experts/Pages/michal-mold.aspx","","","","","","","Review hospital roster record and department mapping before import.","","","",""
"reviewIssue","reviewIssue:faa926d65c37a00362","canonicalDoctor:carmel:doctor-9fb858ea7a076123","doctor-9fb858ea7a076123","hospitalRosterOnly; profileCoverageLow","carmel","מרכז רפואי כרמל","ד""ר מיכל מולד ילודים - תינוקות פגיה","https://hospitals.clalit.co.il/carmel/he/Departments-and-Outpatient-Clinics-main/Clinical-departments-and-clinics/Pages/Newborns-Infants.aspx","","","","","","","Review hospital roster record and department mapping before import.","","","",""
"reviewIssue","reviewIssue:b96f51eeac29d586e9","canonicalDoctor:carmel:doctor-9cf6c10f9cc290f0","doctor-9cf6c10f9cc290f0","hospitalRosterOnly; profileCoverageLow","carmel","מרכז רפואי כרמל","ד""ר מיכל מולד מונתה למנהלת יחידת הילודים בפגייה","https://hospitals.clalit.co.il/carmel/he/News-Articles/news-2026/Pages/michal-maulad-was-appointed-director-of-the-neonatal-unit.aspx","","","","","","","Review hospital roster record and department mapping before import.","","","",""
"reviewIssue","reviewIssue:1d8dd121b684f571ed","canonicalDoctor:carmel:doctor-65cbc9cd51a1cb02","doctor-65cbc9cd51a1cb02","hospitalRosterOnly; profileCoverageLow","carmel","מרכז רפואי כרמל","ד""ר מיסם דבאח אעמר","https://hospitals.clalit.co.il/carmel/he/Our-doctors-and-experts/Pages/maisam-dabach-aamer.aspx","","","","","","","Review hospital roster record and department mapping before import.","","","",""
"reviewIssue","reviewIssue:0e4a139914d064bdb8","canonicalDoctor:carmel:doctor-cbf327e1d7a6064e","doctor-cbf327e1d7a6064e","hospitalRosterOnly; profileCoverageLow","carmel","מרכז רפואי כרמל","ד""ר מירב שמידט","https://hospitals.clalit.co.il/carmel/he/Medical-Forums/Pages/meirav-schmidt.aspx","","","","","","","Review hospital roster record and department mapping before import.","","","",""
"reviewIssue","reviewIssue:422c3132486b2ba4fe","canonicalDoctor:carmel:doctor-b3906c653b09d4a6","doctor-b3906c653b09d4a6","hospitalRosterOnly; profileCoverageLow","carmel","מרכז רפואי כרמל","ד""ר מירי גולוס","https://hospitals.clalit.co.il/carmel/he/Our-doctors-and-experts/Pages/miri-golos.aspx","","","","","","","Review hospital roster record and department mapping before import.","","","",""
"reviewIssue","reviewIssue:cd9ee99f4a38e738ee","canonicalDoctor:carmel:doctor-544b755f99967479","doctor-544b755f99967479","hospitalRosterOnly; profileCoverageLow","carmel","מרכז רפואי כרמל","ד""ר מירי גולוס טיפול נמרץ כללי","https://hospitals.clalit.co.il/carmel/he/Departments-and-Outpatient-Clinics-main/Clinical-departments-and-clinics/Pages/Intensive-care.aspx","","","","","","","Review hospital roster record and department mapping before import.","","","",""
"reviewIssue","reviewIssue:204fb30fb0c22f42c4","canonicalDoctor:carmel:doctor-1feb127228b9c555","doctor-1feb127228b9c555","hospitalRosterOnly; profileCoverageLow","carmel","מרכז רפואי כרמל","ד""ר מעין שיינר","https://hospitals.clalit.co.il/carmel/he/Departments-and-Outpatient-Clinics-main/Institutes-and-Laboratories/labs-list/Pages/Maayan-Shainer.aspx","","","","","","","Review hospital roster record and department mapping before import.","","","",""
"reviewIssue","reviewIssue:20aa16b3bb65e20e6f","canonicalDoctor:carmel:doctor-fe2b6548cb61a230","doctor-fe2b6548cb61a230","hospitalRosterOnly; profileCoverageLow","carmel","מרכז רפואי כרמל","ד""ר מעין שיינר בנק הדם","https://hospitals.clalit.co.il/carmel/he/Departments-and-Outpatient-Clinics-main/Institutes-and-Laboratories/Pages/BloodBank.aspx","","","","","","","Review hospital roster record and department mapping before import.","","","",""
"reviewIssue","reviewIssue:5093e4cc2db1f95a0c","canonicalDoctor:carmel:doctor-aeb8be44ccef9ce8","doctor-aeb8be44ccef9ce8","hospitalRosterOnly; profileCoverageLow","carmel","מרכז רפואי כרמל","ד""ר מרדכי קליגמן","https://hospitals.clalit.co.il/carmel/he/Our-doctors-and-experts/Pages/mordechai-kligman.aspx","","","","","","","Review hospital roster record and department mapping before import.","","","",""
"reviewIssue","reviewIssue:d04633be4b7cd63cb8","canonicalDoctor:carmel:doctor-e4b54a394f9791f7","doctor-e4b54a394f9791f7","hospitalRosterOnly; profileCoverageLow","carmel","מרכז רפואי כרמל","ד""ר מריה חודיאקובה","https://hospitals.clalit.co.il/carmel/he/Our-doctors-and-experts/Pages/mariya-khudiakova.aspx","","","","","","","Review hospital roster record and department mapping before import.","","","",""
"reviewIssue","reviewIssue:0905e565574a369ebc","canonicalDoctor:carmel:doctor-a4ed4da21ac90a98","doctor-a4ed4da21ac90a98","hospitalRosterOnly; profileCoverageLow","carmel","מרכז רפואי כרמל","ד""ר מריה חודיאקובה פנימית ב","https://hospitals.clalit.co.il/carmel/he/Departments-and-Outpatient-Clinics-main/Clinical-departments-and-clinics/Internal-medicine/Pages/InternalMedicineB.aspx","","","","","","","Review hospital roster record and department mapping before import.","","","",""
"reviewIssue","reviewIssue:9534164ee7a21fb621","canonicalDoctor:carmel:doctor-081c8303a7b1b6ce","doctor-081c8303a7b1b6ce","hospitalRosterOnly; profileCoverageLow","carmel","מרכז רפואי כרמל","ד""ר מרים סגל","https://hospitals.clalit.co.il/carmel/he/Our-doctors-and-experts/Pages/miriam-segal.aspx","","","","","","","Review hospital roster record and department mapping before import.","","","",""
"reviewIssue","reviewIssue:0c742cadeb671160b9","canonicalDoctor:carmel:doctor-43e4bfea1aabe326","doctor-43e4bfea1aabe326","hospitalRosterOnly; profileCoverageLow","carmel","מרכז רפואי כרמל","ד""ר מרים סגל כירורגיה פלסטית","https://hospitals.clalit.co.il/carmel/he/Departments-and-Outpatient-Clinics-main/Clinical-departments-and-clinics/Pages/Plastic-Surgery.aspx","","","","","","","Review hospital roster record and department mapping before import.","","","",""
"reviewIssue","reviewIssue:1d30509a3000ba7e47","canonicalDoctor:carmel:doctor-bb7b89776037efbb","doctor-bb7b89776037efbb","hospitalRosterOnly; profileCoverageLow","carmel","מרכז רפואי כרמל","ד""ר מרינה סולובייצ'יק","https://hospitals.clalit.co.il/carmel/he/Our-doctors-and-experts/Pages/marina-sol.aspx","","","","","","","Review hospital roster record and department mapping before import.","","","",""
"reviewIssue","reviewIssue:683dd719caf424625b","canonicalDoctor:carmel:doctor-536d4297fbeb4c11","doctor-536d4297fbeb4c11","hospitalRosterOnly; profileCoverageLow","carmel","מרכז רפואי כרמל","ד""ר מרינה סולובייצ'יק התפתחות פגים","https://hospitals.clalit.co.il/carmel/he/Departments-and-Outpatient-Clinics-main/Clinical-departments-and-clinics/Premature/Pages/premature-babies.aspx","","","","","","","Review hospital roster record and department mapping before import.","","","",""
"reviewIssue","reviewIssue:de8ea5cae2c787b2d7","canonicalDoctor:carmel:doctor-b6718da1dee9cd29","doctor-b6718da1dee9cd29","hospitalRosterOnly; profileCoverageLow","carmel","מרכז רפואי כרמל","ד""ר מרק בלאגולה","https://hospitals.clalit.co.il/carmel/he/Our-doctors-and-experts/Pages/mark-belagola.aspx","","","","","","","Review hospital roster record and department mapping before import.","","","",""
"reviewIssue","reviewIssue:f64778c46fcb21c13f","canonicalDoctor:carmel:doctor-9973d377de154615","doctor-9973d377de154615","hospitalRosterOnly; profileCoverageLow","carmel","מרכז רפואי כרמל","ד""ר משה שטייף","https://hospitals.clalit.co.il/carmel/he/Our-doctors-and-experts/Pages/moshe-shteif.aspx","","","","","","","Review hospital roster record and department mapping before import.","","","",""
"reviewIssue","reviewIssue:9901d3e4b3fcd06531","canonicalDoctor:carmel:doctor-c6a765e4f4d45246","doctor-c6a765e4f4d45246","hospitalRosterOnly; profileCoverageLow","carmel","מרכז רפואי כרמל","ד""ר משה שטייף כירורגיה פה ולסתות","https://hospitals.clalit.co.il/carmel/he/Departments-and-Outpatient-Clinics-main/Clinical-departments-and-clinics/Pages/SurgicalJawsMouth.aspx","","","","","","","Review hospital roster record and department mapping before import.","","","",""
"reviewIssue","reviewIssue:b7ca69c13f911969e8","canonicalDoctor:carmel:doctor-21d59e63cd6c7c2e","doctor-21d59e63cd6c7c2e","hospitalRosterOnly; profileCoverageLow","carmel","מרכז רפואי כרמל","ד""ר נגואן נסראללה","https://hospitals.clalit.co.il/carmel/he/Our-doctors-and-experts/Pages/nagwan-nasrallah.aspx","","","","","","","Review hospital roster record and department mapping before import.","","","",""
"reviewIssue","reviewIssue:e595c8b17f74386572","canonicalDoctor:carmel:doctor-094d7c6496d8a049","doctor-094d7c6496d8a049","hospitalRosterOnly; profileCoverageLow","carmel","מרכז רפואי כרמל","ד""ר נדאל מואסי","https://hospitals.clalit.co.il/carmel/he/Our-doctors-and-experts/Pages/nadal-moassi.aspx","","","","","","","Review hospital roster record and department mapping before import.","","","",""
"reviewIssue","reviewIssue:78b45f7eb62e11ec88","canonicalDoctor:carmel:doctor-64f2e0798db6b8dc","doctor-64f2e0798db6b8dc","hospitalRosterOnly; profileCoverageLow","carmel","מרכז רפואי כרמל","ד""ר נדב כהן","https://hospitals.clalit.co.il/carmel/he/Our-doctors-and-experts/Pages/nadav-cohen.aspx","","","","","","","Review hospital roster record and department mapping before import.","","","",""
"reviewIssue","reviewIssue:9fd1cef725763398ea","canonicalDoctor:carmel:doctor-abb0276cfc997703","doctor-abb0276cfc997703","hospitalRosterOnly; profileCoverageLow","carmel","מרכז רפואי כרמל","ד""ר נדיה בריזגלין","https://hospitals.clalit.co.il/carmel/he/Our-doctors-and-experts/Pages/brizg.aspx","","","","","","","Review hospital roster record and department mapping before import.","","","",""
"reviewIssue","reviewIssue:e137cd008dc04008f5","canonicalDoctor:carmel:doctor-7af7767da6400acb","doctor-7af7767da6400acb","hospitalRosterOnly; profileCoverageLow","carmel","מרכז רפואי כרמל","ד""ר נורית מטלון","https://hospitals.clalit.co.il/carmel/he/Our-doctors-and-experts/Pages/nurit-matalon.aspx","","","","","","","Review hospital roster record and department mapping before import.","","","",""
"reviewIssue","reviewIssue:0f8968cf6642285eb4","canonicalDoctor:carmel:doctor-17b6a3f1030cfd4f","doctor-17b6a3f1030cfd4f","hospitalRosterOnly; profileCoverageLow","carmel","מרכז רפואי כרמל","ד""ר נטליה אנטושין","https://hospitals.clalit.co.il/carmel/he/Our-doctors-and-experts/Pages/natalia-antoshin.aspx","","","","","","","Review hospital roster record and department mapping before import.","","","",""
"reviewIssue","reviewIssue:c7c7be5e1c310c3b7f","canonicalDoctor:carmel:doctor-b3981cce0c1e9e34","doctor-b3981cce0c1e9e34","hospitalRosterOnly; profileCoverageLow","carmel","מרכז רפואי כרמל","ד""ר נטליה אנטושין יחידת אולטרסאונד גינקולוגי ומיילדותי","https://hospitals.clalit.co.il/carmel/he/departments-and-outpatient-clinics-main/clinical-departments-and-clinics/obstetrics-and-gynecology/gynecology/pages/gynecology-ultrasound.aspx","","","","","","","Review hospital roster record and department mapping before import.","","","",""
"reviewIssue","reviewIssue:cc0ef776209c5d8131","canonicalDoctor:carmel:doctor-dadf45bf0248f768","doctor-dadf45bf0248f768","hospitalRosterOnly; profileCoverageLow","carmel","מרכז רפואי כרמל","ד""ר נטליה גולדברג","https://hospitals.clalit.co.il/carmel/he/Our-doctors-and-experts/Pages/natalia-goldberg.aspx","","","","","","","Review hospital roster record and department mapping before import.","","","",""
"reviewIssue","reviewIssue:29447b5d8b5087445b","canonicalDoctor:carmel:doctor-6a2802d419acc8cf","doctor-6a2802d419acc8cf","hospitalRosterOnly; profileCoverageLow","carmel","מרכז רפואי כרמל","ד""ר נטליה ניקולסקי","https://hospitals.clalit.co.il/carmel/he/Our-doctors-and-experts/Pages/natalia-nikolsky.aspx","","","","","","","Review hospital roster record and department mapping before import.","","","",""
"reviewIssue","reviewIssue:4d720bb7f660fb3d7c","canonicalDoctor:carmel:doctor-5cdee693f7f67f85","doctor-5cdee693f7f67f85","hospitalRosterOnly; profileCoverageLow","carmel","מרכז רפואי כרמל","ד""ר נטליה רדזישבסקי","https://hospitals.clalit.co.il/carmel/he/Our-doctors-and-experts/Pages/Natalia-Radzyszewski.aspx","","","","","","","Review hospital roster record and department mapping before import.","","","",""
"reviewIssue","reviewIssue:1c8417a444b7dd15e4","canonicalDoctor:carmel:doctor-de6e1babac78f8d0","doctor-de6e1babac78f8d0","hospitalRosterOnly; profileCoverageLow","carmel","מרכז רפואי כרמל","ד""ר נטע בומס יונאי","https://hospitals.clalit.co.il/carmel/he/Our-doctors-and-experts/Pages/neta-boms-yonai.aspx","","","","","","","Review hospital roster record and department mapping before import.","","","",""
"reviewIssue","reviewIssue:a5d55c771b5e27e5d0","canonicalDoctor:carmel:doctor-b7183d2a3fc5496b","doctor-b7183d2a3fc5496b","hospitalRosterOnly; profileCoverageLow","carmel","מרכז רפואי כרמל","ד""ר נימר חלבי","https://hospitals.clalit.co.il/carmel/he/Our-doctors-and-experts/Pages/namer-halabi.aspx","","","","","","","Review hospital roster record and department mapping before import.","","","",""
"reviewIssue","reviewIssue:68c66cfeea5cc91194","canonicalDoctor:carmel:doctor-13b5b5ca7d77a9d4","doctor-13b5b5ca7d77a9d4","hospitalRosterOnly; profileCoverageLow","carmel","מרכז רפואי כרמל","ד""ר נינה בוריסובסקי","https://hospitals.clalit.co.il/carmel/he/Our-doctors-and-experts/Pages/nina-borisovsky.aspx","","","","","","","Review hospital roster record and department mapping before import.","","","",""
"reviewIssue","reviewIssue:0be7db3a0da1d5eded","canonicalDoctor:carmel:doctor-37728c1e9e2faeae","doctor-37728c1e9e2faeae","hospitalRosterOnly; profileCoverageLow","carmel","מרכז רפואי כרמל","ד""ר ניסן בן דב","https://hospitals.clalit.co.il/carmel/he/Our-doctors-and-experts/Pages/nisan-ben-dov.aspx","","","","","","","Review hospital roster record and department mapping before import.","","","",""
"reviewIssue","reviewIssue:6ec493d809a7536202","canonicalDoctor:carmel:doctor-e2251447458be507","doctor-e2251447458be507","hospitalRosterOnly; profileCoverageLow","carmel","מרכז רפואי כרמל","ד""ר ניסן בן דב מחלקת קרדיולוגיה","https://hospitals.clalit.co.il/carmel/he/Departments-and-Outpatient-Clinics-main/Clinical-departments-and-clinics/Cardiology/Pages/Cardiology-Hospitalization-Department.aspx","","","","","","","Review hospital roster record and department mapping before import.","","","",""
"reviewIssue","reviewIssue:a1dbe18c506bc614c2","canonicalDoctor:carmel:doctor-c3849d8e72992068","doctor-c3849d8e72992068","hospitalRosterOnly; profileCoverageLow","carmel","מרכז רפואי כרמל","ד""ר ניקול ברנפלד","https://hospitals.clalit.co.il/carmel/he/Our-doctors-and-experts/Pages/nikol-berenfeld.aspx","","","","","","","Review hospital roster record and department mapping before import.","","","",""
"reviewIssue","reviewIssue:a0764180165ee908b0","canonicalDoctor:carmel:doctor-928b8ee281a58a8d","doctor-928b8ee281a58a8d","hospitalRosterOnly; profileCoverageLow","carmel","מרכז רפואי כרמל","ד""ר ניתאי לוי","https://hospitals.clalit.co.il/carmel/he/Our-doctors-and-experts/Pages/nitai-levy.aspx","","","","","","","Review hospital roster record and department mapping before import.","","","",""
"reviewIssue","reviewIssue:026f4dd9d5e0001612","canonicalDoctor:carmel:doctor-d59d57c849ccc067","doctor-d59d57c849ccc067","hospitalRosterOnly; profileCoverageLow","carmel","מרכז רפואי כרמל","ד""ר ניתאי לוי מיון ילדים מחלקת ילדים","https://hospitals.clalit.co.il/carmel/he/departments-and-outpatient-clinics-main/clinical-departments-and-clinics/er-world/pages/er-children.aspx","","","","","","","Review hospital roster record and department mapping before import.","","","",""
"reviewIssue","reviewIssue:e49502e5d29b7d44e9","canonicalDoctor:carmel:doctor-5d4f8c96e3c0e064","doctor-5d4f8c96e3c0e064","hospitalRosterOnly; profileCoverageLow","carmel","מרכז רפואי כרמל","ד""ר נעמי גרוניך","https://hospitals.clalit.co.il/carmel/he/Our-doctors-and-experts/Pages/naomi-groenich.aspx","","","","","","","Review hospital roster record and department mapping before import.","","","",""
"reviewIssue","reviewIssue:e12f36022649456420","canonicalDoctor:carmel:doctor-666d02393b14085c","doctor-666d02393b14085c","hospitalRosterOnly; profileCoverageLow; suspiciousName; possibleProseExtraction","carmel","מרכז רפואי כרמל","ד""ר נעמי גרוניך רפואת הקהילה ואפידמיולוגיה רשם חולים כרונים","https://hospitals.clalit.co.il/carmel/he/Departments-and-Outpatient-Clinics-main/Institutes-and-Laboratories/Pages/Community-Medicine-and-Epidemiology.aspx","","","","","","","Review hospital roster record and department mapping before import.","","","",""
"reviewIssue","reviewIssue:1f58ed9615f087ca34","canonicalDoctor:carmel:doctor-ec9a194ba01c0a5b","doctor-ec9a194ba01c0a5b","hospitalRosterOnly; profileCoverageLow; suspiciousName; possibleProseExtraction","carmel","מרכז רפואי כרמל","ד""ר נעמי גרוניך רפואת הקהילה ואפידמיולוגיה רשם חולים כרונים","https://hospitals.clalit.co.il/carmel/he/Departments-and-Outpatient-Clinics-main/Institutes-and-Laboratories/Pages/chronically-ill-registrar.aspx","","","","","","","Review hospital roster record and department mapping before import.","","","",""
"reviewIssue","reviewIssue:62e98d58e70782d3b9","canonicalDoctor:carmel:doctor-0286aa51f57c97a2","doctor-0286aa51f57c97a2","hospitalRosterOnly; profileCoverageLow","carmel","מרכז רפואי כרמל","ד""ר סאמר לחאם","https://hospitals.clalit.co.il/carmel/he/Our-doctors-and-experts/Pages/samer-laham.aspx","","","","","","","Review hospital roster record and department mapping before import.","","","",""
"reviewIssue","reviewIssue:7aa1242d1ec819fe5e","canonicalDoctor:carmel:doctor-7de37db749d7fe6f","doctor-7de37db749d7fe6f","hospitalRosterOnly; profileCoverageLow","carmel","מרכז רפואי כרמל","ד""ר סאמר מח'ולה","https://hospitals.clalit.co.il/carmel/he/Our-doctors-and-experts/Pages/samer-ma.aspx","","","","","","","Review hospital roster record and department mapping before import.","","","",""
"reviewIssue","reviewIssue:c102c1ca2bf6d7f4d0","canonicalDoctor:carmel:doctor-2d99200afb12cdbc","doctor-2d99200afb12cdbc","hospitalRosterOnly; profileCoverageLow","carmel","מרכז רפואי כרמל","ד""ר סוניה שנייר","https://hospitals.clalit.co.il/carmel/he/Our-doctors-and-experts/Pages/sonya-schneier.aspx","","","","","","","Review hospital roster record and department mapping before import.","","","",""
"reviewIssue","reviewIssue:38518cee25a3778ef3","canonicalDoctor:carmel:doctor-19cf1062afdba767","doctor-19cf1062afdba767","hospitalRosterOnly; profileCoverageLow","carmel","מרכז רפואי כרמל","ד""ר סיון בלוך","https://hospitals.clalit.co.il/carmel/he/Our-doctors-and-experts/Pages/sivan-bloh.aspx","","","","","","","Review hospital roster record and department mapping before import.","","","",""
"reviewIssue","reviewIssue:538d72842a0c268536","canonicalDoctor:carmel:doctor-997e236ffc87f9e8","doctor-997e236ffc87f9e8","hospitalRosterOnly; profileCoverageLow","carmel","מרכז רפואי כרמל","ד""ר סיון סקוירסקי","https://hospitals.clalit.co.il/carmel/he/Our-doctors-and-experts/Pages/sion-squirsky.aspx","","","","","","","Review hospital roster record and department mapping before import.","","","",""
"reviewIssue","reviewIssue:37509de2b8c8bb8531","canonicalDoctor:carmel:doctor-9a17887de42bbff6","doctor-9a17887de42bbff6","hospitalRosterOnly; profileCoverageLow","carmel","מרכז רפואי כרמל","ד""ר סיון סקוירסקי פוריות והפריה חוץ גופית","https://hospitals.clalit.co.il/carmel/he/Departments-and-Outpatient-Clinics-main/Clinical-departments-and-clinics/Obstetrics-and-Gynecology/Pages/default.aspx","","","","","","","Review hospital roster record and department mapping before import.","","","",""
"reviewIssue","reviewIssue:046919992f65024c5a","canonicalDoctor:carmel:doctor-c3c48694fc46b760","doctor-c3c48694fc46b760","hospitalRosterOnly; profileCoverageLow","carmel","מרכז רפואי כרמל","ד""ר סלאם מזאריב","https://hospitals.clalit.co.il/carmel/he/Departments-and-Outpatient-Clinics-main/Institutes-and-Laboratories/labs-list/Pages/salam-mezariv.aspx","","","","","","","Review hospital roster record and department mapping before import.","","","",""
"reviewIssue","reviewIssue:8eb554b31a1135762b","canonicalDoctor:carmel:doctor-04881b9ddcbfc897","doctor-04881b9ddcbfc897","hospitalRosterOnly; profileCoverageLow","carmel","מרכז רפואי כרמל","ד""ר סלאם מזאריב המעבדה לפתולוגיה","https://hospitals.clalit.co.il/carmel/he/Departments-and-Outpatient-Clinics-main/Institutes-and-Laboratories/labs-list/Pages/Pathology-Laboratory.aspx","","","","","","","Review hospital roster record and department mapping before import.","","","",""
"reviewIssue","reviewIssue:3ffbd466bb9b26bf8d","canonicalDoctor:carmel:doctor-179ff8b7a5b1f989","doctor-179ff8b7a5b1f989","hospitalRosterOnly; profileCoverageLow","carmel","מרכז רפואי כרמל","ד""ר סלים חלבי","https://hospitals.clalit.co.il/carmel/he/Our-doctors-and-experts/Pages/salim-ha.aspx","","","","","","","Review hospital roster record and department mapping before import.","","","",""
"reviewIssue","reviewIssue:58a2c071f06c0ea383","canonicalDoctor:carmel:doctor-ac45069650040355","doctor-ac45069650040355","hospitalRosterOnly; profileCoverageLow","carmel","מרכז רפואי כרמל","ד""ר סלים עדוי","https://hospitals.clalit.co.il/carmel/he/Our-doctors-and-experts/Pages/Salim-Adwi.aspx","","","","","","","Review hospital roster record and department mapping before import.","","","",""
"reviewIssue","reviewIssue:f0870aaf550c97b62d","canonicalDoctor:carmel:doctor-85a328548b274d7e","doctor-85a328548b274d7e","hospitalRosterOnly; profileCoverageLow","carmel","מרכז רפואי כרמל","ד""ר סלים עדוי מחלקת קרדיולוגיה אקו ומבחני מאמץ","https://hospitals.clalit.co.il/carmel/he/Departments-and-Outpatient-Clinics-main/Clinical-departments-and-clinics/Cardiology/Pages/Echocardiography.aspx","","","","","","","Review hospital roster record and department mapping before import.","","","",""
"reviewIssue","reviewIssue:e787e501cd290647e6","canonicalDoctor:carmel:doctor-91d9ce6e72b3d461","doctor-91d9ce6e72b3d461","hospitalRosterOnly; profileCoverageLow","carmel","מרכז רפואי כרמל","ד""ר סמיר קאסם","https://hospitals.clalit.co.il/carmel/he/Our-doctors-and-experts/Pages/sameer-kasem.aspx","","","","","","","Review hospital roster record and department mapping before import.","","","",""
"reviewIssue","reviewIssue:87fcb434b69476b446","canonicalDoctor:carmel:doctor-ba38ec7a90e17a2a","doctor-ba38ec7a90e17a2a","hospitalRosterOnly; profileCoverageLow; suspiciousName; possibleProseExtraction","carmel","מרכז רפואי כרמל","ד""ר סמיר קאסם מחלקה פנימית א","https://hospitals.clalit.co.il/carmel/he/departments-and-outpatient-clinics-main/clinical-departments-and-clinics/internal-medicine/pages/internalmedicinea.aspx","","","","","","","Review hospital roster record and department mapping before import.","","","",""
"reviewIssue","reviewIssue:92a82ded77bcf040fc","canonicalDoctor:carmel:doctor-95bd786cd3ca575a","doctor-95bd786cd3ca575a","hospitalRosterOnly; profileCoverageLow","carmel","מרכז רפואי כרמל","ד""ר עאסם אבו אשתייה","https://hospitals.clalit.co.il/carmel/he/Our-doctors-and-experts/Pages/asam-abu-ashtiya.aspx","","","","","","","Review hospital roster record and department mapping before import.","","","",""
"reviewIssue","reviewIssue:aef3fbb98f90918a96","canonicalDoctor:carmel:doctor-2e3484865c5d5a02","doctor-2e3484865c5d5a02","hospitalRosterOnly; profileCoverageLow","carmel","מרכז רפואי כרמל","ד""ר עדי קיברי","https://hospitals.clalit.co.il/carmel/he/Our-doctors-and-experts/Pages/Adi-Kibari.aspx","","","","","","","Review hospital roster record and department mapping before import.","","","",""
"reviewIssue","reviewIssue:992c3da8d3567a814e","canonicalDoctor:carmel:doctor-505cf57ba7d77855","doctor-505cf57ba7d77855","hospitalRosterOnly; profileCoverageLow; suspiciousName; possibleProseExtraction","carmel","מרכז רפואי כרמל","ד""ר עדי קיברי מחלקה פנימית ב מערך איכות ובטיחות","https://hospitals.clalit.co.il/carmel/he/Departments-and-Outpatient-Clinics-main/Administrative-units/Pages/Quality-and-safety-system.aspx","","","","","","","Review hospital roster record and department mapping before import.","","","",""
"reviewIssue","reviewIssue:300752edf087c85138","canonicalDoctor:carmel:doctor-bcde3c34081671d0","doctor-bcde3c34081671d0","hospitalRosterOnly; profileCoverageLow","carmel","מרכז רפואי כרמל","ד""ר עולא אעלימי","https://hospitals.clalit.co.il/carmel/he/Our-doctors-and-experts/Pages/eitan-uriel.aspx","","","","","","","Review hospital roster record and department mapping before import.","","","",""
"reviewIssue","reviewIssue:591983957c705459a2","canonicalDoctor:carmel:doctor-e87bd1f5ed1ab958","doctor-e87bd1f5ed1ab958","hospitalRosterOnly; profileCoverageLow","carmel","מרכז רפואי כרמל","ד""ר עולא אעלימי מכון לגנטיקה רפואית","https://hospitals.clalit.co.il/carmel/he/Departments-and-Outpatient-Clinics-main/Institutes-and-Laboratories/Pages/Genetic.aspx","","","","","","","Review hospital roster record and department mapping before import.","","","",""
"reviewIssue","reviewIssue:7376fe3379d37db71e","canonicalDoctor:carmel:doctor-39710ab11510aea8","doctor-39710ab11510aea8","hospitalRosterOnly; profileCoverageLow","carmel","מרכז רפואי כרמל","ד""ר עומר אפרת","https://hospitals.clalit.co.il/carmel/he/Our-doctors-and-experts/Pages/omer-ephrat.aspx","","","","","","","Review hospital roster record and department mapping before import.","","","",""
"reviewIssue","reviewIssue:25758a39e22bb8f419","canonicalDoctor:carmel:doctor-aef15e4f6fba6e5f","doctor-aef15e4f6fba6e5f","hospitalRosterOnly; profileCoverageLow","carmel","מרכז רפואי כרמל","ד""ר עומר אפרת אורולוגיה","https://hospitals.clalit.co.il/carmel/he/Departments-and-Outpatient-Clinics-main/Clinical-departments-and-clinics/urology/Pages/default.aspx","","","","","","","Review hospital roster record and department mapping before import.","","","",""
"reviewIssue","reviewIssue:d6fc2019575eb95040","canonicalDoctor:carmel:doctor-b164b17022c07fed","doctor-b164b17022c07fed","hospitalRosterOnly; profileCoverageLow","carmel","מרכז רפואי כרמל","ד""ר עימאד מוחמד","https://hospitals.clalit.co.il/carmel/he/Departments-and-Outpatient-Clinics-main/Institutes-and-Laboratories/labs-list/Pages/Emad-Muhamad.aspx","","","","","","","Review hospital roster record and department mapping before import.","","","",""
"reviewIssue","reviewIssue:b0650f6bccce186152","canonicalDoctor:carmel:doctor-8abcdc9c13887180","doctor-8abcdc9c13887180","hospitalRosterOnly; profileCoverageLow","carmel","מרכז רפואי כרמל","ד""ר עימאד מוחמד המעבדה להמטולוגיה","https://hospitals.clalit.co.il/carmel/he/Departments-and-Outpatient-Clinics-main/Institutes-and-Laboratories/Pages/Hematology-lab.aspx","","","","","","","Review hospital roster record and department mapping before import.","","","",""
"reviewIssue","reviewIssue:f56e1d6a1b9ebc49b7","canonicalDoctor:carmel:doctor-f0f3dfc64814802f","doctor-f0f3dfc64814802f","hospitalRosterOnly; profileCoverageLow","carmel","מרכז רפואי כרמל","ד""ר עינת פיירמן קליין","https://hospitals.clalit.co.il/carmel/he/Our-doctors-and-experts/Pages/einat-fraiman-klain.aspx","","","","","","","Review hospital roster record and department mapping before import.","","","",""
"reviewIssue","reviewIssue:6a5e67f878ac3d8bc8","canonicalDoctor:carmel:doctor-285c87f8c4e78085","doctor-285c87f8c4e78085","hospitalRosterOnly; profileCoverageLow","carmel","מרכז רפואי כרמל","ד""ר עיסא מטאנס","https://hospitals.clalit.co.il/carmel/he/Our-doctors-and-experts/Pages/isa-matanes.aspx","","","","","","","Review hospital roster record and department mapping before import.","","","",""
"reviewIssue","reviewIssue:c346a9699ce4431f58","canonicalDoctor:carmel:doctor-437e9d7830b22090","doctor-437e9d7830b22090","hospitalRosterOnly; profileCoverageLow","carmel","מרכז רפואי כרמל","ד""ר עלוית ענבל וולף","https://hospitals.clalit.co.il/carmel/he/Our-doctors-and-experts/Pages/inbal-wolf.aspx","","","","","","","Review hospital roster record and department mapping before import.","","","",""
"reviewIssue","reviewIssue:0c5c6bcae0728f47d1","canonicalDoctor:carmel:doctor-89fe45c3e93ab0da","doctor-89fe45c3e93ab0da","hospitalRosterOnly; profileCoverageLow","carmel","מרכז רפואי כרמל","ד""ר עלי סלימאן","https://hospitals.clalit.co.il/carmel/he/Our-doctors-and-experts/Pages/Ali-Sliman.aspx","","","","","","","Review hospital roster record and department mapping before import.","","","",""
"reviewIssue","reviewIssue:fdf94c9a43134bb111","canonicalDoctor:carmel:doctor-e8924ebcfc762932","doctor-e8924ebcfc762932","hospitalRosterOnly; profileCoverageLow","carmel","מרכז רפואי כרמל","ד""ר עמית דמתי","https://hospitals.clalit.co.il/carmel/he/Our-doctors-and-experts/Pages/amit-damti.aspx","","","","","","","Review hospital roster record and department mapping before import.","","","",""
"reviewIssue","reviewIssue:d066879d22f027af3a","canonicalDoctor:carmel:doctor-b40291e755e90a14","doctor-b40291e755e90a14","hospitalRosterOnly; profileCoverageLow","carmel","מרכז רפואי כרמל","ד""ר עמית דמתי מחלקת נשים חדר לידה","https://hospitals.clalit.co.il/carmel/he/Departments-and-Outpatient-Clinics-main/Clinical-departments-and-clinics/Obstetrics-and-Gynecology/Pregnancy-and-Birth/Birth/Pages/Delivery-Room.aspx","","","","","","","Review hospital roster record and department mapping before import.","","","",""
"reviewIssue","reviewIssue:008946d2f3ec9657ed","canonicalDoctor:carmel:doctor-864699569e2549a3","doctor-864699569e2549a3","hospitalRosterOnly; profileCoverageLow","carmel","מרכז רפואי כרמל","ד""ר עמית ראובני","https://hospitals.clalit.co.il/carmel/he/Our-doctors-and-experts/Pages/amit-reuveni.aspx","","","","","","","Review hospital roster record and department mapping before import.","","","",""
"reviewIssue","reviewIssue:14605298f5af1add34","canonicalDoctor:carmel:doctor-84a32758cd1ba60e","doctor-84a32758cd1ba60e","hospitalRosterOnly; profileCoverageLow","carmel","מרכז רפואי כרמל","ד""ר עמראן ח'לאילה","https://hospitals.clalit.co.il/carmel/he/Our-doctors-and-experts/Pages/imran-khalaila.aspx","","","","","","","Review hospital roster record and department mapping before import.","","","",""
"reviewIssue","reviewIssue:34e31b1ea42a64c46e","canonicalDoctor:carmel:doctor-1dd4758c4307ae33","doctor-1dd4758c4307ae33","hospitalRosterOnly; profileCoverageLow","carmel","מרכז רפואי כרמל","ד""ר ענבל חלבי","https://hospitals.clalit.co.il/carmel/he/Our-doctors-and-experts/Pages/inbal-halabi.aspx","","","","","","","Review hospital roster record and department mapping before import.","","","",""
"reviewIssue","reviewIssue:9e4b2d9f1abc6f13bd","canonicalDoctor:carmel:doctor-8ea58c9418401228","doctor-8ea58c9418401228","hospitalRosterOnly; profileCoverageLow","carmel","מרכז רפואי כרמל","ד""ר ענבל חלבי ילדים","https://hospitals.clalit.co.il/carmel/he/Departments-and-Outpatient-Clinics-main/Clinical-departments-and-clinics/children/Pages/childrens-dep.aspx","","","","","","","Review hospital roster record and department mapping before import.","","","",""
"reviewIssue","reviewIssue:98b85c48232cf08dd7","canonicalDoctor:carmel:doctor-ce159ec641ce3ccc","doctor-ce159ec641ce3ccc","hospitalRosterOnly; profileCoverageLow","carmel","מרכז רפואי כרמל","ד""ר ענת ארודי","https://hospitals.clalit.co.il/carmel/he/Our-doctors-and-experts/Pages/anat-arodi.aspx","","","","","","","Review hospital roster record and department mapping before import.","","","",""
"reviewIssue","reviewIssue:734f5a603f06fd3004","canonicalDoctor:carmel:doctor-a00322295eaa25c1","doctor-a00322295eaa25c1","hospitalRosterOnly; profileCoverageLow","carmel","מרכז רפואי כרמל","ד""ר ענת ארודי עיניים","https://hospitals.clalit.co.il/carmel/he/Departments-and-Outpatient-Clinics-main/Clinical-departments-and-clinics/Eyes/Pages/Eyes-dep.aspx","","","","","","","Review hospital roster record and department mapping before import.","","","",""
"reviewIssue","reviewIssue:305e21ff425dbd2182","canonicalDoctor:carmel:doctor-9e03f44c413e41d1","doctor-9e03f44c413e41d1","hospitalRosterOnly; profileCoverageLow","carmel","מרכז רפואי כרמל","ד""ר ענת גרינטל","https://hospitals.clalit.co.il/carmel/he/Our-doctors-and-experts/Pages/anat-greental.aspx","","","","","","","Review hospital roster record and department mapping before import.","","","",""
"reviewIssue","reviewIssue:e4a6a7f6c7220ff9c5","canonicalDoctor:carmel:doctor-314455f2c9defa1e","doctor-314455f2c9defa1e","hospitalRosterOnly; profileCoverageLow","carmel","מרכז רפואי כרמל","ד""ר ענת גרינטל הרדמה","https://hospitals.clalit.co.il/carmel/he/Departments-and-Outpatient-Clinics-main/Clinical-departments-and-clinics/Pages/anesthesia-world.aspx","","","","","","","Review hospital roster record and department mapping before import.","","","",""
"reviewIssue","reviewIssue:8b3a413e16656b272c","canonicalDoctor:carmel:doctor-058896e628bdde9c","doctor-058896e628bdde9c","hospitalRosterOnly; profileCoverageLow","carmel","מרכז רפואי כרמל","ד""ר עפיפה יעקוב","https://hospitals.clalit.co.il/carmel/he/Our-doctors-and-experts/Pages/afifa-yaakov.aspx","","","","","","","Review hospital roster record and department mapping before import.","","","",""
"reviewIssue","reviewIssue:26e3781803acdf34b9","canonicalDoctor:carmel:doctor-d598cdd0d858e1bf","doctor-d598cdd0d858e1bf","hospitalRosterOnly; profileCoverageLow","carmel","מרכז רפואי כרמל","ד""ר פאדי חאזן","https://hospitals.clalit.co.il/carmel/he/Our-doctors-and-experts/Pages/fadi-hazan.aspx","","","","","","","Review hospital roster record and department mapping before import.","","","",""
"reviewIssue","reviewIssue:7dbfb2af252221e454","canonicalDoctor:carmel:doctor-b1e7bedae3bb250e","doctor-b1e7bedae3bb250e","hospitalRosterOnly; profileCoverageLow","carmel","מרכז רפואי כרמל","ד""ר פדאא גאנם","https://hospitals.clalit.co.il/carmel/he/Our-doctors-and-experts/Pages/feda-ghanem.aspx","","","","","","","Review hospital roster record and department mapping before import.","","","",""
"reviewIssue","reviewIssue:34a42fc4aa321adc74","canonicalDoctor:carmel:doctor-1ff453da65df367f","doctor-1ff453da65df367f","hospitalRosterOnly; profileCoverageLow","carmel","מרכז רפואי כרמל","ד""ר פולינה ספקטור ריאבינין","https://hospitals.clalit.co.il/carmel/he/Our-doctors-and-experts/Pages/polina-spector.aspx","","","","","","","Review hospital roster record and department mapping before import.","","","",""
"reviewIssue","reviewIssue:2cacc8bacf0bd06e63","canonicalDoctor:carmel:doctor-de0628868f52d717","doctor-de0628868f52d717","hospitalRosterOnly; profileCoverageLow","carmel","מרכז רפואי כרמל","ד""ר פליקס יאסינוב","https://hospitals.clalit.co.il/carmel/he/Our-doctors-and-experts/Pages/felix-yasinov.aspx","","","","","","","Review hospital roster record and department mapping before import.","","","",""
"reviewIssue","reviewIssue:4ba83764ee71218d9d","canonicalDoctor:carmel:doctor-fc2b577d114009ec","doctor-fc2b577d114009ec","hospitalRosterOnly; profileCoverageLow","carmel","מרכז רפואי כרמל","ד""ר פנינית שקד משען","https://hospitals.clalit.co.il/carmel/he/Departments-and-Outpatient-Clinics-main/Institutes-and-Laboratories/labs-list/Pages/pninit-shaked-m.aspx","","","","","","","Review hospital roster record and department mapping before import.","","","",""
"reviewIssue","reviewIssue:cf1ce3bab6763331c3","canonicalDoctor:carmel:doctor-409c01610e0de1fe","doctor-409c01610e0de1fe","hospitalRosterOnly; profileCoverageLow","carmel","מרכז רפואי כרמל","ד""ר פנינית שקד משען מערך המעבדות מעבדה למיקרוביולוגיה","https://hospitals.clalit.co.il/carmel/he/Departments-and-Outpatient-Clinics-main/Institutes-and-Laboratories/Pages/Laboratories.aspx","","","","","","","Review hospital roster record and department mapping before import.","","","",""
"reviewIssue","reviewIssue:c42e9e54faf08f26e9","canonicalDoctor:carmel:doctor-b7de1b8aa0bc3c64","doctor-b7de1b8aa0bc3c64","hospitalRosterOnly; profileCoverageLow","carmel","מרכז רפואי כרמל","ד""ר פנינית שקד משען מערך המעבדות מעבדה למיקרוביולוגיה","https://hospitals.clalit.co.il/carmel/he/Departments-and-Outpatient-Clinics-main/Institutes-and-Laboratories/labs-list/Pages/Microbiology-Lab.aspx","","","","","","","Review hospital roster record and department mapping before import.","","","",""
"reviewIssue","reviewIssue:e452a503dac569200e","canonicalDoctor:carmel:doctor-c36223af75353f40","doctor-c36223af75353f40","hospitalRosterOnly; profileCoverageLow","carmel","מרכז רפואי כרמל","ד""ר צפנת וינר מגנזי","https://hospitals.clalit.co.il/carmel/he/Our-doctors-and-experts/Pages/zofnat.aspx","","","","","","","Review hospital roster record and department mapping before import.","","","",""
"reviewIssue","reviewIssue:125e46720d7e4196f0","canonicalDoctor:carmel:doctor-e2f34148940367c9","doctor-e2f34148940367c9","hospitalRosterOnly; profileCoverageLow","carmel","מרכז רפואי כרמל","ד""ר צפנת וינר מגנזי בנק הזרע פוריות והפריה חוץ גופית","https://hospitals.clalit.co.il/carmel/he/Departments-and-Outpatient-Clinics-main/Clinical-departments-and-clinics/Obstetrics-and-Gynecology/Pregnancy-and-Birth/Towards-pregnancy/In-Vitro-Fertilization/Pages/Sperm-Bank.aspx","","","","","","","Review hospital roster record and department mapping before import.","","","",""
"reviewIssue","reviewIssue:1a091ad60c2fefd9d2","canonicalDoctor:carmel:doctor-8e8d2764631c48c9","doctor-8e8d2764631c48c9","hospitalRosterOnly; profileCoverageLow","carmel","מרכז רפואי כרמל","ד""ר קונסטנטין גורביץ'","https://hospitals.clalit.co.il/carmel/he/Our-doctors-and-experts/Pages/konstantin-gurevich.aspx","","","","","","","Review hospital roster record and department mapping before import.","","","",""
"reviewIssue","reviewIssue:d15f89a95d94e29007","canonicalDoctor:carmel:doctor-e874780bd83af069","doctor-e874780bd83af069","hospitalRosterOnly; profileCoverageLow","carmel","מרכז רפואי כרמל","ד""ר קונסטנטין גורביץ' שירות PET-CT מכון רפואה גרעינית","https://hospitals.clalit.co.il/carmel/he/Departments-and-Outpatient-Clinics-main/Institutes-and-Laboratories/Pages/pet-ct.aspx","","","","","","","Review hospital roster record and department mapping before import.","","","",""
"reviewIssue","reviewIssue:46d60d016f92a6258c","canonicalDoctor:carmel:doctor-a117b61ed261d08d","doctor-a117b61ed261d08d","hospitalRosterOnly; profileCoverageLow","carmel","מרכז רפואי כרמל","ד""ר קרין יעקובי-ביאנו","https://hospitals.clalit.co.il/carmel/he/Our-doctors-and-experts/Pages/karin-yaakobi-biano.aspx","","","","","","","Review hospital roster record and department mapping before import.","","","",""
"reviewIssue","reviewIssue:8b4dff94713949c8dc","canonicalDoctor:carmel:doctor-72c6a6f613d3e6d6","doctor-72c6a6f613d3e6d6","hospitalRosterOnly; profileCoverageLow","carmel","מרכז רפואי כרמל","ד""ר קרן זיסמן","https://hospitals.clalit.co.il/carmel/he/Our-doctors-and-experts/Pages/keren-zisman.aspx","","","","","","","Review hospital roster record and department mapping before import.","","","",""
"reviewIssue","reviewIssue:407797e89716a42e69","canonicalDoctor:carmel:doctor-abc859d2e8ddcb3d","doctor-abc859d2e8ddcb3d","hospitalRosterOnly; profileCoverageLow","carmel","מרכז רפואי כרמל","ד""ר קרן זיסמן מחלקת קרדיולוגיה צנתורים","https://hospitals.clalit.co.il/carmel/he/Departments-and-Outpatient-Clinics-main/Clinical-departments-and-clinics/Cardiology/Pages/Catheterization-heart.aspx","","","","","","","Review hospital roster record and department mapping before import.","","","",""
"reviewIssue","reviewIssue:ec9a066bbc4bf7c84f","canonicalDoctor:carmel:doctor-dbd0dd1486dd6e51","doctor-dbd0dd1486dd6e51","hospitalRosterOnly; profileCoverageLow","carmel","מרכז רפואי כרמל","ד""ר קרן לביא-נבו","https://hospitals.clalit.co.il/carmel/he/Our-doctors-and-experts/Pages/keren-nevo-lavie.aspx","","","","","","","Review hospital roster record and department mapping before import.","","","",""
"reviewIssue","reviewIssue:59b9f54573a98c18e6","canonicalDoctor:carmel:doctor-0a9f0113630735ff","doctor-0a9f0113630735ff","hospitalRosterOnly; profileCoverageLow","carmel","מרכז רפואי כרמל","ד""ר קרן לביא-נבו יילודים - תינוקות פגיה","https://hospitals.clalit.co.il/carmel/he/Departments-and-Outpatient-Clinics-main/Clinical-departments-and-clinics/Newborns-Infants/Pages/Newborns-Infants.aspx","","","","","","","Review hospital roster record and department mapping before import.","","","",""
"reviewIssue","reviewIssue:705c2c29bbcb810db9","canonicalDoctor:carmel:doctor-d3cf64263d4eb0d0","doctor-d3cf64263d4eb0d0","hospitalRosterOnly; profileCoverageLow","carmel","מרכז רפואי כרמל","ד""ר ראובן קידר","https://hospitals.clalit.co.il/carmel/he/Our-doctors-and-experts/Pages/ReuvenKe.aspx","","","","","","","Review hospital roster record and department mapping before import.","","","",""
"reviewIssue","reviewIssue:22ba431fdd62354640","canonicalDoctor:carmel:doctor-0238f1452f643049","doctor-0238f1452f643049","hospitalRosterOnly; profileCoverageLow","carmel","מרכז רפואי כרמל","ד""ר ראובן קידר מחלקת נשים חדר לידה","https://hospitals.clalit.co.il/carmel/he/Departments-and-Outpatient-Clinics-main/Clinical-departments-and-clinics/Obstetrics-and-Gynecology/Pages/Delivery-Room.aspx","","","","","","","Review hospital roster record and department mapping before import.","","","",""
"reviewIssue","reviewIssue:04b45ac0c10a097b1f","canonicalDoctor:carmel:doctor-1ee6cba8071cdf8b","doctor-1ee6cba8071cdf8b","hospitalRosterOnly; profileCoverageLow","carmel","מרכז רפואי כרמל","ד""ר ראני זרייק","https://hospitals.clalit.co.il/carmel/he/Our-doctors-and-experts/Pages/rani-zraik.aspx","","","","","","","Review hospital roster record and department mapping before import.","","","",""
"reviewIssue","reviewIssue:9cd508961e5b0dda70","canonicalDoctor:carmel:doctor-b765d3dee089be98","doctor-b765d3dee089be98","hospitalRosterOnly; profileCoverageLow","carmel","מרכז רפואי כרמל","ד""ר רוזנבלום ילנה","https://hospitals.clalit.co.il/carmel/he/Our-doctors-and-experts/Pages/yelena-rozenb.aspx","","","","","","","Review hospital roster record and department mapping before import.","","","",""
"reviewIssue","reviewIssue:bfeca8b10b92132525","canonicalDoctor:carmel:doctor-56ef3f64891d964c","doctor-56ef3f64891d964c","hospitalRosterOnly; profileCoverageLow","carmel","מרכז רפואי כרמל","ד""ר רון מולנר","https://hospitals.clalit.co.il/carmel/he/Our-doctors-and-experts/Pages/ron-molner.aspx","","","","","","","Review hospital roster record and department mapping before import.","","","",""
"reviewIssue","reviewIssue:2c553b9efc18e08919","canonicalDoctor:carmel:doctor-3aec3a4f8a039ec3","doctor-3aec3a4f8a039ec3","hospitalRosterOnly; profileCoverageLow","carmel","מרכז רפואי כרמל","ד""ר רונזא נג'אר","https://hospitals.clalit.co.il/carmel/he/Our-doctors-and-experts/Pages/ronza-najar.aspx","","","","","","","Review hospital roster record and department mapping before import.","","","",""
"reviewIssue","reviewIssue:85b7f6e45c0b20b29d","canonicalDoctor:carmel:doctor-f250bd5f63af6fc6","doctor-f250bd5f63af6fc6","hospitalRosterOnly; profileCoverageLow","carmel","מרכז רפואי כרמל","ד""ר רונזא נג'אר מניעת זיהומים ומחלות זיהומיות","https://hospitals.clalit.co.il/carmel/he/Departments-and-Outpatient-Clinics-main/Clinical-departments-and-clinics/Pages/InfectiousDiseasesUnit.aspx","","","","","","","Review hospital roster record and department mapping before import.","","","",""
"reviewIssue","reviewIssue:438548dad4e9cc12fe","canonicalDoctor:carmel:doctor-d34c72db709343c1","doctor-d34c72db709343c1","hospitalRosterOnly; profileCoverageLow","carmel","מרכז רפואי כרמל","ד""ר רונן גלילי","https://hospitals.clalit.co.il/carmel/he/Our-doctors-and-experts/Pages/ronen-galili.aspx","","","","","","","Review hospital roster record and department mapping before import.","","","",""
"reviewIssue","reviewIssue:a65895e04788a727cc","canonicalDoctor:carmel:doctor-11d9dbdb626350fd","doctor-11d9dbdb626350fd","hospitalRosterOnly; profileCoverageLow","carmel","מרכז רפואי כרמל","ד""ר רונן גספר","https://hospitals.clalit.co.il/carmel/he/Our-doctors-and-experts/Pages/ronen-gasper.aspx","","","","","","","Review hospital roster record and department mapping before import.","","","",""
"reviewIssue","reviewIssue:ef21bc95781258954e","canonicalDoctor:carmel:doctor-065b6f3f29ccd835","doctor-065b6f3f29ccd835","hospitalRosterOnly; profileCoverageLow","carmel","מרכז רפואי כרמל","ד""ר רותי דאבר-טרקל","https://hospitals.clalit.co.il/carmel/he/Our-doctors-and-experts/Pages/ruthy-da.aspx","","","","","","","Review hospital roster record and department mapping before import.","","","",""
"reviewIssue","reviewIssue:df2f1809bfbd416106","canonicalDoctor:carmel:doctor-8cf5c421498650bd","doctor-8cf5c421498650bd","hospitalRosterOnly; profileCoverageLow","carmel","מרכז רפואי כרמל","ד""ר רחל מנדל","https://hospitals.clalit.co.il/carmel/he/Our-doctors-and-experts/Pages/rachel-mandel.aspx","","","","","","","Review hospital roster record and department mapping before import.","","","",""
"reviewIssue","reviewIssue:4d7b2c65104710c78f","canonicalDoctor:carmel:doctor-c010769d6c920aa1","doctor-c010769d6c920aa1","hospitalRosterOnly; profileCoverageLow","carmel","מרכז רפואי כרמל","ד""ר ריה כהן","https://hospitals.clalit.co.il/carmel/he/Our-doctors-and-experts/Pages/raya-cohen.aspx","","","","","","","Review hospital roster record and department mapping before import.","","","",""
"reviewIssue","reviewIssue:e2e3b4e21f6a226724","canonicalDoctor:carmel:doctor-354f12a3a0600774","doctor-354f12a3a0600774","hospitalRosterOnly; profileCoverageLow","carmel","מרכז רפואי כרמל","ד""ר רימה שלום סוחוטניק","https://hospitals.clalit.co.il/carmel/he/Our-doctors-and-experts/Pages/rima-sukhutnik.aspx","","","","","","","Review hospital roster record and department mapping before import.","","","",""
"reviewIssue","reviewIssue:ea5e23797a170e5f7f","canonicalDoctor:carmel:doctor-d1fde297185cae56","doctor-d1fde297185cae56","hospitalRosterOnly; profileCoverageLow","carmel","מרכז רפואי כרמל","ד""ר רמוס הרשקוביץ","https://hospitals.clalit.co.il/carmel/he/Our-doctors-and-experts/Pages/ramos-hershko.aspx","","","","","","","Review hospital roster record and department mapping before import.","","","",""
"reviewIssue","reviewIssue:05122b18ecbfed3b8e","canonicalDoctor:carmel:doctor-f5f7a71ccb015158","doctor-f5f7a71ccb015158","hospitalRosterOnly; profileCoverageLow","carmel","מרכז רפואי כרמל","ד""ר רעות לוצקי","https://hospitals.clalit.co.il/carmel/he/Our-doctors-and-experts/Pages/reut-lutzky.aspx","","","","","","","Review hospital roster record and department mapping before import.","","","",""
"reviewIssue","reviewIssue:d4b87da3605fcdf578","canonicalDoctor:carmel:doctor-4646623ebe5c45ee","doctor-4646623ebe5c45ee","hospitalRosterOnly; profileCoverageLow","carmel","מרכז רפואי כרמל","ד""ר רענן כהן-כרם","https://hospitals.clalit.co.il/carmel/he/Our-doctors-and-experts/Pages/RananCo.aspx","","","","","","","Review hospital roster record and department mapping before import.","","","",""
"reviewIssue","reviewIssue:76808ebbf3893aa31c","canonicalDoctor:carmel:doctor-c7f16cb222a5d644","doctor-c7f16cb222a5d644","hospitalRosterOnly; profileCoverageLow","carmel","מרכז רפואי כרמל","ד""ר שאול שר","https://hospitals.clalit.co.il/carmel/he/Our-doctors-and-experts/Pages/shaul-shar.aspx","","","","","","","Review hospital roster record and department mapping before import.","","","",""
"reviewIssue","reviewIssue:f24ba264c7e06e2b20","canonicalDoctor:carmel:doctor-7f152696b94c5d7e","doctor-7f152696b94c5d7e","hospitalRosterOnly; profileCoverageLow","carmel","מרכז רפואי כרמל","ד""ר שושן פרק","https://hospitals.clalit.co.il/carmel/he/Our-doctors-and-experts/Pages/shoshan_park.aspx","","","","","","","Review hospital roster record and department mapping before import.","","","",""
"reviewIssue","reviewIssue:9c1492b6a5a6b5078f","canonicalDoctor:carmel:doctor-5333f3de9a2e53ea","doctor-5333f3de9a2e53ea","hospitalRosterOnly; profileCoverageLow","carmel","מרכז רפואי כרמל","ד""ר שי כהן","https://hospitals.clalit.co.il/carmel/he/Our-doctors-and-experts/Pages/shay-cohen.aspx","","","","","","","Review hospital roster record and department mapping before import.","","","",""
"reviewIssue","reviewIssue:5ca5407d33663eb609","canonicalDoctor:carmel:doctor-bdb44e9919cc7d57","doctor-bdb44e9919cc7d57","hospitalRosterOnly; profileCoverageLow","carmel","מרכז רפואי כרמל","ד""ר שי כהן החטיבה הפנימית","https://hospitals.clalit.co.il/carmel/he/Departments-and-Outpatient-Clinics-main/Clinical-departments-and-clinics/Internal-medicine/Pages/Internal-Division.aspx","","","","","","","Review hospital roster record and department mapping before import.","","","",""
"reviewIssue","reviewIssue:4c245e7bfe10cd266d","canonicalDoctor:carmel:doctor-917b2602105c8755","doctor-917b2602105c8755","hospitalRosterOnly; profileCoverageLow","carmel","מרכז רפואי כרמל","ד""ר שירין שחאדה","https://hospitals.clalit.co.il/carmel/he/Our-doctors-and-experts/Pages/shirin-shada.aspx","","","","","","","Review hospital roster record and department mapping before import.","","","",""
"reviewIssue","reviewIssue:a07ebd824604b3f7f9","canonicalDoctor:carmel:doctor-ffa2c20637f7b099","doctor-ffa2c20637f7b099","hospitalRosterOnly; profileCoverageLow","carmel","מרכז רפואי כרמל","ד""ר שירלי דוידוביץ'","https://hospitals.clalit.co.il/carmel/he/Our-doctors-and-experts/Pages/shirli-davi.aspx","","","","","","","Review hospital roster record and department mapping before import.","","","",""
"reviewIssue","reviewIssue:874ba27a4d222b9584","canonicalDoctor:carmel:doctor-7b8fd24c1e298d86","doctor-7b8fd24c1e298d86","hospitalRosterOnly; profileCoverageLow","carmel","מרכז רפואי כרמל","ד""ר שירלי להב-ברץ","https://hospitals.clalit.co.il/carmel/he/Departments-and-Outpatient-Clinics-main/Institutes-and-Laboratories/labs-list/Pages/lahav_shirly.aspx","","","","","","","Review hospital roster record and department mapping before import.","","","",""
"reviewIssue","reviewIssue:bb19d6af1c987f775d","canonicalDoctor:carmel:doctor-404132352c0f79f1","doctor-404132352c0f79f1","hospitalRosterOnly; profileCoverageLow","carmel","מרכז רפואי כרמל","ד""ר שירלי להב-ברץ מעבדה להפריה חוץ גופית","https://hospitals.clalit.co.il/carmel/he/Departments-and-Outpatient-Clinics-main/Institutes-and-Laboratories/labs-list/Pages/IVF-Lab.aspx","","","","","","","Review hospital roster record and department mapping before import.","","","",""
"reviewIssue","reviewIssue:e9b5c5a5b0b136165a","canonicalDoctor:carmel:doctor-c6de77b119cfc300","doctor-c6de77b119cfc300","hospitalRosterOnly; profileCoverageLow","carmel","מרכז רפואי כרמל","ד""ר שמאלי שמאלי","https://hospitals.clalit.co.il/carmel/he/Our-doctors-and-experts/Pages/shmaly-shmaly.aspx","","","","","","","Review hospital roster record and department mapping before import.","","","",""
"reviewIssue","reviewIssue:3153e39f05cfb9cbe2","canonicalDoctor:carmel:doctor-c6f5e10c1eb0e256","doctor-c6f5e10c1eb0e256","hospitalRosterOnly; profileCoverageLow","carmel","מרכז רפואי כרמל","ד""ר שני ברוש","https://hospitals.clalit.co.il/carmel/he/Our-doctors-and-experts/Pages/shani-brosh.aspx","","","","","","","Review hospital roster record and department mapping before import.","","","",""
"reviewIssue","reviewIssue:2afbd5072ec6b6d429","canonicalDoctor:carmel:doctor-97a08cc3923869e0","doctor-97a08cc3923869e0","hospitalRosterOnly; profileCoverageLow","carmel","מרכז רפואי כרמל","ד""ר שני ברוש הנהלה רפואית","https://hospitals.clalit.co.il/carmel/he/Departments-and-Outpatient-Clinics-main/Administrative-units/Administration/Pages/Management.aspx","","","","","","","Review hospital roster record and department mapping before import.","","","",""
"reviewIssue","reviewIssue:ce62e2b7a530396cdc","canonicalDoctor:carmel:doctor-53fc10b0d2d4a15a","doctor-53fc10b0d2d4a15a","hospitalRosterOnly; profileCoverageLow","carmel","מרכז רפואי כרמל","ד""ר שרון צמח","https://hospitals.clalit.co.il/carmel/he/Our-doctors-and-experts/Pages/sharon-zemach.aspx","","","","","","","Review hospital roster record and department mapping before import.","","","",""
"reviewIssue","reviewIssue:0982a2de7e5ed4f513","canonicalDoctor:carmel:doctor-7a22ffbad3cd63a9","doctor-7a22ffbad3cd63a9","hospitalRosterOnly; profileCoverageLow","carmel","מרכז רפואי כרמל","ד""ר שרון צמח שירות פליאטיבי מכון המטולוגיה","https://hospitals.clalit.co.il/carmel/he/Departments-and-Outpatient-Clinics-main/Clinical-departments-and-clinics/Pages/palliative-service.aspx","","","","","","","Review hospital roster record and department mapping before import.","","","",""
"reviewIssue","reviewIssue:6220bf2ffa4e450433","canonicalDoctor:carmel:doctor-12b42b1b6b035936","doctor-12b42b1b6b035936","hospitalRosterOnly; profileCoverageLow","carmel","מרכז רפואי כרמל","ד""ר שרית כהן","https://hospitals.clalit.co.il/carmel/he/Our-doctors-and-experts/Pages/sarit-cohen.aspx","","","","","","","Review hospital roster record and department mapping before import.","","","",""
"reviewIssue","reviewIssue:17c9f2a581e4a9a9d9","canonicalDoctor:carmel:doctor-f230334569c5f4f6","doctor-f230334569c5f4f6","hospitalRosterOnly; profileCoverageLow","carmel","מרכז רפואי כרמל","ד""ר שתיווי סוועאד","https://hospitals.clalit.co.il/carmel/he/Our-doctors-and-experts/Pages/shtiwi-su.aspx","","","","","","","Review hospital roster record and department mapping before import.","","","",""
"reviewIssue","reviewIssue:60ad31171055b2bfd4","canonicalDoctor:carmel:doctor-f2e837c478fdd8bd","doctor-f2e837c478fdd8bd","hospitalRosterOnly; profileCoverageLow; suspiciousName; possibleProseExtraction","carmel","מרכז רפואי כרמל","ד""ר תמר אברמוביץ מונתה לסגנית מנהל המחלקה כירורגית ב'","https://hospitals.clalit.co.il/carmel/he/News-Articles/news-2026/Pages/carmel-powerhouse-of-innovation.aspx","","","","","","","Review hospital roster record and department mapping before import.","","","",""
"reviewIssue","reviewIssue:e95403dd2f25f005aa","canonicalDoctor:carmel:doctor-ab6dafa6f688182b","doctor-ab6dafa6f688182b","hospitalRosterOnly; profileCoverageLow","carmel","מרכז רפואי כרמל","ד""ר תמר סגל אברמוביץ","https://hospitals.clalit.co.il/carmel/he/Our-doctors-and-experts/Pages/tamar-Abramowitz.aspx","","","","","","","Review hospital roster record and department mapping before import.","","","",""
"reviewIssue","reviewIssue:e03cc572888a4dd9f8","canonicalDoctor:carmel:doctor-5a69a05cf9967816","doctor-5a69a05cf9967816","hospitalRosterOnly; profileCoverageLow","carmel","מרכז רפואי כרמל","ד""ר תמר שבלין","https://hospitals.clalit.co.il/carmel/he/Our-doctors-and-experts/Pages/tamara-shablin.aspx","","","","","","","Review hospital roster record and department mapping before import.","","","",""
"reviewIssue","reviewIssue:0da4a6d67a3f6140a1","canonicalDoctor:carmel:doctor-d2a40e8463b062f4","doctor-d2a40e8463b062f4","hospitalRosterOnly; profileCoverageLow","carmel","מרכז רפואי כרמל","פרופ' אבינועם שירן","https://hospitals.clalit.co.il/carmel/he/Our-doctors-and-experts/Pages/Prof-Avinoam-Shiran.aspx","","","","","","","Review hospital roster record and department mapping before import.","","","",""
"reviewIssue","reviewIssue:5232d427a279ef26de","canonicalDoctor:carmel:doctor-48d56fa8cbf56855","doctor-48d56fa8cbf56855","hospitalRosterOnly; profileCoverageLow","carmel","מרכז רפואי כרמל","פרופ' אבינועם שירן מערך קרדיולוגי","https://hospitals.clalit.co.il/carmel/he/Departments-and-Outpatient-Clinics-main/Clinical-departments-and-clinics/Cardiology/Pages/List-Cardiology.aspx","","","","","","","Review hospital roster record and department mapping before import.","","","",""
"reviewIssue","reviewIssue:2e728defd5cd58273b","canonicalDoctor:carmel:doctor-18b40959135cd1f0","doctor-18b40959135cd1f0","hospitalRosterOnly; profileCoverageLow","carmel","מרכז רפואי כרמל","פרופ' אדמונד סבו","https://hospitals.clalit.co.il/carmel/he/Our-doctors-and-experts/Pages/Edmond-Sabo.aspx","","","","","","","Review hospital roster record and department mapping before import.","","","",""
"reviewIssue","reviewIssue:8ed68592abced7807e","canonicalDoctor:carmel:doctor-4a9959f239343b1f","doctor-4a9959f239343b1f","hospitalRosterOnly; profileCoverageLow","carmel","מרכז רפואי כרמל","פרופ' אורן טומקינס-נצר","https://hospitals.clalit.co.il/carmel/he/Our-doctors-and-experts/Pages/oren-tomkins.aspx","","","","","","","Review hospital roster record and department mapping before import.","","","",""
"reviewIssue","reviewIssue:217f766c76dc3f3891","canonicalDoctor:carmel:doctor-5023b5048bb5771d","doctor-5023b5048bb5771d","hospitalRosterOnly; profileCoverageLow","carmel","מרכז רפואי כרמל","פרופ' אילנה דואק","https://hospitals.clalit.co.il/carmel/he/Our-doctors-and-experts/Pages/ilana-doweck.aspx","","","","","","","Review hospital roster record and department mapping before import.","","","",""
"reviewIssue","reviewIssue:905a5654acc68d8183","canonicalDoctor:carmel:doctor-9e133d804d67179e","doctor-9e133d804d67179e","hospitalRosterOnly; profileCoverageLow","carmel","מרכז רפואי כרמל","פרופ' אלי צוקרמן","https://hospitals.clalit.co.il/carmel/he/Our-doctors-and-experts/Pages/eli-zuckerman.aspx","","","","","","","Review hospital roster record and department mapping before import.","","","",""
"reviewIssue","reviewIssue:a5e6592276782b3c72","canonicalDoctor:carmel:doctor-375f723537eb84e9","doctor-375f723537eb84e9","hospitalRosterOnly; profileCoverageLow","carmel","מרכז רפואי כרמל","פרופ' אלי צוקרמן מכון כבד","https://hospitals.clalit.co.il/carmel/he/Departments-and-Outpatient-Clinics-main/Institutes-and-Laboratories/Pages/Liver.aspx","","","","","","","Review hospital roster record and department mapping before import.","","","",""
"reviewIssue","reviewIssue:a2d90558e7b972f6d8","canonicalDoctor:carmel:doctor-ea483f701d1fceab","doctor-ea483f701d1fceab","hospitalRosterOnly; profileCoverageLow","carmel","מרכז רפואי כרמל","פרופ' גיורא פילר","https://hospitals.clalit.co.il/carmel/he/Our-doctors-and-experts/Pages/giora-pillar.aspx","","","","","","","Review hospital roster record and department mapping before import.","","","",""
"reviewIssue","reviewIssue:41afa8bc4a814219ba","canonicalDoctor:carmel:doctor-88029b18fc499e01","doctor-88029b18fc499e01","hospitalRosterOnly; profileCoverageLow","carmel","מרכז רפואי כרמל","פרופ' גיורא פילר מחלקת ילדים מעבדת שינה","https://hospitals.clalit.co.il/carmel/he/Departments-and-Outpatient-Clinics-main/Clinical-departments-and-clinics/Pages/Polysomnography-SleepLaboratory.aspx","","","","","","","Review hospital roster record and department mapping before import.","","","",""
"reviewIssue","reviewIssue:63b100162db4c0ce53","canonicalDoctor:carmel:doctor-cdc32a27d45edd38","doctor-cdc32a27d45edd38","hospitalRosterOnly; profileCoverageLow","carmel","מרכז רפואי כרמל","פרופ' גליה אורון","https://hospitals.clalit.co.il/carmel/he/Our-doctors-and-experts/Pages/galia-oron.aspx","","","","","","","Review hospital roster record and department mapping before import.","","","",""
"reviewIssue","reviewIssue:95cafb259e22613759","canonicalDoctor:carmel:doctor-56e7ffbcc75a56f1","doctor-56e7ffbcc75a56f1","hospitalRosterOnly; profileCoverageLow","carmel","מרכז רפואי כרמל","פרופ' דבי זיסמן","https://hospitals.clalit.co.il/carmel/he/Our-doctors-and-experts/Pages/devy-zisman.aspx","","","","","","","Review hospital roster record and department mapping before import.","","","",""
"reviewIssue","reviewIssue:f82c802f71419a36a8","canonicalDoctor:carmel:doctor-024d62c3aa133729","doctor-024d62c3aa133729","hospitalRosterOnly; profileCoverageLow","carmel","מרכז רפואי כרמל","פרופ' וליד סליבא","https://hospitals.clalit.co.il/carmel/he/Our-doctors-and-experts/Pages/walid-saliba.aspx","","","","","","","Review hospital roster record and department mapping before import.","","","",""
"reviewIssue","reviewIssue:1137abff2ba261a345","canonicalDoctor:carmel:doctor-bf6af5a920f0cebb","doctor-bf6af5a920f0cebb","hospitalRosterOnly; profileCoverageLow; overlongName","carmel","מרכז רפואי כרמל","פרופ' וליד סליבא רפואת הקהילה ואפידמיולוגיה התוכנית הארצית לגילוי מוקדם של סרטן השד","https://hospitals.clalit.co.il/carmel/he/Departments-and-Outpatient-Clinics-main/Institutes-and-Laboratories/Pages/breast-cancer-detection.aspx","","","","","","","Review hospital roster record and department mapping before import.","","","",""
"reviewIssue","reviewIssue:8eae178edfc386bd3b","canonicalDoctor:carmel:doctor-0064d2b0cda7441a","doctor-0064d2b0cda7441a","hospitalRosterOnly; profileCoverageLow","carmel","מרכז רפואי כרמל","פרופ' יוחאי אדיר","https://hospitals.clalit.co.il/carmel/he/Our-doctors-and-experts/Pages/yochai-adir.aspx","","","","","","","Review hospital roster record and department mapping before import.","","","",""
"reviewIssue","reviewIssue:75f9cd643fc658c112","canonicalDoctor:carmel:doctor-85f2e6b51923eaa8","doctor-85f2e6b51923eaa8","hospitalRosterOnly; profileCoverageLow","carmel","מרכז רפואי כרמל","פרופ' יורם אברהמוב","https://hospitals.clalit.co.il/carmel/he/Our-doctors-and-experts/Pages/yoramAvrahamov.aspx","","","","","","","Review hospital roster record and department mapping before import.","","","",""
"reviewIssue","reviewIssue:5850b1546b31323bee","canonicalDoctor:carmel:doctor-841dcacd6bf69ccb","doctor-841dcacd6bf69ccb","hospitalRosterOnly; profileCoverageLow","carmel","מרכז רפואי כרמל","פרופ' לנה שגיא-דאין","https://hospitals.clalit.co.il/carmel/he/Our-doctors-and-experts/Pages/Lena-Dain.aspx","","","","","","","Review hospital roster record and department mapping before import.","","","",""
"reviewIssue","reviewIssue:b86b45f1b65afad1f7","canonicalDoctor:carmel:doctor-a419d6dbc935c550","doctor-a419d6dbc935c550","hospitalRosterOnly; profileCoverageLow","carmel","מרכז רפואי כרמל","פרופ' מיכל שטיינברג","https://hospitals.clalit.co.il/carmel/he/Our-doctors-and-experts/Pages/Michal-Shteinberg.aspx","","","","","","","Review hospital roster record and department mapping before import.","","","",""
"reviewIssue","reviewIssue:cf8af7bc895d7dfc2f","canonicalDoctor:carmel:doctor-76e79254ebfc87c9","doctor-76e79254ebfc87c9","hospitalRosterOnly; profileCoverageLow","carmel","מרכז רפואי כרמל","פרופ' מיקי רהט","https://hospitals.clalit.co.il/carmel/he/Our-doctors-and-experts/Pages/miki-rahat.aspx","","","","","","","Review hospital roster record and department mapping before import.","","","",""
"reviewIssue","reviewIssue:77c296f24f480d8d78","canonicalDoctor:carmel:doctor-8fc69c75732d6e40","doctor-8fc69c75732d6e40","hospitalRosterOnly; profileCoverageLow","carmel","מרכז רפואי כרמל","פרופ' מיקי רהט מעבדה לאימונותרפיה","https://hospitals.clalit.co.il/carmel/he/Academia-and-Research/Pages/immunotherapy-Lab.aspx","","","","","","","Review hospital roster record and department mapping before import.","","","",""
"reviewIssue","reviewIssue:a4b70d9022db509880","canonicalDoctor:carmel:doctor-2df02c92b9fdb7c9","doctor-2df02c92b9fdb7c9","hospitalRosterOnly; profileCoverageLow","carmel","מרכז רפואי כרמל","פרופ' משה פליגלמן","https://hospitals.clalit.co.il/carmel/he/Our-doctors-and-experts/Pages/Prof-Fligelman.aspx","","","","","","","Review hospital roster record and department mapping before import.","","","",""
"reviewIssue","reviewIssue:0aa41df80650b09758","canonicalDoctor:carmel:doctor-8cf09689d4f4cbe4","doctor-8cf09689d4f4cbe4","hospitalRosterOnly; profileCoverageLow","carmel","מרכז רפואי כרמל","פרופ' משה פליגלמן המערך הקרדיולוגי","https://hospitals.clalit.co.il/carmel/he/Departments-and-Outpatient-Clinics-main/Clinical-departments-and-clinics/Cardiology/Pages/cardiology-systems.aspx/carmel/he/Departments-and-Outpatient-Clinics-main/Clinical-departments-and-clinics/Cardiology/Pages/cardiology-systems.aspx","","","","","","","Review hospital roster record and department mapping before import.","","","",""
"reviewIssue","reviewIssue:c98766408eea73bc2e","canonicalDoctor:carmel:doctor-021eadd096fee18a","doctor-021eadd096fee18a","hospitalRosterOnly; profileCoverageLow","carmel","מרכז רפואי כרמל","פרופ' עופר לביא","https://hospitals.clalit.co.il/carmel/he/Our-doctors-and-experts/Pages/ofer-lavie.aspx","","","","","","","Review hospital roster record and department mapping before import.","","","",""
"reviewIssue","reviewIssue:07848ab415bd3ccb6f","canonicalDoctor:carmel:doctor-de58f3bda1c6bdd7","doctor-de58f3bda1c6bdd7","hospitalRosterOnly; profileCoverageLow","carmel","מרכז רפואי כרמל","פרופ' רונן יפה","https://hospitals.clalit.co.il/carmel/he/Our-doctors-and-experts/Pages/Ronen-Yaffe.aspx","","","","","","","Review hospital roster record and department mapping before import.","","","",""
"reviewIssue","reviewIssue:221e6f3d0c9dd3c9b5","canonicalDoctor:carmel:doctor-55fc4667189e76db","doctor-55fc4667189e76db","hospitalRosterOnly; profileCoverageLow","carmel","מרכז רפואי כרמל","פרופ' ריאד חדאד","https://hospitals.clalit.co.il/carmel/he/Our-doctors-and-experts/Pages/riadha.aspx","","","","","","","Review hospital roster record and department mapping before import.","","","",""
"reviewIssue","reviewIssue:93f9aab08c966097ef","canonicalDoctor:emek:doctor-7b5ae856003e2ac3","doctor-7b5ae856003e2ac3","profileCoverageLow; listOnlyMostly; missingProfileUrl; suspiciousName; overlongName","emek","מרכז רפואי העמק","ד""ר דניאלה קושניר גרינבאום ד""ר דניאלה קושניר גרינבאום רופאה בכירה במחלקת עור ובמרפאת פסוריאזיס","","","","","","","","Review hospital roster record and department mapping before import.","","","",""
"reviewIssue","reviewIssue:d1c985fc6a36866e7e","canonicalDoctor:emek:doctor-247be0253598cdac","doctor-247be0253598cdac","profileCoverageLow; listOnlyMostly; missingProfileUrl; suspiciousName; possibleProseExtraction","emek","מרכז רפואי העמק","ד""ר דניאלה קושניר גרינבאום יחידה","","","","","","","","Review hospital roster record and department mapping before import.","","","",""
"reviewIssue","reviewIssue:22b954ec1db982e491","canonicalDoctor:emek:doctor-f0acf7cae8c17d2e","doctor-f0acf7cae8c17d2e","profileCoverageLow","emek","מרכז רפואי העמק","ד""ר זיו מיכאל","https://hospitals.clalit.co.il/emek/he/info/emek_doctors/Pages/michael_ziv.aspx","","","","","","","Review hospital roster record and department mapping before import.","","","",""
"reviewIssue","reviewIssue:026af98ab76d968dae","canonicalDoctor:emek:doctor-c61c4c05c3717d0f","doctor-c61c4c05c3717d0f","profileCoverageLow; listOnlyMostly; missingProfileUrl; suspiciousName; possibleProseExtraction","emek","מרכז רפואי העמק","ד""ר מיכאל זיו ד""ר מיכאל זיו מנהל מחלקת עור שם","","","","","","","","Review hospital roster record and department mapping before import.","","","",""
"reviewIssue","reviewIssue:194e0f42cc532080ac","canonicalDoctor:emek:doctor-cca81f914043587e","doctor-cca81f914043587e","profileCoverageLow; listOnlyMostly; missingProfileUrl; suspiciousName; possibleProseExtraction","emek","מרכז רפואי העמק","ד""ר מיכאל זיו טלפון","","","","","","","","Review hospital roster record and department mapping before import.","","","",""
"reviewIssue","reviewIssue:34d679749159e44c1a","canonicalDoctor:emek:doctor-e72f4e0982ad5d9e","doctor-e72f4e0982ad5d9e","profileCoverageLow; listOnlyMostly","emek","מרכז רפואי העמק","ד""ר מירי קרנר","https://hospitals.clalit.co.il/emek/he/info/emek_doctors/Pages/miri_kerner.aspx","","","","","","","Review hospital roster record and department mapping before import.","","","",""
"reviewIssue","reviewIssue:36ee6c646301943ef6","canonicalDoctor:emek:doctor-664c7a0370ccaae9","doctor-664c7a0370ccaae9","profileCoverageLow; listOnlyMostly; missingProfileUrl; suspiciousName; overlongName","emek","מרכז רפואי העמק","ד""ר ערן ברק כהן ד""ר ערן ברק כהן מנהל שירות עור ילדים וסגן מנהל מחלקת עור","","","","","","","","Review hospital roster record and department mapping before import.","","","",""
"reviewIssue","reviewIssue:78aab9177c7d50f7ac","canonicalDoctor:emek:doctor-d647b59a43467e59","doctor-d647b59a43467e59","profileCoverageLow; listOnlyMostly; missingProfileUrl; suspiciousName; possibleProseExtraction","emek","מרכז רפואי העמק","ד""ר ערן ברק כהן טלפון","","","","","","","","Review hospital roster record and department mapping before import.","","","",""
"reviewIssue","reviewIssue:466048e78527e8b17d","canonicalDoctor:emek:doctor-760a01eb21735229","doctor-760a01eb21735229","profileCoverageLow","emek","מרכז רפואי העמק","ד""ר ערן כהן ברק","https://hospitals.clalit.co.il/emek/he/info/emek_doctors/Pages/eran_barak_cohen.aspx","","","","","","","Review hospital roster record and department mapping before import.","","","",""
"reviewIssue","reviewIssue:26fc889c60ae9125e9","canonicalDoctor:emek:doctor-ad714b114554282f","doctor-ad714b114554282f","profileCoverageLow","emek","מרכז רפואי העמק","ד""ר קושניר גרינבאום דניאלה","https://hospitals.clalit.co.il/emek/he/info/emek_doctors/Pages/kushnir_grinbaum_daniela.aspx","","","","","","","Review hospital roster record and department mapping before import.","","","",""
"reviewIssue","reviewIssue:3af41eb85b8b07c530","doctorDepartmentLink:0145c42f54a93e9066","doctor-21fd87a751adcac4","matchConfidenceReviewNeeded; ambiguityReason","emek","מרכז רפואי העמק","פרופסור חדשה בעמק","https://hospitals.clalit.co.il/emek/he/news/Documents/%d7%a4%d7%a8%d7%95%d7%a4%20%d7%9c%d7%99.png","","","reviewNeeded","multipleMasterDeptHospitalRows","","https://hospitals.clalit.co.il/emek/he/Pages/default.aspx","Confirm doctor-department mapping.","","","",""
"reviewIssue","reviewIssue:da63072a7761747b1a","canonicalDoctor:emek:doctor-21fd87a751adcac4","doctor-21fd87a751adcac4","profileCoverageLow","emek","מרכז רפואי העמק","פרופסור חדשה בעמק","https://hospitals.clalit.co.il/emek/he/news/Documents/%d7%a4%d7%a8%d7%95%d7%a4%20%d7%9c%d7%99.png","","","","","","","Review hospital roster record and department mapping before import.","","","",""
"reviewIssue","reviewIssue:3a9a95cb564ba3806c","canonicalDoctor:galilee:doctor-c592634488459f3a","doctor-c592634488459f3a","profileCoverageLow; listOnlyMostly; missingProfileUrl","galilee","המרכז הרפואי לגליל","ד""ר אדהם דאוד","","","","","","","","Review hospital roster record and department mapping before import.","","","",""
"reviewIssue","reviewIssue:bb79201c9db63aa59d","canonicalDoctor:galilee:doctor-6bf9642236abb912","doctor-6bf9642236abb912","profileCoverageLow; listOnlyMostly; missingProfileUrl","galilee","המרכז הרפואי לגליל","ד""ר אליהו חלפון","","","","","","","","Review hospital roster record and department mapping before import.","","","",""
"reviewIssue","reviewIssue:d76be8eeb59fce0a28","canonicalDoctor:galilee:doctor-0bc5e410690430d6","doctor-0bc5e410690430d6","profileCoverageLow; listOnlyMostly; missingProfileUrl","galilee","המרכז הרפואי לגליל","ד""ר אלכס שטורמן","","","","","","","","Review hospital roster record and department mapping before import.","","","",""
"reviewIssue","reviewIssue:b8e502b30305fbf0e0","canonicalDoctor:galilee:doctor-fc9c65df8fa5763a","doctor-fc9c65df8fa5763a","profileCoverageLow; listOnlyMostly; missingProfileUrl","galilee","המרכז הרפואי לגליל","ד""ר בולוס מריאנה","","","","","","","","Review hospital roster record and department mapping before import.","","","",""
"reviewIssue","reviewIssue:624fc77831a8fbb683","canonicalDoctor:galilee:doctor-9f2307d243f68d1f","doctor-9f2307d243f68d1f","profileCoverageLow; listOnlyMostly; missingProfileUrl","galilee","המרכז הרפואי לגליל","ד""ר גאנם נדיר","","","","","","","","Review hospital roster record and department mapping before import.","","","",""
"reviewIssue","reviewIssue:fbc3ef2e275696f4ce","canonicalDoctor:galilee:doctor-9048101a13a738a8","doctor-9048101a13a738a8","profileCoverageLow; listOnlyMostly; missingProfileUrl","galilee","המרכז הרפואי לגליל","ד""ר גסאן מועדי","","","","","","","","Review hospital roster record and department mapping before import.","","","",""
"reviewIssue","reviewIssue:0dd8787321de70226d","canonicalDoctor:galilee:doctor-1eaf88e7431f71ea","doctor-1eaf88e7431f71ea","profileCoverageLow; listOnlyMostly; missingProfileUrl","galilee","המרכז הרפואי לגליל","ד""ר ואסים משיעל","","","","","","","","Review hospital roster record and department mapping before import.","","","",""
"reviewIssue","reviewIssue:21f553206432b600df","canonicalDoctor:galilee:doctor-51c20d6c4730db73","doctor-51c20d6c4730db73","profileCoverageLow; listOnlyMostly; missingProfileUrl","galilee","המרכז הרפואי לגליל","ד""ר ואסים שיהאב","","","","","","","","Review hospital roster record and department mapping before import.","","","",""
"reviewIssue","reviewIssue:cf4bf4f3557e5510b9","canonicalDoctor:galilee:doctor-d9fd82881f162d0d","doctor-d9fd82881f162d0d","profileCoverageLow; listOnlyMostly; missingProfileUrl","galilee","המרכז הרפואי לגליל","ד""ר חליל נסראללה","","","","","","","","Review hospital roster record and department mapping before import.","","","",""
"reviewIssue","reviewIssue:6ec379249960a86aab","canonicalDoctor:galilee:doctor-e8e9be00aae860ad","doctor-e8e9be00aae860ad","profileCoverageLow; listOnlyMostly; missingProfileUrl","galilee","המרכז הרפואי לגליל","ד""ר טוני אבו רחמה","","","","","","","","Review hospital roster record and department mapping before import.","","","",""
"reviewIssue","reviewIssue:df6bdd14fa3244df7f","canonicalDoctor:galilee:doctor-bacd0762dc72e350","doctor-bacd0762dc72e350","profileCoverageLow; listOnlyMostly; missingProfileUrl","galilee","המרכז הרפואי לגליל","ד""ר לואי מוברכה","","","","","","","","Review hospital roster record and department mapping before import.","","","",""
"reviewIssue","reviewIssue:b67ba90f91545e2f8d","canonicalDoctor:galilee:doctor-0b32879b546ed78a","doctor-0b32879b546ed78a","profileCoverageLow; listOnlyMostly; missingProfileUrl","galilee","המרכז הרפואי לגליל","ד""ר לואי עראף","","","","","","","","Review hospital roster record and department mapping before import.","","","",""
"reviewIssue","reviewIssue:b16421c8fd14871c1e","canonicalDoctor:galilee:doctor-14dd8f5bf367d8db","doctor-14dd8f5bf367d8db","profileCoverageLow; listOnlyMostly; missingProfileUrl","galilee","המרכז הרפואי לגליל","ד""ר מואנס סרחאן","","","","","","","","Review hospital roster record and department mapping before import.","","","",""
"reviewIssue","reviewIssue:36874ffb40684dc881","canonicalDoctor:galilee:doctor-1d77262c0df11945","doctor-1d77262c0df11945","profileCoverageLow; listOnlyMostly; missingProfileUrl","galilee","המרכז הרפואי לגליל","ד""ר מלחם פארס","","","","","","","","Review hospital roster record and department mapping before import.","","","",""
"reviewIssue","reviewIssue:ee9ce95780fd957c7c","canonicalDoctor:galilee:doctor-87964a76354a406e","doctor-87964a76354a406e","profileCoverageLow; listOnlyMostly; missingProfileUrl","galilee","המרכז הרפואי לגליל","ד""ר סבטלנה ליסיצין","","","","","","","","Review hospital roster record and department mapping before import.","","","",""
"reviewIssue","reviewIssue:6418594f833c5274d1","doctorDepartmentLink:c0a0780b46cab4eaf3","doctor-3f343924a1265b78","matchConfidenceReviewNeeded; ambiguityReason","galilee","המרכז הרפואי לגליל","ד""ר צבי שלג הציג את מומחיות המרכז הרפואי לגליל בכנס ""Resilient Medicine","https://www.gmc.gov.il/?p=22119","","","reviewNeeded","multipleMasterDeptHospitalRows","","https://www.gmc.gov.il/","Confirm doctor-department mapping.","","","",""
"reviewIssue","reviewIssue:ec6fe595a7714e56a9","canonicalDoctor:galilee:doctor-3f343924a1265b78","doctor-3f343924a1265b78","profileCoverageLow; overlongName","galilee","המרכז הרפואי לגליל","ד""ר צבי שלג הציג את מומחיות המרכז הרפואי לגליל בכנס ""Resilient Medicine","https://www.gmc.gov.il/?p=22119","","","","","","","Review hospital roster record and department mapping before import.","","","",""
"reviewIssue","reviewIssue:2332c1cb082112eb13","canonicalDoctor:galilee:doctor-0d817b2aad68ef66","doctor-0d817b2aad68ef66","profileCoverageLow; listOnlyMostly; missingProfileUrl","galilee","המרכז הרפואי לגליל","ד""ר צפריר אור","","","","","","","","Review hospital roster record and department mapping before import.","","","",""
"reviewIssue","reviewIssue:cf580ae26b3a2a6fcf","canonicalDoctor:galilee:doctor-4ba7bb759bc096e8","doctor-4ba7bb759bc096e8","profileCoverageLow; listOnlyMostly; missingProfileUrl","galilee","המרכז הרפואי לגליל","ד""ר שולי האיתם","","","","","","","","Review hospital roster record and department mapping before import.","","","",""
"reviewIssue","reviewIssue:0a91bb14451f10b511","canonicalDoctor:galilee:doctor-0972be06535da764","doctor-0972be06535da764","profileCoverageLow; listOnlyMostly; missingProfileUrl","galilee","המרכז הרפואי לגליל","ד""ר שטארקר חיים יפים","","","","","","","","Review hospital roster record and department mapping before import.","","","",""
"reviewIssue","reviewIssue:31630e80d581ce983d","doctorDepartmentLink:7141a35282d5f2d083","doctor-1e06ce4e65b63da8","matchConfidenceReviewNeeded; ambiguityReason","galilee","המרכז הרפואי לגליל","ד""ר שרבל חורי","https://www.gmc.gov.il/?p=12196","","","reviewNeeded","multipleMasterDeptHospitalRows","","https://www.gmc.gov.il/","Confirm doctor-department mapping.","","","",""
"reviewIssue","reviewIssue:0351f52aef636148fa","canonicalDoctor:galilee:doctor-1e06ce4e65b63da8","doctor-1e06ce4e65b63da8","profileCoverageLow","galilee","המרכז הרפואי לגליל","ד""ר שרבל חורי","https://www.gmc.gov.il/?p=12196","","","","","","","Review hospital roster record and department mapping before import.","","","",""
"reviewIssue","reviewIssue:b0fafdd4da59ea10c0","canonicalDoctor:galilee:doctor-57a21059c27a6c2e","doctor-57a21059c27a6c2e","profileCoverageLow; listOnlyMostly; missingProfileUrl","galilee","המרכז הרפואי לגליל","ד""ר שרון אבשלום","","","","","","","","Review hospital roster record and department mapping before import.","","","",""
"reviewIssue","reviewIssue:bcfa8c34eabaa9b312","doctorDepartmentLink:5ef3d0c005eb06c54d","doctor-3974f7f2af688c48","matchConfidenceReviewNeeded; ambiguityReason","galilee","המרכז הרפואי לגליל","פרופ' ברהום בועידת הבריאות של ידיעות אחרונות","https://www.gmc.gov.il/?p=12176","","","reviewNeeded","multipleMasterDeptHospitalRows","","https://www.gmc.gov.il/","Confirm doctor-department mapping.","","","",""
"reviewIssue","reviewIssue:1989d5dace8674866d","canonicalDoctor:galilee:doctor-3974f7f2af688c48","doctor-3974f7f2af688c48","profileCoverageLow","galilee","המרכז הרפואי לגליל","פרופ' ברהום בועידת הבריאות של ידיעות אחרונות","https://www.gmc.gov.il/?p=12176","","","","","","","Review hospital roster record and department mapping before import.","","","",""
"reviewIssue","reviewIssue:64e432741bbe612346","doctorDepartmentLink:e3dafec0fcd112d5d2","doctor-f7cc67353cb9cb02","matchConfidenceReviewNeeded; ambiguityReason","galilee","המרכז הרפואי לגליל","פרופ' חיתאם חוסיין בסיקור מיוחד עבור ""ישראל היום""","https://www.gmc.gov.il/?p=22108","","","reviewNeeded","multipleMasterDeptHospitalRows","","https://www.gmc.gov.il/","Confirm doctor-department mapping.","","","",""
"reviewIssue","reviewIssue:8b6e6e83d24bafa739","canonicalDoctor:galilee:doctor-f7cc67353cb9cb02","doctor-f7cc67353cb9cb02","profileCoverageLow","galilee","המרכז הרפואי לגליל","פרופ' חיתאם חוסיין בסיקור מיוחד עבור ""ישראל היום""","https://www.gmc.gov.il/?p=22108","","","","","","","Review hospital roster record and department mapping before import.","","","",""
"reviewIssue","reviewIssue:82dbb8c4cb262c326e","canonicalDoctor:galilee:doctor-31f77623c28d3953","doctor-31f77623c28d3953","profileCoverageLow; listOnlyMostly; missingProfileUrl","galilee","המרכז הרפואי לגליל","פרופ' ליאור לבנשטיין","","","","","","","","Review hospital roster record and department mapping before import.","","","",""
"reviewIssue","reviewIssue:d9f34b2f89d0863791","canonicalDoctor:galilee:doctor-6531a61c19100a90","doctor-6531a61c19100a90","profileCoverageLow; listOnlyMostly; missingProfileUrl","galilee","המרכז הרפואי לגליל","פרופ' מאיה וולף-פרנק","","","","","","","","Review hospital roster record and department mapping before import.","","","",""
"reviewIssue","reviewIssue:c2c96ca935a84c39cb","doctorDepartmentLink:3d87b7e3840ddf76f8","doctor-5187ef1f1b5e00a0","matchConfidenceReviewNeeded; ambiguityReason","galilee","המרכז הרפואי לגליל","פרופ' מסעד ברהום","https://www.gmc.gov.il/?p=12221","","","reviewNeeded","multipleMasterDeptHospitalRows","","https://www.gmc.gov.il/","Confirm doctor-department mapping.","","","",""
"reviewIssue","reviewIssue:4e631cac16b776bba6","doctorDepartmentLink:95eb9edb78a5a21ed3","doctor-6d2a7cb98dbae65c","matchConfidenceReviewNeeded; ambiguityReason","galilee","המרכז הרפואי לגליל","פרופ' מסעד ברהום","https://www.gmc.gov.il/?p=22136","","","reviewNeeded","multipleMasterDeptHospitalRows","","https://www.gmc.gov.il/","Confirm doctor-department mapping.","","","",""
"reviewIssue","reviewIssue:158294db80aa8bba8c","canonicalDoctor:galilee:doctor-5187ef1f1b5e00a0","doctor-5187ef1f1b5e00a0","profileCoverageLow","galilee","המרכז הרפואי לגליל","פרופ' מסעד ברהום","https://www.gmc.gov.il/?p=12221","","","","","","","Review hospital roster record and department mapping before import.","","","",""
"reviewIssue","reviewIssue:a59cabb6267b3bc395","canonicalDoctor:galilee:doctor-6d2a7cb98dbae65c","doctor-6d2a7cb98dbae65c","profileCoverageLow","galilee","המרכז הרפואי לגליל","פרופ' מסעד ברהום","https://www.gmc.gov.il/?p=22136","","","","","","","Review hospital roster record and department mapping before import.","","","",""
"reviewIssue","reviewIssue:9c0891882c24163ff9","canonicalDoctor:galilee:doctor-6e95b677909b43fc","doctor-6e95b677909b43fc","profileCoverageLow; listOnlyMostly; missingProfileUrl","galilee","המרכז הרפואי לגליל","פרופ' מרואן עודה","","","","","","","","Review hospital roster record and department mapping before import.","","","",""
"reviewIssue","reviewIssue:4235ffa25ea9052c28","canonicalDoctor:galilee:doctor-6f6e77410d517376","doctor-6f6e77410d517376","profileCoverageLow; listOnlyMostly; missingProfileUrl","galilee","המרכז הרפואי לגליל","פרופ' נימר עאסי","","","","","","","","Review hospital roster record and department mapping before import.","","","",""
"reviewIssue","reviewIssue:97ae1c625da2c67ab6","canonicalDoctor:galilee:doctor-2001d028acd0f171","doctor-2001d028acd0f171","profileCoverageLow; listOnlyMostly; missingProfileUrl","galilee","המרכז הרפואי לגליל","פרופ' שאול עטר","","","","","","","","Review hospital roster record and department mapping before import.","","","",""
"reviewIssue","reviewIssue:4759e8bacdb47d5533","canonicalDoctor:geha:doctor-5e7f78499ff8b08d","doctor-5e7f78499ff8b08d","hospitalRosterOnly; profileCoverageLow","geha","geha","אשפוז אנשים הסובלים מהפרעת אישיות גבולית -","https://hospitals.clalit.co.il/geha/he/pub/Documents/%D7%90%D7%A9%D7%A4%D7%95%D7%96%20%D7%90%D7%A0%D7%A9%D7%99%D7%9D%20%D7%94%D7%A1%D7%95%D7%91%D7%9C%D7%99%D7%9D%20%D7%9E%D7%94%D7%A4%D7%A8%D7%A2%D7%AA%20%D7%90%D7%99%D7%A9%D7%99%D7%95%D7%AA%20%D7%92%D7%91%D7%95%D7%9C%D7%99%D7%AA%20-%20%D7%A4%D7%A8%D7%95%D7%A4%27%20%D7%92%D7%99%D7%9C%20%D7%96%D7%9C%D7%A6%D7%9E%D7%9F.pdf","","","","","","","Review hospital roster record and department mapping before import.","","","",""
"reviewIssue","reviewIssue:8df2f900b96745136b","canonicalDoctor:geha:doctor-5e060afe4407562c","doctor-5e060afe4407562c","hospitalRosterOnly; profileCoverageLow","geha","geha","גהה על הבר -","https://hospitals.clalit.co.il/geha/he/pub/Pages/2542017.aspx","","","","","","","Review hospital roster record and department mapping before import.","","","",""
"reviewIssue","reviewIssue:2df3eca4e3c5956cff","canonicalDoctor:geha:doctor-8fc24c36df71b394","doctor-8fc24c36df71b394","hospitalRosterOnly; profileCoverageLow","geha","geha","הפרעת אישיות גבולית -","https://hospitals.clalit.co.il/geha/he/pub/Documents/%D7%94%D7%A4%D7%A8%D7%A2%D7%AA%20%D7%90%D7%99%D7%A9%D7%99%D7%95%D7%AA%20%D7%92%D7%91%D7%95%D7%9C%D7%99%D7%AA%20-%20%D7%A4%D7%A8%D7%95%D7%A4%27%20%D7%92%D7%9C%20%D7%A9%D7%95%D7%91%D7%9C.pdf","","","","","","","Review hospital roster record and department mapping before import.","","","",""
"reviewIssue","reviewIssue:4bbad5a7e08c3acec9","canonicalDoctor:geha:doctor-2428a04c0dc446a9","doctor-2428a04c0dc446a9","hospitalRosterOnly; profileCoverageLow","geha","geha","פרופ' זלצמן פודקאסט גלצ","https://hospitals.clalit.co.il/geha/he/pub/Pages/podcast-glz-zaltsmzn-03072021.aspx","","","","","","","Review hospital roster record and department mapping before import.","","","",""
"reviewIssue","reviewIssue:ce05ec1cd7ad0916b3","canonicalDoctor:hadassah:doctor-073a181846e746b2","doctor-073a181846e746b2","hospitalRosterOnly","hadassah","ביה""ח הדסה הר הצופים","ד""ר אבראהים נסר אלדין","https://he.hadassah.org.il/doctorsdoctor/00035261/","","","","","","","Review hospital roster record and department mapping before import.","","","",""
"reviewIssue","reviewIssue:92df436f14812f990c","canonicalDoctor:hadassah:doctor-54f913340109443c","doctor-54f913340109443c","hospitalRosterOnly; possibleOutOfScopeRole; nonHospitalAffiliation","hadassah","ביה""ח הדסה הר הצופים","ד""ר אדיר ישראלי","https://he.hadassah.org.il/doctorsdoctor/00043377/","","","","","","","Review whether this person belongs in a residency department roster.","","","",""
"reviewIssue","reviewIssue:859a99429de11e4110","canonicalDoctor:hadassah:doctor-e6493c43d2f37141","doctor-e6493c43d2f37141","hospitalRosterOnly; possibleOutOfScopeRole; nonHospitalAffiliation","hadassah","ביה""ח הדסה הר הצופים","ד""ר אחמד הייב","https://he.hadassah.org.il/doctorsdoctor/00037723/","","","","","","","Review whether this person belongs in a residency department roster.","","","",""
"reviewIssue","reviewIssue:84b9f9be266e31fe80","canonicalDoctor:hadassah:doctor-94bb67aa6754edb9","doctor-94bb67aa6754edb9","hospitalRosterOnly","hadassah","ביה""ח הדסה הר הצופים","ד""ר איה נאמארי","https://he.hadassah.org.il/doctorsdoctor/00046364/","","","","","","","Review hospital roster record and department mapping before import.","","","",""
"reviewIssue","reviewIssue:93ebff2f586cabf853","canonicalDoctor:hadassah:doctor-96fe70a9988ce595","doctor-96fe70a9988ce595","hospitalRosterOnly","hadassah","ביה""ח הדסה הר הצופים","ד""ר איילת רוטר","https://he.hadassah.org.il/doctorsdoctor/00038442/","","","","","","","Review hospital roster record and department mapping before import.","","","",""
"reviewIssue","reviewIssue:c3010a3328756282ed","canonicalDoctor:hadassah:doctor-439d2d7d640addc8","doctor-439d2d7d640addc8","hospitalRosterOnly","hadassah","ביה""ח הדסה הר הצופים","ד""ר אימן אבו רמילה","https://he.hadassah.org.il/doctorsdoctor/00017898/","","","","","","","Review hospital roster record and department mapping before import.","","","",""
"reviewIssue","reviewIssue:4772e5dcdd8ffc1051","canonicalDoctor:hadassah:doctor-9d1e5fc8d889fd72","doctor-9d1e5fc8d889fd72","hospitalRosterOnly","hadassah","ביה""ח הדסה הר הצופים","ד""ר אלאא דבש","https://he.hadassah.org.il/doctorsdoctor/00046480/","","","","","","","Review hospital roster record and department mapping before import.","","","",""
"reviewIssue","reviewIssue:a59723db49ffba1802","canonicalDoctor:hadassah:doctor-1716916855dfc862","doctor-1716916855dfc862","hospitalRosterOnly","hadassah","ביה""ח הדסה הר הצופים","ד""ר אלאא דנון","https://he.hadassah.org.il/doctorsdoctor/00040274/","","","","","","","Review hospital roster record and department mapping before import.","","","",""
"reviewIssue","reviewIssue:e21f059a7e6d3718b9","canonicalDoctor:hadassah:doctor-db120a425df105b6","doctor-db120a425df105b6","hospitalRosterOnly","hadassah","ביה""ח הדסה הר הצופים","ד""ר אלחנן פריד","https://he.hadassah.org.il/doctorsdoctor/00014521/","","","","","","","Review hospital roster record and department mapping before import.","","","",""
"reviewIssue","reviewIssue:a8a75e912389f2f2d3","canonicalDoctor:hadassah:doctor-0cb5953016760076","doctor-0cb5953016760076","hospitalRosterOnly","hadassah","ביה""ח הדסה הר הצופים","ד""ר אליהו צאיג","https://he.hadassah.org.il/doctorsdoctor/00019611/","","","","","","","Review hospital roster record and department mapping before import.","","","",""
"reviewIssue","reviewIssue:1e70586b25f027e599","canonicalDoctor:hadassah:doctor-d7143aed909ac280","doctor-d7143aed909ac280","hospitalRosterOnly; possibleOutOfScopeRole","hadassah","ביה""ח הדסה הר הצופים","ד""ר אלכסנדר חיימוב","https://he.hadassah.org.il/doctorsdoctor/00019366/","","","","","","","Review whether this person belongs in a residency department roster.","","","",""
"reviewIssue","reviewIssue:f84720b7004e5fd00f","canonicalDoctor:hadassah:doctor-b63b5851bd8847fd","doctor-b63b5851bd8847fd","hospitalRosterOnly","hadassah","ביה""ח הדסה הר הצופים","ד""ר אלנה גולזנד","https://he.hadassah.org.il/doctorsdoctor/00013019/","","","","","","","Review hospital roster record and department mapping before import.","","","",""
"reviewIssue","reviewIssue:5739ea928aa2c77d28","canonicalDoctor:hadassah:doctor-57671c6fa308423c","doctor-57671c6fa308423c","hospitalRosterOnly","hadassah","ביה""ח הדסה הר הצופים","ד""ר אמל דלאשה","https://he.hadassah.org.il/doctorsdoctor/00020368/","","","","","","","Review hospital roster record and department mapping before import.","","","",""
"reviewIssue","reviewIssue:75ac617e7498243757","canonicalDoctor:hadassah:doctor-971dd0ac348ec9eb","doctor-971dd0ac348ec9eb","hospitalRosterOnly","hadassah","ביה""ח הדסה הר הצופים","ד""ר בהא זרו","https://he.hadassah.org.il/doctorsdoctor/00037406/","","","","","","","Review hospital roster record and department mapping before import.","","","",""
"reviewIssue","reviewIssue:0adc04a3c5acd9b116","canonicalDoctor:hadassah:doctor-6023f0ae965da46f","doctor-6023f0ae965da46f","hospitalRosterOnly","hadassah","ביה""ח הדסה הר הצופים","ד""ר גבריאלה סנוימן","https://he.hadassah.org.il/doctorsdoctor/00040404/","","","","","","","Review hospital roster record and department mapping before import.","","","",""
"reviewIssue","reviewIssue:2bf66680daa02b4270","canonicalDoctor:hadassah:doctor-1bdb0337e66b9d1c","doctor-1bdb0337e66b9d1c","hospitalRosterOnly; possibleOutOfScopeRole","hadassah","ביה""ח הדסה הר הצופים","ד""ר גיא טוביאס","https://he.hadassah.org.il/doctorsdoctor/00019692/","","","","","","","Review whether this person belongs in a residency department roster.","","","",""
"reviewIssue","reviewIssue:ea0d6d2595f861de56","canonicalDoctor:hadassah:doctor-2f0974747617c7ff","doctor-2f0974747617c7ff","hospitalRosterOnly; possibleOutOfScopeRole; traineeOrStudentRole","hadassah","ביה""ח הדסה הר הצופים","ד""ר דאניה גבר","https://he.hadassah.org.il/doctorsdoctor/00040299/","","","","","","","Review whether this person belongs in a residency department roster.","","","",""
"reviewIssue","reviewIssue:04b0bcd5544b3ceae3","canonicalDoctor:hadassah:doctor-997715c311caeb38","doctor-997715c311caeb38","hospitalRosterOnly; possibleOutOfScopeRole; nonHospitalAffiliation","hadassah","ביה""ח הדסה הר הצופים","ד""ר דינה גבר","https://he.hadassah.org.il/doctorsdoctor/00046483/","","","","","","","Review whether this person belongs in a residency department roster.","","","",""
"reviewIssue","reviewIssue:c50722a722e1ddeb17","canonicalDoctor:hadassah:doctor-8768e777145f9782","doctor-8768e777145f9782","hospitalRosterOnly; possibleOutOfScopeRole; nonHospitalAffiliation","hadassah","ביה""ח הדסה הר הצופים","ד""ר האני סיאג","https://he.hadassah.org.il/doctorsdoctor/00041981/","","","","","","","Review whether this person belongs in a residency department roster.","","","",""
"reviewIssue","reviewIssue:2fdf6f4d431ad4d451","canonicalDoctor:hadassah:doctor-170215069feb4db6","doctor-170215069feb4db6","hospitalRosterOnly","hadassah","ביה""ח הדסה הר הצופים","ד""ר חאפז גוויחאן","https://he.hadassah.org.il/doctorsdoctor/00044928/","","","","","","","Review hospital roster record and department mapping before import.","","","",""
"reviewIssue","reviewIssue:7220ff04c6eb73de26","canonicalDoctor:hadassah:doctor-61b0f7572d8e896c","doctor-61b0f7572d8e896c","hospitalRosterOnly","hadassah","ביה""ח הדסה הר הצופים","ד""ר יהונתן כהן","https://he.hadassah.org.il/doctorsdoctor/00043878/","","","","","","","Review hospital roster record and department mapping before import.","","","",""
"reviewIssue","reviewIssue:57564d1bde9bf91273","canonicalDoctor:hadassah:doctor-dbd61b3a806db77e","doctor-dbd61b3a806db77e","hospitalRosterOnly","hadassah","ביה""ח הדסה הר הצופים","ד""ר יונתן בכרך","https://he.hadassah.org.il/doctorsdoctor/00044016/","","","","","","","Review hospital roster record and department mapping before import.","","","",""
"reviewIssue","reviewIssue:28c8dc5c3f29b3482f","canonicalDoctor:hadassah:doctor-ef599d2e98181dda","doctor-ef599d2e98181dda","hospitalRosterOnly","hadassah","ביה""ח הדסה הר הצופים","ד""ר יוסף קדומי","https://he.hadassah.org.il/doctorsdoctor/00046391/","","","","","","","Review hospital roster record and department mapping before import.","","","",""
"reviewIssue","reviewIssue:8ded4e3937cece0afc","canonicalDoctor:hadassah:doctor-7532be5f284f2d7e","doctor-7532be5f284f2d7e","hospitalRosterOnly","hadassah","ביה""ח הדסה הר הצופים","ד""ר יעל לוי","https://he.hadassah.org.il/doctorsdoctor/00039496/","","","","","","","Review hospital roster record and department mapping before import.","","","",""
"reviewIssue","reviewIssue:3e7b82588aeafec44c","canonicalDoctor:hadassah:doctor-fb86a914904bc50f","doctor-fb86a914904bc50f","hospitalRosterOnly","hadassah","ביה""ח הדסה הר הצופים","ד""ר ישי גרואר","https://he.hadassah.org.il/doctorsdoctor/00045327/","","","","","","","Review hospital roster record and department mapping before import.","","","",""
"reviewIssue","reviewIssue:3583bf9df55c17740a","canonicalDoctor:hadassah:doctor-e3378cd3e1593b79","doctor-e3378cd3e1593b79","hospitalRosterOnly; possibleOutOfScopeRole; nonHospitalAffiliation","hadassah","ביה""ח הדסה הר הצופים","ד""ר לאון מוסקוביץ פרדומו","https://he.hadassah.org.il/doctorsdoctor/00036883/","","","","","","","Review whether this person belongs in a residency department roster.","","","",""
"reviewIssue","reviewIssue:8b570bef08284b7aa2","canonicalDoctor:hadassah:doctor-80b682dc6d4bf1c1","doctor-80b682dc6d4bf1c1","hospitalRosterOnly","hadassah","ביה""ח הדסה הר הצופים","ד""ר ליאור נוה","https://he.hadassah.org.il/doctorsdoctor/00034602/","","","","","","","Review hospital roster record and department mapping before import.","","","",""
"reviewIssue","reviewIssue:44ed8c3494ea97a0bc","canonicalDoctor:hadassah:doctor-c83fbb6d3eb4b43f","doctor-c83fbb6d3eb4b43f","hospitalRosterOnly","hadassah","ביה""ח הדסה הר הצופים","ד""ר למה עסאף-ג`ברין","https://he.hadassah.org.il/doctorsdoctor/00016647/","","","","","","","Review hospital roster record and department mapping before import.","","","",""
"reviewIssue","reviewIssue:b2087e7901a05abddf","canonicalDoctor:hadassah:doctor-3fcf08a36bdcbfd1","doctor-3fcf08a36bdcbfd1","hospitalRosterOnly","hadassah","ביה""ח הדסה הר הצופים","ד""ר מאזן ברהום","https://he.hadassah.org.il/doctorsdoctor/00034726/","","","","","","","Review hospital roster record and department mapping before import.","","","",""
"reviewIssue","reviewIssue:bb7f10b81192a7d140","canonicalDoctor:hadassah:doctor-16d87008f6adbbfe","doctor-16d87008f6adbbfe","hospitalRosterOnly","hadassah","ביה""ח הדסה הר הצופים","ד""ר מוחמד ג'בר","https://he.hadassah.org.il/doctorsdoctor/00041546/","","","","","","","Review hospital roster record and department mapping before import.","","","",""
"reviewIssue","reviewIssue:c7968d5a469bf22d16","canonicalDoctor:hadassah:doctor-a3a282ab122c3cfe","doctor-a3a282ab122c3cfe","hospitalRosterOnly","hadassah","ביה""ח הדסה הר הצופים","ד""ר מוראד שקיראת","https://he.hadassah.org.il/doctorsdoctor/00042061/","","","","","","","Review hospital roster record and department mapping before import.","","","",""
"reviewIssue","reviewIssue:bcf901a08d50902d34","canonicalDoctor:hadassah:doctor-b861bc01342c0983","doctor-b861bc01342c0983","hospitalRosterOnly","hadassah","ביה""ח הדסה הר הצופים","ד""ר מחמוד גרייב","https://he.hadassah.org.il/doctorsdoctor/00045620/","","","","","","","Review hospital roster record and department mapping before import.","","","",""
"reviewIssue","reviewIssue:b710943bd63f1df133","canonicalDoctor:hadassah:doctor-a8f3798272a4c09f","doctor-a8f3798272a4c09f","hospitalRosterOnly","hadassah","ביה""ח הדסה הר הצופים","ד""ר נועם בן יוסף","https://he.hadassah.org.il/doctorsdoctor/00034910/","","","","","","","Review hospital roster record and department mapping before import.","","","",""
"reviewIssue","reviewIssue:76061372d1b2128c08","canonicalDoctor:hadassah:doctor-77161bbb0cbe1e7b","doctor-77161bbb0cbe1e7b","hospitalRosterOnly; possibleOutOfScopeRole; traineeOrStudentRole","hadassah","ביה""ח הדסה הר הצופים","ד""ר נועם כהן","https://he.hadassah.org.il/doctorsdoctor/00035671/","","","","","","","Review whether this person belongs in a residency department roster.","","","",""
"reviewIssue","reviewIssue:c31e9ad041ddae6285","canonicalDoctor:hadassah:doctor-339d2924854a5ff7","doctor-339d2924854a5ff7","hospitalRosterOnly","hadassah","ביה""ח הדסה הר הצופים","ד""ר סנאן אבו ליל","https://he.hadassah.org.il/doctorsdoctor/00014158/","","","","","","","Review hospital roster record and department mapping before import.","","","",""
"reviewIssue","reviewIssue:116ce1fe048e452a65","canonicalDoctor:hadassah:doctor-92098b54195794ee","doctor-92098b54195794ee","hospitalRosterOnly","hadassah","ביה""ח הדסה הר הצופים","ד""ר עדי הולנדר","https://he.hadassah.org.il/doctorsdoctor/00042959/","","","","","","","Review hospital roster record and department mapping before import.","","","",""
"reviewIssue","reviewIssue:21749291a14397e03b","canonicalDoctor:hadassah:doctor-e8115ef20ee679e0","doctor-e8115ef20ee679e0","hospitalRosterOnly","hadassah","ביה""ח הדסה הר הצופים","ד""ר עומר זחאיקה","https://he.hadassah.org.il/doctorsdoctor/00038351/","","","","","","","Review hospital roster record and department mapping before import.","","","",""
"reviewIssue","reviewIssue:51e3883f6716bba33c","canonicalDoctor:hadassah:doctor-dfd719113699f5c2","doctor-dfd719113699f5c2","hospitalRosterOnly","hadassah","ביה""ח הדסה הר הצופים","ד""ר עומר חמצני","https://he.hadassah.org.il/doctorsdoctor/00037125/","","","","","","","Review hospital roster record and department mapping before import.","","","",""
"reviewIssue","reviewIssue:4d11b1b680c72a1314","canonicalDoctor:hadassah:doctor-d873641599d27bc4","doctor-d873641599d27bc4","hospitalRosterOnly","hadassah","ביה""ח הדסה הר הצופים","ד""ר עירא ארליכמן","https://he.hadassah.org.il/doctorsdoctor/00017677/","","","","","","","Review hospital roster record and department mapping before import.","","","",""
"reviewIssue","reviewIssue:de7cae2d9e240498ef","canonicalDoctor:hadassah:doctor-43fe4bcb4535cb87","doctor-43fe4bcb4535cb87","hospitalRosterOnly","hadassah","ביה""ח הדסה הר הצופים","ד""ר ענת אלעזרי","https://he.hadassah.org.il/doctorsdoctor/00013817/","","","","","","","Review hospital roster record and department mapping before import.","","","",""
"reviewIssue","reviewIssue:6fb69376fd270260b3","canonicalDoctor:hadassah:doctor-d119d41543039146","doctor-d119d41543039146","hospitalRosterOnly","hadassah","ביה""ח הדסה הר הצופים","ד""ר קאסם נמר","https://he.hadassah.org.il/doctorsdoctor/00034584/","","","","","","","Review hospital roster record and department mapping before import.","","","",""
"reviewIssue","reviewIssue:aa8eda07f7735aea52","canonicalDoctor:hadassah:doctor-8cb92cdfd10f7d09","doctor-8cb92cdfd10f7d09","hospitalRosterOnly","hadassah","ביה""ח הדסה הר הצופים","ד""ר רוני בן עמי","https://he.hadassah.org.il/doctorsdoctor/00036578/","","","","","","","Review hospital roster record and department mapping before import.","","","",""
"reviewIssue","reviewIssue:339e0012d7bdaf1870","canonicalDoctor:hadassah:doctor-8e3eeda89b57bbcb","doctor-8e3eeda89b57bbcb","hospitalRosterOnly","hadassah","ביה""ח הדסה הר הצופים","ד""ר רפאל ליבר","https://he.hadassah.org.il/doctorsdoctor/00037543/","","","","","","","Review hospital roster record and department mapping before import.","","","",""
"reviewIssue","reviewIssue:1d17a01585137476e2","canonicalDoctor:hadassah:doctor-1364201e41d71918","doctor-1364201e41d71918","hospitalRosterOnly","hadassah","ביה""ח הדסה הר הצופים","ד""ר שאול יערי","https://he.hadassah.org.il/doctorsdoctor/00015918/","","","","","","","Review hospital roster record and department mapping before import.","","","",""
"reviewIssue","reviewIssue:996c136bae23a26fb9","canonicalDoctor:hadassah:doctor-0ccc9c14f9f9eea1","doctor-0ccc9c14f9f9eea1","hospitalRosterOnly","hadassah","ביה""ח הדסה הר הצופים","ד""ר שני אמיתי","https://he.hadassah.org.il/doctorsdoctor/00041814/","","","","","","","Review hospital roster record and department mapping before import.","","","",""
"reviewIssue","reviewIssue:0b3f28606be5c20092","canonicalDoctor:hadassah:doctor-aa3f3abbb5abbec9","doctor-aa3f3abbb5abbec9","hospitalRosterOnly","hadassah","ביה""ח הדסה הר הצופים","ד""ר שרה ברכה בן ציוני","https://he.hadassah.org.il/doctorsdoctor/00039381/","","","","","","","Review hospital roster record and department mapping before import.","","","",""
"reviewIssue","reviewIssue:a490094eeff69a6aae","canonicalDoctor:hadassah:doctor-0ab513d78d7c2aa8","doctor-0ab513d78d7c2aa8","hospitalRosterOnly","hadassah","ביה""ח הדסה הר הצופים","פרופ' יובל ורד","https://he.hadassah.org.il/doctorsdoctor/00012093/","","","","","","","Review hospital roster record and department mapping before import.","","","",""
"reviewIssue","reviewIssue:81080b6b72e6ad4870","canonicalDoctor:hadassah:doctor-a9e0e6aed4ed794d","doctor-a9e0e6aed4ed794d","hospitalRosterOnly","hadassah","ביה""ח הדסה הר הצופים","פרופ' יניב שרר","https://he.hadassah.org.il/doctorsdoctor/00043910/","","","","","","","Review hospital roster record and department mapping before import.","","","",""
"reviewIssue","reviewIssue:44ff4c6f0705efe198","canonicalDoctor:hadassah:doctor-e443a0fa51170f4f","doctor-e443a0fa51170f4f","hospitalRosterOnly","hadassah","ביה""ח הדסה הר הצופים","פרופ' מרדכי מושקט","https://he.hadassah.org.il/doctorsdoctor/00012174/","","","","","","","Review hospital roster record and department mapping before import.","","","",""
"reviewIssue","reviewIssue:fefd6860d6d6406bf8","canonicalDoctor:hillel-yaffe:doctor-569b566a99ab21fa","doctor-569b566a99ab21fa","suspiciousName; possibleProseExtraction","hillel-yaffe","hillel-yaffe","ד""ר אופיר אורי אחות אחראית","https://hymc.org.il/?CategoryID=297&ArticleID=3805","","","","","","","Review hospital roster record and department mapping before import.","","","",""
"reviewIssue","reviewIssue:3f8fca83d3232fa13a","canonicalDoctor:hillel-yaffe:doctor-ac032a2f4d5d1f55","doctor-ac032a2f4d5d1f55","profileCoverageLow; listOnlyMostly; missingProfileUrl","hillel-yaffe","hillel-yaffe","ד""ר ירון ריבר מתאמת מחקר","","","","","","","","Review hospital roster record and department mapping before import.","","","",""
"reviewIssue","reviewIssue:552e193709ece24b9a","canonicalDoctor:holy-family:doctor-35721d13bd3511a2","doctor-35721d13bd3511a2","profileCoverageLow; listOnlyMostly; missingProfileUrl","holy-family","holy-family","ד""ר אברהים חרבג'י","","","","","","","","Review hospital roster record and department mapping before import.","","","",""
"reviewIssue","reviewIssue:a9448ccf89e3e73436","doctorDepartmentLink:b0e02f7429ec6d5c26","doctor-bd9d70a2a8d96b15","matchConfidenceReviewNeeded; ambiguityReason","holy-family","holy-family","ד""ר איימן חרבג'י","https://hfhosp.org/he/%D7%91%D7%A8%D7%99%D7%90%D7%95%D7%AA-%D7%94%D7%A9%D7%93/%D7%A6%D7%95%D7%95%D7%AA-%D7%94%D7%A8%D7%95%D7%A4%D7%90%D7%99%D7%9D/%D7%93%D7%A8-%D7%90%D7%99%D7%99%D7%9E%D7%9F-%D7%97%D7%A8%D7%91%D7%92%D7%99","","","reviewNeeded","multipleMasterDeptHospitalRows","","https://hfhosp.org/he/%D7%94%D7%A6%D7%95%D7%95%D7%AA-%D7%A9%D7%9C%D7%A0%D7%95","Confirm doctor-department mapping.","","","",""
"reviewIssue","reviewIssue:3fee7921be71de5cc4","canonicalDoctor:holy-family:doctor-bd9d70a2a8d96b15","doctor-bd9d70a2a8d96b15","profileCoverageLow","holy-family","holy-family","ד""ר איימן חרבג'י","https://hfhosp.org/he/%D7%91%D7%A8%D7%99%D7%90%D7%95%D7%AA-%D7%94%D7%A9%D7%93/%D7%A6%D7%95%D7%95%D7%AA-%D7%94%D7%A8%D7%95%D7%A4%D7%90%D7%99%D7%9D/%D7%93%D7%A8-%D7%90%D7%99%D7%99%D7%9E%D7%9F-%D7%97%D7%A8%D7%91%D7%92%D7%99","","","","","","","Review hospital roster record and department mapping before import.","","","",""
"reviewIssue","reviewIssue:fe5a911df333256f8f","canonicalDoctor:holy-family:doctor-0849fd9c9d40bee8","doctor-0849fd9c9d40bee8","profileCoverageLow; listOnlyMostly; missingProfileUrl","holy-family","holy-family","ד""ר איליא חורי","","","","","","","","Review hospital roster record and department mapping before import.","","","",""
"reviewIssue","reviewIssue:41a1bd65bd3f093161","canonicalDoctor:holy-family:doctor-46dc2cb0d708aff5","doctor-46dc2cb0d708aff5","profileCoverageLow; listOnlyMostly; missingProfileUrl","holy-family","holy-family","ד""ר אלכס חזנוביץ","","","","","","","","Review hospital roster record and department mapping before import.","","","",""
"reviewIssue","reviewIssue:bc4742c728f31eaa0c","doctorDepartmentLink:92ac3df4430bf815da","doctor-3a7a4141ec77cb8e","matchConfidenceReviewNeeded; ambiguityReason","holy-family","holy-family","ד""ר בהא פרנסיס","https://hfhosp.org/he/%D7%9E%D7%95%D7%A0%D7%A9%D7%9E%D7%99%D7%9D-%D7%9B%D7%A8%D7%95%D7%A0%D7%99%D7%99%D7%9D/%D7%A6%D7%95%D7%95%D7%AA-%D7%94%D7%A8%D7%95%D7%A4%D7%90%D7%99%D7%9D/%D7%93%D7%A8-%D7%91%D7%94%D7%90-%D7%A4%D7%A8%D7%A0%D7%A1%D7%99%D7%A1","","","reviewNeeded","multipleMasterDeptHospitalRows","","https://hfhosp.org/he/%D7%94%D7%A6%D7%95%D7%95%D7%AA-%D7%A9%D7%9C%D7%A0%D7%95","Confirm doctor-department mapping.","","","",""
"reviewIssue","reviewIssue:4da3c91da784cc48e5","canonicalDoctor:holy-family:doctor-3a7a4141ec77cb8e","doctor-3a7a4141ec77cb8e","profileCoverageLow","holy-family","holy-family","ד""ר בהא פרנסיס","https://hfhosp.org/he/%D7%9E%D7%95%D7%A0%D7%A9%D7%9E%D7%99%D7%9D-%D7%9B%D7%A8%D7%95%D7%A0%D7%99%D7%99%D7%9D/%D7%A6%D7%95%D7%95%D7%AA-%D7%94%D7%A8%D7%95%D7%A4%D7%90%D7%99%D7%9D/%D7%93%D7%A8-%D7%91%D7%94%D7%90-%D7%A4%D7%A8%D7%A0%D7%A1%D7%99%D7%A1","","","","","","","Review hospital roster record and department mapping before import.","","","",""
"reviewIssue","reviewIssue:edf55cf399bef6bf84","canonicalDoctor:holy-family:doctor-2e5fe6530a87c466","doctor-2e5fe6530a87c466","profileCoverageLow; listOnlyMostly; missingProfileUrl","holy-family","holy-family","ד""ר בלאל חטיב","","","","","","","","Review hospital roster record and department mapping before import.","","","",""
"reviewIssue","reviewIssue:0dbfc91db144db972c","doctorDepartmentLink:3c25dd52b31a6fa8e7","doctor-75ac5ba7cb1da4c9","matchConfidenceReviewNeeded; ambiguityReason","holy-family","holy-family","ד""ר ג'אד ח'טיב","https://hfhosp.org/he/%D7%94%D7%A8%D7%93%D7%9E%D7%94-%D7%95%D7%94%D7%AA%D7%90%D7%95%D7%A9%D7%A9%D7%95%D7%AA/%D7%A6%D7%95%D7%95%D7%AA-%D7%94%D7%A8%D7%95%D7%A4%D7%90%D7%99%D7%9D/%D7%93%D7%A8-%D7%92%D7%90%D7%93-%D7%97%D7%98%D7%99%D7%91","","","reviewNeeded","multipleMasterDeptHospitalRows","","https://hfhosp.org/he/%D7%94%D7%A6%D7%95%D7%95%D7%AA-%D7%A9%D7%9C%D7%A0%D7%95","Confirm doctor-department mapping.","","","",""
"reviewIssue","reviewIssue:5d635d2560269cdcb7","canonicalDoctor:holy-family:doctor-75ac5ba7cb1da4c9","doctor-75ac5ba7cb1da4c9","profileCoverageLow","holy-family","holy-family","ד""ר ג'אד ח'טיב","https://hfhosp.org/he/%D7%94%D7%A8%D7%93%D7%9E%D7%94-%D7%95%D7%94%D7%AA%D7%90%D7%95%D7%A9%D7%A9%D7%95%D7%AA/%D7%A6%D7%95%D7%95%D7%AA-%D7%94%D7%A8%D7%95%D7%A4%D7%90%D7%99%D7%9D/%D7%93%D7%A8-%D7%92%D7%90%D7%93-%D7%97%D7%98%D7%99%D7%91","","","","","","","Review hospital roster record and department mapping before import.","","","",""
"reviewIssue","reviewIssue:ea1fb2a83d46f8c42b","canonicalDoctor:holy-family:doctor-8bd89fce20df4b9a","doctor-8bd89fce20df4b9a","profileCoverageLow; listOnlyMostly; missingProfileUrl","holy-family","holy-family","ד""ר גהאד חאזן","","","","","","","","Review hospital roster record and department mapping before import.","","","",""
"reviewIssue","reviewIssue:e786dda9f5c66f7734","canonicalDoctor:holy-family:doctor-44ee4822d4519f3a","doctor-44ee4822d4519f3a","profileCoverageLow; listOnlyMostly; missingProfileUrl","holy-family","holy-family","ד""ר האדי זריק","","","","","","","","Review hospital roster record and department mapping before import.","","","",""
"reviewIssue","reviewIssue:5179f75db5b83f2259","doctorDepartmentLink:acff7c1643d9d437b2","doctor-8d1b57159d9d4023","matchConfidenceReviewNeeded; ambiguityReason","holy-family","holy-family","ד""ר האשם בשארה","https://hfhosp.org/he/%D7%9E%D7%A8%D7%A4%D7%90%D7%AA-%D7%A8%D7%99%D7%90%D7%95%D7%AA/%D7%A6%D7%95%D7%95%D7%AA-%D7%94%D7%A8%D7%95%D7%A4%D7%90%D7%99%D7%9D/%D7%93%D7%A8-%D7%94%D7%90%D7%A9%D7%9D-%D7%91%D7%A9%D7%90%D7%A8%D7%94","","","reviewNeeded","multipleMasterDeptHospitalRows","","https://hfhosp.org/he/%D7%94%D7%A6%D7%95%D7%95%D7%AA-%D7%A9%D7%9C%D7%A0%D7%95","Confirm doctor-department mapping.","","","",""
"reviewIssue","reviewIssue:200cb4f7f17cd5bc5e","canonicalDoctor:holy-family:doctor-8d1b57159d9d4023","doctor-8d1b57159d9d4023","profileCoverageLow; suspiciousName; possibleProseExtraction","holy-family","holy-family","ד""ר האשם בשארה","https://hfhosp.org/he/%D7%9E%D7%A8%D7%A4%D7%90%D7%AA-%D7%A8%D7%99%D7%90%D7%95%D7%AA/%D7%A6%D7%95%D7%95%D7%AA-%D7%94%D7%A8%D7%95%D7%A4%D7%90%D7%99%D7%9D/%D7%93%D7%A8-%D7%94%D7%90%D7%A9%D7%9D-%D7%91%D7%A9%D7%90%D7%A8%D7%94","","","","","","","Review hospital roster record and department mapping before import.","","","",""
"reviewIssue","reviewIssue:315761ca6ff2275611","canonicalDoctor:holy-family:doctor-6df69f506fbdb0b5","doctor-6df69f506fbdb0b5","profileCoverageLow; listOnlyMostly; missingProfileUrl","holy-family","holy-family","ד""ר הדר עבודי נבו","","","","","","","","Review hospital roster record and department mapping before import.","","","",""
"reviewIssue","reviewIssue:ef86b64661e9a2cc9d","canonicalDoctor:holy-family:doctor-0220c5769def9c9c","doctor-0220c5769def9c9c","profileCoverageLow; listOnlyMostly; missingProfileUrl","holy-family","holy-family","ד""ר ואיל ח'ורי","","","","","","","","Review hospital roster record and department mapping before import.","","","",""
"reviewIssue","reviewIssue:1164a12181d514d1da","canonicalDoctor:holy-family:doctor-bd9d7d1cb6a7db61","doctor-bd9d7d1cb6a7db61","profileCoverageLow","holy-family","holy-family","ד""ר זאהי אבו נסאר","https://hfhosp.org/he/%D7%93%D7%99%D7%9E%D7%95%D7%AA/%D7%A6%D7%95%D7%95%D7%AA-%D7%94%D7%A8%D7%95%D7%A4%D7%90%D7%99%D7%9D/%D7%93%D7%A8-%D7%96%D7%90%D7%94%D7%99-%D7%90%D7%91%D7%95-%D7%A0%D7%A1%D7%90%D7%A8","","","","","","","Review hospital roster record and department mapping before import.","","","",""
"reviewIssue","reviewIssue:f464d1b133b6521c1d","canonicalDoctor:holy-family:doctor-f69325a36e8a18c8","doctor-f69325a36e8a18c8","profileCoverageLow; listOnlyMostly; missingProfileUrl; suspiciousName; possibleProseExtraction","holy-family","holy-family","ד""ר חדאד לנצרת וניהול המחלקה שהחל בפברואר","","","","","","","","Review hospital roster record and department mapping before import.","","","",""
"reviewIssue","reviewIssue:20a16f0e97319783a6","doctorDepartmentLink:b8c00be7a193d0022a","doctor-03e17787cdc668e1","matchConfidenceReviewNeeded; ambiguityReason","holy-family","holy-family","ד""ר מאהר דיב","https://hfhosp.org/he/%D7%94%D7%A0%D7%94%D7%9C%D7%94/%D7%A6%D7%95%D7%95%D7%AA-%D7%94%D7%A0%D7%94%D7%9C%D7%94/%D7%93%D7%A8-%D7%9E%D7%90%D7%94%D7%A8-%D7%93%D7%99%D7%91","","","reviewNeeded","multipleMasterDeptHospitalRows","","https://hfhosp.org/he/%D7%94%D7%A6%D7%95%D7%95%D7%AA-%D7%A9%D7%9C%D7%A0%D7%95","Confirm doctor-department mapping.","","","",""
"reviewIssue","reviewIssue:45db420f344e1ef965","canonicalDoctor:holy-family:doctor-03e17787cdc668e1","doctor-03e17787cdc668e1","profileCoverageLow","holy-family","holy-family","ד""ר מאהר דיב","https://hfhosp.org/he/%D7%94%D7%A0%D7%94%D7%9C%D7%94/%D7%A6%D7%95%D7%95%D7%AA-%D7%94%D7%A0%D7%94%D7%9C%D7%94/%D7%93%D7%A8-%D7%9E%D7%90%D7%94%D7%A8-%D7%93%D7%99%D7%91","","","","","","","Review hospital roster record and department mapping before import.","","","",""
"reviewIssue","reviewIssue:e15898c32647e7a16c","canonicalDoctor:holy-family:doctor-0956c63b8cea19d7","doctor-0956c63b8cea19d7","profileCoverageLow; listOnlyMostly; missingProfileUrl","holy-family","holy-family","ד""ר מהדי ג'והר","","","","","","","","Review hospital roster record and department mapping before import.","","","",""
"reviewIssue","reviewIssue:c9c3c23fcb65b4d230","canonicalDoctor:holy-family:doctor-ef0aefc40d949faf","doctor-ef0aefc40d949faf","profileCoverageLow; listOnlyMostly; missingProfileUrl","holy-family","holy-family","ד""ר מוחמד חמוד","","","","","","","","Review hospital roster record and department mapping before import.","","","",""
"reviewIssue","reviewIssue:0e573ab4d929d89589","canonicalDoctor:holy-family:doctor-81a3255521c184dd","doctor-81a3255521c184dd","profileCoverageLow; listOnlyMostly; missingProfileUrl","holy-family","holy-family","ד""ר מוחמד יונס","","","","","","","","Review hospital roster record and department mapping before import.","","","",""
"reviewIssue","reviewIssue:8d8743bf53af86f735","canonicalDoctor:holy-family:doctor-03c43f73eb83f0d6","doctor-03c43f73eb83f0d6","profileCoverageLow; listOnlyMostly; missingProfileUrl; suspiciousName","holy-family","holy-family","ד""ר מוחמד יונס וד""ר מרואן גנטוס","","","","","","","","Review hospital roster record and department mapping before import.","","","",""
"reviewIssue","reviewIssue:09e8e357059fa2b320","canonicalDoctor:holy-family:doctor-df9c5e7c7f685084","doctor-df9c5e7c7f685084","profileCoverageLow; listOnlyMostly; missingProfileUrl","holy-family","holy-family","ד""ר מחמוד זידאן","","","","","","","","Review hospital roster record and department mapping before import.","","","",""
"reviewIssue","reviewIssue:67a35df915ee17722e","canonicalDoctor:holy-family:doctor-4a30274f60ae6920","doctor-4a30274f60ae6920","profileCoverageLow; listOnlyMostly; missingProfileUrl","holy-family","holy-family","ד""ר מרואן גנטוס","","","","","","","","Review hospital roster record and department mapping before import.","","","",""
"reviewIssue","reviewIssue:a793bc9d2479222365","canonicalDoctor:holy-family:doctor-2127392aa4303d0e","doctor-2127392aa4303d0e","profileCoverageLow; listOnlyMostly; missingProfileUrl","holy-family","holy-family","ד""ר מרואן חדאד","","","","","","","","Review hospital roster record and department mapping before import.","","","",""
"reviewIssue","reviewIssue:83ecdfe70eb18c343f","canonicalDoctor:holy-family:doctor-e2864b0e8f0d41d8","doctor-e2864b0e8f0d41d8","profileCoverageLow; listOnlyMostly; missingProfileUrl","holy-family","holy-family","ד""ר מרואן חדאדאח","","","","","","","","Review hospital roster record and department mapping before import.","","","",""
"reviewIssue","reviewIssue:88f27a4afb7e581008","canonicalDoctor:holy-family:doctor-3d82a0e563db8279","doctor-3d82a0e563db8279","profileCoverageLow; listOnlyMostly; missingProfileUrl","holy-family","holy-family","ד""ר מרואן יוסף","","","","","","","","Review hospital roster record and department mapping before import.","","","",""
"reviewIssue","reviewIssue:b0222bd4cb18357d80","canonicalDoctor:holy-family:doctor-f31aee56cdce48bd","doctor-f31aee56cdce48bd","profileCoverageLow; listOnlyMostly; missingProfileUrl","holy-family","holy-family","ד""ר סמיח זועבי","","","","","","","","Review hospital roster record and department mapping before import.","","","",""
"reviewIssue","reviewIssue:988dc93b4c2b5e84fa","canonicalDoctor:holy-family:doctor-917cbaa6fcb0d3cb","doctor-917cbaa6fcb0d3cb","profileCoverageLow; listOnlyMostly; missingProfileUrl","holy-family","holy-family","ד""ר עלי נגאר","","","","","","","","Review hospital roster record and department mapping before import.","","","",""
"reviewIssue","reviewIssue:b327d3343813d8d919","canonicalDoctor:holy-family:doctor-9a8f459b91e0e1ed","doctor-9a8f459b91e0e1ed","profileCoverageLow; listOnlyMostly; missingProfileUrl","holy-family","holy-family","ד""ר פראס מלחם","","","","","","","","Review hospital roster record and department mapping before import.","","","",""
"reviewIssue","reviewIssue:6abac0695e1b9f2f72","canonicalDoctor:holy-family:doctor-6360b4202a901ba5","doctor-6360b4202a901ba5","profileCoverageLow; listOnlyMostly; missingProfileUrl","holy-family","holy-family","ד""ר ראיד אשקר","","","","","","","","Review hospital roster record and department mapping before import.","","","",""
"reviewIssue","reviewIssue:26201616a3737e8809","canonicalDoctor:holy-family:doctor-fc7d717133ca4b92","doctor-fc7d717133ca4b92","profileCoverageLow; listOnlyMostly; missingProfileUrl","holy-family","holy-family","ד""ר רביע אבו פול","","","","","","","","Review hospital roster record and department mapping before import.","","","",""
"reviewIssue","reviewIssue:2b19fe257cbd8210c3","doctorDepartmentLink:dc7c8e0d8b5f57d4a3","doctor-54fd4f58d48df13e","matchConfidenceReviewNeeded; ambiguityReason","holy-family","holy-family","פרופ' זיו גיל","https://hfhosp.org/he/%D7%A8%D7%90%D7%A9-%D7%A6%D7%95%D7%95%D7%90%D7%A8-%D7%90%D7%90%D7%92-%D7%9B%D7%99%D7%A8%D7%95%D7%A8%D7%92%D7%99%D7%94-%D7%9B%D7%9C%D7%9C%D7%99%D7%AA/%D7%A6%D7%95%D7%95%D7%AA-%D7%94%D7%A8%D7%95%D7%A4%D7%90%D7%99%D7%9D/%D7%A4%D7%A8%D7%95%D7%A4-%D7%96%D7%99%D7%95-%D7%92%D7%99%D7%9C","","","reviewNeeded","multipleMasterDeptHospitalRows","","https://hfhosp.org/he/%D7%94%D7%A6%D7%95%D7%95%D7%AA-%D7%A9%D7%9C%D7%A0%D7%95","Confirm doctor-department mapping.","","","",""
"reviewIssue","reviewIssue:54c9041edd9f09dbc7","canonicalDoctor:holy-family:doctor-54fd4f58d48df13e","doctor-54fd4f58d48df13e","profileCoverageLow","holy-family","holy-family","פרופ' זיו גיל","https://hfhosp.org/he/%D7%A8%D7%90%D7%A9-%D7%A6%D7%95%D7%95%D7%90%D7%A8-%D7%90%D7%90%D7%92-%D7%9B%D7%99%D7%A8%D7%95%D7%A8%D7%92%D7%99%D7%94-%D7%9B%D7%9C%D7%9C%D7%99%D7%AA/%D7%A6%D7%95%D7%95%D7%AA-%D7%94%D7%A8%D7%95%D7%A4%D7%90%D7%99%D7%9D/%D7%A4%D7%A8%D7%95%D7%A4-%D7%96%D7%99%D7%95-%D7%92%D7%99%D7%9C","","","","","","","Review hospital roster record and department mapping before import.","","","",""
"reviewIssue","reviewIssue:94536e050e913d6765","canonicalDoctor:holy-family:doctor-efe3826210e1b04b","doctor-efe3826210e1b04b","profileCoverageLow; listOnlyMostly; missingProfileUrl","holy-family","holy-family","פרופ' זיו גיל","","","","","","","","Review hospital roster record and department mapping before import.","","","",""
"reviewIssue","reviewIssue:1f68df290fb3b2c350","canonicalDoctor:holy-family:doctor-5d4e2648c36732aa","doctor-5d4e2648c36732aa","profileCoverageLow; listOnlyMostly; missingProfileUrl","holy-family","holy-family","פרופ' נאסר סקרן","","","","","","","","Review hospital roster record and department mapping before import.","","","",""
"reviewIssue","reviewIssue:b7f21f9ec01577ba2d","canonicalDoctor:holy-family:doctor-ec2775729239f3ae","doctor-ec2775729239f3ae","profileCoverageLow; listOnlyMostly; missingProfileUrl","holy-family","holy-family","פרופ' נאסר סקרןאח","","","","","","","","Review hospital roster record and department mapping before import.","","","",""
"reviewIssue","reviewIssue:1be4ce35317d2a7b65","canonicalDoctor:holy-family:doctor-a28e923e5ca123c6","doctor-a28e923e5ca123c6","profileCoverageLow; listOnlyMostly; missingProfileUrl","holy-family","holy-family","פרופ' ראיד סלים","","","","","","","","Review hospital roster record and department mapping before import.","","","",""
"reviewIssue","reviewIssue:61ab54941340f66f4e","canonicalDoctor:holy-family:doctor-c57018f8f874dd35","doctor-c57018f8f874dd35","profileCoverageLow; listOnlyMostly; missingProfileUrl","holy-family","holy-family","פרופ' ראיד סליםאח","","","","","","","","Review hospital roster record and department mapping before import.","","","",""
"reviewIssue","reviewIssue:69d2b79451bc134463","canonicalDoctor:ichilov:doctor-04f163ec291724fa","doctor-04f163ec291724fa","hospitalRosterOnly","ichilov","מרכז רפואי ת""א סוראסקי","אביבה אלפרנס","https://www.tasmc.org.il/doctorssearch/dr/aviva-alparnas/","","","","","","","Review hospital roster record and department mapping before import.","","","",""
"reviewIssue","reviewIssue:2caf0130b28f4f2a7e","canonicalDoctor:ichilov:doctor-1beb0ccd0031bbd9","doctor-1beb0ccd0031bbd9","hospitalRosterOnly","ichilov","מרכז רפואי ת""א סוראסקי","אדם פיליפס","https://www.tasmc.org.il/doctorssearch/dr/phillips-adam/","","","","","","","Review hospital roster record and department mapping before import.","","","",""
"reviewIssue","reviewIssue:363e512f533de35b0a","canonicalDoctor:ichilov:doctor-55112e2c661f2bdd","doctor-55112e2c661f2bdd","hospitalRosterOnly","ichilov","מרכז רפואי ת""א סוראסקי","אולגה דיס","https://www.tasmc.org.il/doctorssearch/dr/olga-dis/","","","","","","","Review hospital roster record and department mapping before import.","","","",""
"reviewIssue","reviewIssue:c38eb1c806c45b2fab","canonicalDoctor:ichilov:doctor-8ebb4f0b8a61ac55","doctor-8ebb4f0b8a61ac55","hospitalRosterOnly","ichilov","מרכז רפואי ת""א סוראסקי","אור יריב","https://www.tasmc.org.il/doctorssearch/dr/yariv-or/","","","","","","","Review hospital roster record and department mapping before import.","","","",""
"reviewIssue","reviewIssue:1654125a1bfe091054","canonicalDoctor:ichilov:doctor-618a96785058d697","doctor-618a96785058d697","hospitalRosterOnly","ichilov","מרכז רפואי ת""א סוראסקי","אורי ארגוב","https://www.tasmc.org.il/doctorssearch/dr/argov-uri/","","","","","","","Review hospital roster record and department mapping before import.","","","",""
"reviewIssue","reviewIssue:77f217a2cc720a4ea9","canonicalDoctor:ichilov:doctor-8796d3927ceaa7d7","doctor-8796d3927ceaa7d7","hospitalRosterOnly","ichilov","מרכז רפואי ת""א סוראסקי","אורי רוגובסקי","https://www.tasmc.org.il/doctorssearch/dr/rogowski-ori/","","","","","","","Review hospital roster record and department mapping before import.","","","",""
"reviewIssue","reviewIssue:e0d151a4b0079eaae1","canonicalDoctor:ichilov:doctor-3f019a5e41c37ba3","doctor-3f019a5e41c37ba3","hospitalRosterOnly","ichilov","מרכז רפואי ת""א סוראסקי","איתי גואטה","https://www.tasmc.org.il/doctorssearch/dr/itai-gueta/","","","","","","","Review hospital roster record and department mapping before import.","","","",""
"reviewIssue","reviewIssue:3a771c12fd7a2547a8","canonicalDoctor:ichilov:doctor-b106c35383b9c19e","doctor-b106c35383b9c19e","hospitalRosterOnly","ichilov","מרכז רפואי ת""א סוראסקי","אמג'ד דרובי","https://www.tasmc.org.il/doctorssearch/dr/amgad-droby/","","","","","","","Review hospital roster record and department mapping before import.","","","",""
"reviewIssue","reviewIssue:184d7d615c59051147","canonicalDoctor:ichilov:doctor-74c048b8198a2cb4","doctor-74c048b8198a2cb4","hospitalRosterOnly","ichilov","מרכז רפואי ת""א סוראסקי","אמיל גרנובסקי","https://www.tasmc.org.il/doctorssearch/dr/emil-granovski/","","","","","","","Review hospital roster record and department mapping before import.","","","",""
"reviewIssue","reviewIssue:5707258e3a324d13d7","canonicalDoctor:ichilov:doctor-ab679461d935a300","doctor-ab679461d935a300","hospitalRosterOnly","ichilov","מרכז רפואי ת""א סוראסקי","אמיר שטרנהיים","https://www.tasmc.org.il/doctorssearch/dr/sternheim-amir/","","","","","","","Review hospital roster record and department mapping before import.","","","",""
"reviewIssue","reviewIssue:047958a2746f1109df","canonicalDoctor:ichilov:doctor-06fe407cdbf8bf73","doctor-06fe407cdbf8bf73","hospitalRosterOnly","ichilov","מרכז רפואי ת""א סוראסקי","אסף וסרמן","https://www.tasmc.org.il/doctorssearch/dr/wasseman-asaf/","","","","","","","Review hospital roster record and department mapping before import.","","","",""
"reviewIssue","reviewIssue:1166dbff915cf02035","canonicalDoctor:ichilov:doctor-cb3e40c0e4ee9bd5","doctor-cb3e40c0e4ee9bd5","hospitalRosterOnly","ichilov","מרכז רפואי ת""א סוראסקי","אסתר עובדת","https://www.tasmc.org.il/doctorssearch/dr/esther-ovdat/","","","","","","","Review hospital roster record and department mapping before import.","","","",""
"reviewIssue","reviewIssue:3e41e8a8082de884f1","canonicalDoctor:ichilov:doctor-9fd683ce70aa0f7d","doctor-9fd683ce70aa0f7d","hospitalRosterOnly","ichilov","מרכז רפואי ת""א סוראסקי","אריאל מלול","https://www.tasmc.org.il/doctorssearch/dr/ariel-malul/","","","","","","","Review hospital roster record and department mapping before import.","","","",""
"reviewIssue","reviewIssue:1059e96ec3e3fd4f2f","canonicalDoctor:ichilov:doctor-3ad534f0abc1f118","doctor-3ad534f0abc1f118","hospitalRosterOnly","ichilov","מרכז רפואי ת""א סוראסקי","ג'ובראן מנסור","https://www.tasmc.org.il/doctorssearch/dr/jobran-mansour/","","","","","","","Review hospital roster record and department mapping before import.","","","",""
"reviewIssue","reviewIssue:2b9cd0c71b902a086e","canonicalDoctor:ichilov:doctor-c55da1d0ce8c6702","doctor-c55da1d0ce8c6702","hospitalRosterOnly","ichilov","מרכז רפואי ת""א סוראסקי","ג׳יאן חוואג׳ה","https://www.tasmc.org.il/doctorssearch/dr/gean-hawaja/","","","","","","","Review hospital roster record and department mapping before import.","","","",""
"reviewIssue","reviewIssue:a7773218c8874f4c8c","canonicalDoctor:ichilov:doctor-01cee0d76cd668d5","doctor-01cee0d76cd668d5","hospitalRosterOnly","ichilov","מרכז רפואי ת""א סוראסקי","ג'ניפר זיצר","https://www.tasmc.org.il/doctorssearch/dr/jennifer-zitser-koren/","","","","","","","Review hospital roster record and department mapping before import.","","","",""
"reviewIssue","reviewIssue:3cbf3460d0f1794f1c","canonicalDoctor:ichilov:doctor-5aa36613f8ede5ab","doctor-5aa36613f8ede5ab","hospitalRosterOnly","ichilov","מרכז רפואי ת""א סוראסקי","ג'סיקה זק","https://www.tasmc.org.il/doctorssearch/dr/sack-jessica/","","","","","","","Review hospital roster record and department mapping before import.","","","",""
"reviewIssue","reviewIssue:65651af62f72bbeaa2","canonicalDoctor:ichilov:doctor-7546980672227412","doctor-7546980672227412","hospitalRosterOnly","ichilov","מרכז רפואי ת""א סוראסקי","ג'ף האוסדורף","https://www.tasmc.org.il/doctorssearch/dr/hausdorff-jeff/","","","","","","","Review hospital roster record and department mapping before import.","","","",""
"reviewIssue","reviewIssue:b7ad07dbb16f1e4229","canonicalDoctor:ichilov:doctor-eb3c3b2f6285cc40","doctor-eb3c3b2f6285cc40","hospitalRosterOnly","ichilov","מרכז רפואי ת""א סוראסקי","ג'רמי בן שושן","https://www.tasmc.org.il/doctorssearch/dr/jeremy-ben-shoshan/","","","","","","","Review hospital roster record and department mapping before import.","","","",""
"reviewIssue","reviewIssue:6774b237da29b93f0b","canonicalDoctor:ichilov:doctor-1473aaef99dec9ec","doctor-1473aaef99dec9ec","hospitalRosterOnly","ichilov","מרכז רפואי ת""א סוראסקי","ג'רמי מולד","https://www.tasmc.org.il/doctorssearch/dr/jeremy-molad/","","","","","","","Review hospital roster record and department mapping before import.","","","",""
"reviewIssue","reviewIssue:85ef2a420ebe3ed34d","canonicalDoctor:ichilov:doctor-2546b0f45301192f","doctor-2546b0f45301192f","hospitalRosterOnly","ichilov","מרכז רפואי ת""א סוראסקי","גבי ברבש","https://www.tasmc.org.il/doctorssearch/dr/barbash-gabi/","","","","","","","Review hospital roster record and department mapping before import.","","","",""
"reviewIssue","reviewIssue:88954c48b53ce7c37b","canonicalDoctor:ichilov:doctor-3c588ec2796f476a","doctor-3c588ec2796f476a","hospitalRosterOnly","ichilov","מרכז רפואי ת""א סוראסקי","גיל בורנשטיין","https://www.tasmc.org.il/doctorssearch/dr/bornstein-gil/","","","","","","","Review hospital roster record and department mapping before import.","","","",""
"reviewIssue","reviewIssue:13665ecb5093f15eaf","canonicalDoctor:ichilov:doctor-d5d77bef5317aab9","doctor-d5d77bef5317aab9","hospitalRosterOnly","ichilov","מרכז רפואי ת""א סוראסקי","גנדי שנדלר","https://www.tasmc.org.il/doctorssearch/dr/genadi-shendler/","","","","","","","Review hospital roster record and department mapping before import.","","","",""
"reviewIssue","reviewIssue:679f887e80b8d1893a","canonicalDoctor:ichilov:doctor-255e0053f1207860","doctor-255e0053f1207860","hospitalRosterOnly","ichilov","מרכז רפואי ת""א סוראסקי","דותן בן –הר","https://www.tasmc.org.il/doctorssearch/dr/dotan-ben-har/","","","","","","","Review hospital roster record and department mapping before import.","","","",""
"reviewIssue","reviewIssue:7d6a730d1318859420","canonicalDoctor:ichilov:doctor-b289ae3d7d7d10fa","doctor-b289ae3d7d7d10fa","hospitalRosterOnly","ichilov","מרכז רפואי ת""א סוראסקי","דן רמון","https://www.tasmc.org.il/doctorssearch/dr/dan-ramon/","","","","","","","Review hospital roster record and department mapping before import.","","","",""
"reviewIssue","reviewIssue:795441f391edd2cb1a","canonicalDoctor:ichilov:doctor-b1f4e81305770023","doctor-b1f4e81305770023","hospitalRosterOnly","ichilov","מרכז רפואי ת""א סוראסקי","הוארד אוסטר","https://www.tasmc.org.il/doctorssearch/dr/oster-howard/","","","","","","","Review hospital roster record and department mapping before import.","","","",""
"reviewIssue","reviewIssue:efc0a8cbc955568353","canonicalDoctor:ichilov:doctor-f4f03382fa7efe1f","doctor-f4f03382fa7efe1f","hospitalRosterOnly","ichilov","מרכז רפואי ת""א סוראסקי","ואלרי אלוש","https://www.tasmc.org.il/doctorssearch/dr/aloush-valerie/","","","","","","","Review hospital roster record and department mapping before import.","","","",""
"reviewIssue","reviewIssue:9e1c7a8ae31e17c1c4","canonicalDoctor:ichilov:doctor-a2f5cb6db7182a4e","doctor-a2f5cb6db7182a4e","hospitalRosterOnly","ichilov","מרכז רפואי ת""א סוראסקי","ויטלי מן","https://www.tasmc.org.il/doctorssearch/dr/vitaly-man/","","","","","","","Review hospital roster record and department mapping before import.","","","",""
"reviewIssue","reviewIssue:cc982ad4a6f02acf32","canonicalDoctor:ichilov:doctor-9c428e0e231e68aa","doctor-9c428e0e231e68aa","hospitalRosterOnly","ichilov","מרכז רפואי ת""א סוראסקי","וסים ג'בר","https://www.tasmc.org.il/doctorssearch/dr/wasim-jaber/","","","","","","","Review hospital roster record and department mapping before import.","","","",""
"reviewIssue","reviewIssue:97701c82efc2f6d064","canonicalDoctor:ichilov:doctor-2c5d3058f5c35ea2","doctor-2c5d3058f5c35ea2","hospitalRosterOnly","ichilov","מרכז רפואי ת""א סוראסקי","ורד שכנר","https://www.tasmc.org.il/doctorssearch/dr/schechner-vered/","","","","","","","Review hospital roster record and department mapping before import.","","","",""
"reviewIssue","reviewIssue:e4fe03d3b8ae200023","canonicalDoctor:ichilov:doctor-194250f6e0436fbc","doctor-194250f6e0436fbc","hospitalRosterOnly","ichilov","מרכז רפואי ת""א סוראסקי","חן רובינשטין","https://www.tasmc.org.il/doctorssearch/dr/chen-rubinstein/","","","","","","","Review hospital roster record and department mapping before import.","","","",""
"reviewIssue","reviewIssue:da0519c59528f1edb4","canonicalDoctor:ichilov:doctor-74601fd598594150","doctor-74601fd598594150","hospitalRosterOnly","ichilov","מרכז רפואי ת""א סוראסקי","טלי אופיר דברת","https://www.tasmc.org.il/doctorssearch/dr/talidovrat/","","","","","","","Review hospital roster record and department mapping before import.","","","",""
"reviewIssue","reviewIssue:7f74acea26af8613d1","canonicalDoctor:ichilov:doctor-c9f088e01cd738ab","doctor-c9f088e01cd738ab","hospitalRosterOnly","ichilov","מרכז רפואי ת""א סוראסקי","טלי קפואה","https://www.tasmc.org.il/doctorssearch/dr/tali_capua/","","","","","","","Review hospital roster record and department mapping before import.","","","",""
"reviewIssue","reviewIssue:1f1246a10fd7f393ec","canonicalDoctor:ichilov:doctor-2bff71219a1b33ee","doctor-2bff71219a1b33ee","hospitalRosterOnly","ichilov","מרכז רפואי ת""א סוראסקי","יגאל יכיני","https://www.tasmc.org.il/doctorssearch/dr/yechini-igal/","","","","","","","Review hospital roster record and department mapping before import.","","","",""
"reviewIssue","reviewIssue:c3fda2745a49284cd7","canonicalDoctor:ichilov:doctor-1d57dda6575eb19a","doctor-1d57dda6575eb19a","hospitalRosterOnly","ichilov","מרכז רפואי ת""א סוראסקי","יהודה קריב","https://www.tasmc.org.il/doctorssearch/dr/kariv-yehuda/","","","","","","","Review hospital roster record and department mapping before import.","","","",""
"reviewIssue","reviewIssue:40573cfc1664593fee","canonicalDoctor:ichilov:doctor-6ca377c2d529e6b4","doctor-6ca377c2d529e6b4","hospitalRosterOnly","ichilov","מרכז רפואי ת""א סוראסקי","יובל נחלון","https://www.tasmc.org.il/doctorssearch/dr/yuvalnachalon/","","","","","","","Review hospital roster record and department mapping before import.","","","",""
"reviewIssue","reviewIssue:b920adbbb873a65bf5","canonicalDoctor:ichilov:doctor-415ee8be436dcb41","doctor-415ee8be436dcb41","hospitalRosterOnly","ichilov","מרכז רפואי ת""א סוראסקי","יעל בר","https://www.tasmc.org.il/doctorssearch/dr/yael-bar/","","","","","","","Review hospital roster record and department mapping before import.","","","",""
"reviewIssue","reviewIssue:f17479bcdd3619e0f8","canonicalDoctor:ichilov:doctor-1f5ad35b766b9f1c","doctor-1f5ad35b766b9f1c","hospitalRosterOnly","ichilov","מרכז רפואי ת""א סוראסקי","יעל רז","https://www.tasmc.org.il/doctorssearch/dr/yael-raz/","","","","","","","Review hospital roster record and department mapping before import.","","","",""
"reviewIssue","reviewIssue:0ac7ef2c52c6919764","canonicalDoctor:ichilov:doctor-abfe0b8df8873e48","doctor-abfe0b8df8873e48","hospitalRosterOnly","ichilov","מרכז רפואי ת""א סוראסקי","יעקב (ז'קי) הרצליך","https://www.tasmc.org.il/doctorssearch/dr/zacky-herzlich/","","","","","","","Review hospital roster record and department mapping before import.","","","",""
"reviewIssue","reviewIssue:480ae00b02038d3830","canonicalDoctor:ichilov:doctor-f8fb1ae74efeb1ff","doctor-f8fb1ae74efeb1ff","hospitalRosterOnly","ichilov","מרכז רפואי ת""א סוראסקי","יעקב רוזנמן","https://www.tasmc.org.il/doctorssearch/dr/jacob-rosenman/","","","","","","","Review hospital roster record and department mapping before import.","","","",""
"reviewIssue","reviewIssue:a32df80014df95cb5a","canonicalDoctor:ichilov:doctor-74efccaa12a7eea2","doctor-74efccaa12a7eea2","hospitalRosterOnly","ichilov","מרכז רפואי ת""א סוראסקי","יצחק שר","https://www.tasmc.org.il/doctorssearch/dr/yitchak-sar/","","","","","","","Review hospital roster record and department mapping before import.","","","",""
"reviewIssue","reviewIssue:57a11efd70d662fb64","canonicalDoctor:ichilov:doctor-b75546dfc9aba80b","doctor-b75546dfc9aba80b","hospitalRosterOnly","ichilov","מרכז רפואי ת""א סוראסקי","ישי סקלי","https://www.tasmc.org.il/doctorssearch/dr/yishay-skali/","","","","","","","Review hospital roster record and department mapping before import.","","","",""
"reviewIssue","reviewIssue:6a09459288bd9697f2","canonicalDoctor:ichilov:doctor-5e5cff28e400bc4b","doctor-5e5cff28e400bc4b","hospitalRosterOnly","ichilov","מרכז רפואי ת""א סוראסקי","ליאור דגבלי","https://www.tasmc.org.il/doctorssearch/dr/lior-dagbeli/","","","","","","","Review hospital roster record and department mapping before import.","","","",""
"reviewIssue","reviewIssue:82bf68124f57af9dce","canonicalDoctor:ichilov:doctor-df21bcff7560ad06","doctor-df21bcff7560ad06","hospitalRosterOnly","ichilov","מרכז רפואי ת""א סוראסקי","מוחמד ג'רה","https://www.tasmc.org.il/doctorssearch/dr/muhammad-jara/","","","","","","","Review hospital roster record and department mapping before import.","","","",""
"reviewIssue","reviewIssue:d2f238259d5be38b5b","canonicalDoctor:ichilov:doctor-7b6d536452e1ab77","doctor-7b6d536452e1ab77","hospitalRosterOnly","ichilov","מרכז רפואי ת""א סוראסקי","מוחמד הוארי","https://www.tasmc.org.il/doctorssearch/dr/hawwari-muhamad/","","","","","","","Review hospital roster record and department mapping before import.","","","",""
"reviewIssue","reviewIssue:46e82d916c48f2b487","canonicalDoctor:ichilov:doctor-5b396a8e43fccd08","doctor-5b396a8e43fccd08","hospitalRosterOnly","ichilov","מרכז רפואי ת""א סוראסקי","מועאד סלימאן","https://www.tasmc.org.il/doctorssearch/dr/slieman-moaad/","","","","","","","Review hospital roster record and department mapping before import.","","","",""
"reviewIssue","reviewIssue:dd1dfd711522f7c2af","canonicalDoctor:ichilov:doctor-a3e88c4879cf2803","doctor-a3e88c4879cf2803","hospitalRosterOnly","ichilov","מרכז רפואי ת""א סוראסקי","מוריה באר","https://www.tasmc.org.il/doctorssearch/dr/moria-beer/","","","","","","","Review hospital roster record and department mapping before import.","","","",""
"reviewIssue","reviewIssue:ccc03a810a3697d72d","canonicalDoctor:ichilov:doctor-e6422147e855e354","doctor-e6422147e855e354","hospitalRosterOnly","ichilov","מרכז רפואי ת""א סוראסקי","מיכאל קסלר","https://www.tasmc.org.il/doctorssearch/dr/kesler-michael/","","","","","","","Review hospital roster record and department mapping before import.","","","",""
"reviewIssue","reviewIssue:e31857c0ee761728ed","canonicalDoctor:ichilov:doctor-67f280963bbab06a","doctor-67f280963bbab06a","hospitalRosterOnly","ichilov","מרכז רפואי ת""א סוראסקי","מיכל מזרחי","https://www.tasmc.org.il/doctorssearch/dr/mizrahi-michal/","","","","","","","Review hospital roster record and department mapping before import.","","","",""
"reviewIssue","reviewIssue:710e1dd99001985f55","canonicalDoctor:ichilov:doctor-e4d455b1adb6f8a2","doctor-e4d455b1adb6f8a2","hospitalRosterOnly","ichilov","מרכז רפואי ת""א סוראסקי","מירב אינגביר","https://www.tasmc.org.il/doctorssearch/dr/ingbir-merav/","","","","","","","Review hospital roster record and department mapping before import.","","","",""
"reviewIssue","reviewIssue:cad506a5bb336607c0","canonicalDoctor:ichilov:doctor-92781f07211eadb0","doctor-92781f07211eadb0","hospitalRosterOnly","ichilov","מרכז רפואי ת""א סוראסקי","מירב בן יהוידע","https://www.tasmc.org.il/doctorssearch/dr/ben-yhoyada-merav/","","","","","","","Review hospital roster record and department mapping before import.","","","",""
"reviewIssue","reviewIssue:f15497203568464923","canonicalDoctor:ichilov:doctor-3156881926d8437f","doctor-3156881926d8437f","hospitalRosterOnly; possibleOutOfScopeRole","ichilov","מרכז רפואי ת""א סוראסקי","מריוס קובל","https://www.tasmc.org.il/doctorssearch/dr/marius-coval/","","","","","","","Review whether this person belongs in a residency department roster.","","","",""
"reviewIssue","reviewIssue:c3935202e822072dda","canonicalDoctor:ichilov:doctor-e6353c6d805c2672","doctor-e6353c6d805c2672","hospitalRosterOnly","ichilov","מרכז רפואי ת""א סוראסקי","מרינה פיכטה","https://www.tasmc.org.il/doctorssearch/dr/pichta-marina/","","","","","","","Review hospital roster record and department mapping before import.","","","",""
"reviewIssue","reviewIssue:e392faf3bcb1ebf4ab","canonicalDoctor:ichilov:doctor-172e1acc86baf868","doctor-172e1acc86baf868","hospitalRosterOnly","ichilov","מרכז רפואי ת""א סוראסקי","מרק ברמן","https://www.tasmc.org.il/doctorssearch/dr/berman-mark/","","","","","","","Review hospital roster record and department mapping before import.","","","",""
"reviewIssue","reviewIssue:40b26dfa88a74074c9","canonicalDoctor:ichilov:doctor-3d9f160d2daeddeb","doctor-3d9f160d2daeddeb","hospitalRosterOnly","ichilov","מרכז רפואי ת""א סוראסקי","נגה סימנטוב","https://www.tasmc.org.il/doctorssearch/dr/noga-simantov/","","","","","","","Review hospital roster record and department mapping before import.","","","",""
"reviewIssue","reviewIssue:a3ccc4516b266608a2","canonicalDoctor:ichilov:doctor-b39e8f1cb55c64c1","doctor-b39e8f1cb55c64c1","hospitalRosterOnly","ichilov","מרכז רפואי ת""א סוראסקי","נועה שטוקהאמר","https://www.tasmc.org.il/doctorssearch/dr/noa-stuckhammer/","","","","","","","Review hospital roster record and department mapping before import.","","","",""
"reviewIssue","reviewIssue:c3f1408252baa2fb90","canonicalDoctor:ichilov:doctor-beb507c63133957d","doctor-beb507c63133957d","hospitalRosterOnly","ichilov","מרכז רפואי ת""א סוראסקי","נטע נתנאלה נבו","https://www.tasmc.org.il/doctorssearch/dr/neta-nevo/","","","","","","","Review hospital roster record and department mapping before import.","","","",""
"reviewIssue","reviewIssue:6bb54d3c90e1f22ab6","canonicalDoctor:ichilov:doctor-70a0efea16d01ff6","doctor-70a0efea16d01ff6","hospitalRosterOnly","ichilov","מרכז רפואי ת""א סוראסקי","ניצה חורב","https://www.tasmc.org.il/doctorssearch/dr/horev_nitza/","","","","","","","Review hospital roster record and department mapping before import.","","","",""
"reviewIssue","reviewIssue:be16b76dfb3a9120be","canonicalDoctor:ichilov:doctor-2bd715b0e1c5675d","doctor-2bd715b0e1c5675d","hospitalRosterOnly","ichilov","מרכז רפואי ת""א סוראסקי","ניר גומל","https://www.tasmc.org.il/doctorssearch/dr/nir-gomal/","","","","","","","Review hospital roster record and department mapping before import.","","","",""
"reviewIssue","reviewIssue:5f9136431c1943f678","canonicalDoctor:ichilov:doctor-ec95611cfe04aeac","doctor-ec95611cfe04aeac","hospitalRosterOnly","ichilov","מרכז רפואי ת""א סוראסקי","סלבה שור","https://www.tasmc.org.il/doctorssearch/dr/slava-shor/","","","","","","","Review hospital roster record and department mapping before import.","","","",""
"reviewIssue","reviewIssue:fe4583099a08a4d17a","canonicalDoctor:ichilov:doctor-c56f057c8782edfb","doctor-c56f057c8782edfb","hospitalRosterOnly","ichilov","מרכז רפואי ת""א סוראסקי","עדי ליכטנשטיין","https://www.tasmc.org.il/doctorssearch/dr/adilichtenstein/","","","","","","","Review hospital roster record and department mapping before import.","","","",""
"reviewIssue","reviewIssue:d0f8dcb1473d417988","canonicalDoctor:ichilov:doctor-8fb6425f0d0d9007","doctor-8fb6425f0d0d9007","hospitalRosterOnly","ichilov","מרכז רפואי ת""א סוראסקי","עדי רביב","https://www.tasmc.org.il/doctorssearch/dr/adi-raviv/","","","","","","","Review hospital roster record and department mapping before import.","","","",""
"reviewIssue","reviewIssue:30c0065a325dade3f6","canonicalDoctor:ichilov:doctor-8ec30bff7972c4ec","doctor-8ec30bff7972c4ec","hospitalRosterOnly","ichilov","מרכז רפואי ת""א סוראסקי","עידו דרוקמן","https://www.tasmc.org.il/doctorssearch/dr/drukman-ido/","","","","","","","Review hospital roster record and department mapping before import.","","","",""
"reviewIssue","reviewIssue:19140855568d399699","canonicalDoctor:ichilov:doctor-1d7c23687b7f4dc5","doctor-1d7c23687b7f4dc5","hospitalRosterOnly","ichilov","מרכז רפואי ת""א סוראסקי","פביאן גרסטנהבר","https://www.tasmc.org.il/doctorssearch/dr/fabian-gerstenhaber/","","","","","","","Review hospital roster record and department mapping before import.","","","",""
"reviewIssue","reviewIssue:a22f559755e65cd76e","canonicalDoctor:ichilov:doctor-c1b57cd266bc9298","doctor-c1b57cd266bc9298","hospitalRosterOnly","ichilov","מרכז רפואי ת""א סוראסקי","פורסאן ג'השאן","https://www.tasmc.org.il/doctorssearch/dr/forsan-jahshan/","","","","","","","Review hospital roster record and department mapping before import.","","","",""
"reviewIssue","reviewIssue:8a1c13bc270ac484de","canonicalDoctor:ichilov:doctor-285ed1da4f32fb4d","doctor-285ed1da4f32fb4d","hospitalRosterOnly","ichilov","מרכז רפואי ת""א סוראסקי","פיראס פאהום","https://www.tasmc.org.il/doctorssearch/dr/fahoum-firas/","","","","","","","Review hospital roster record and department mapping before import.","","","",""
"reviewIssue","reviewIssue:71202af043f504f19b","canonicalDoctor:ichilov:doctor-bef5f58f84c5f001","doctor-bef5f58f84c5f001","hospitalRosterOnly","ichilov","מרכז רפואי ת""א סוראסקי","רועי בראון","https://www.tasmc.org.il/doctorssearch/dr/roy-brown/","","","","","","","Review hospital roster record and department mapping before import.","","","",""
"reviewIssue","reviewIssue:c876986267231b567c","canonicalDoctor:ichilov:doctor-f3d0df7676a5bbe9","doctor-f3d0df7676a5bbe9","hospitalRosterOnly","ichilov","מרכז רפואי ת""א סוראסקי","רם שרוני","https://www.tasmc.org.il/doctorssearch/dr/ram-sharoni/","","","","","","","Review hospital roster record and department mapping before import.","","","",""
"reviewIssue","reviewIssue:035ab8970c9627080e","canonicalDoctor:ichilov:doctor-8e165b25a2e6ebf6","doctor-8e165b25a2e6ebf6","hospitalRosterOnly","ichilov","מרכז רפואי ת""א סוראסקי","שלמה ברלינר","https://www.tasmc.org.il/doctorssearch/dr/berliner-shlomo/","","","","","","","Review hospital roster record and department mapping before import.","","","",""
"reviewIssue","reviewIssue:0da0e9420094f3d169","canonicalDoctor:ichilov:doctor-29fd325cf10d56ba","doctor-29fd325cf10d56ba","hospitalRosterOnly","ichilov","מרכז רפואי ת""א סוראסקי","שלמה דותן","https://www.tasmc.org.il/doctorssearch/dr/shlomo-dutan/","","","","","","","Review hospital roster record and department mapping before import.","","","",""
"reviewIssue","reviewIssue:eb4b4de387762b0f7a","canonicalDoctor:ichilov:doctor-fee70ad1a0008010","doctor-fee70ad1a0008010","hospitalRosterOnly","ichilov","מרכז רפואי ת""א סוראסקי","תמיר גרציאני","https://www.tasmc.org.il/doctorssearch/dr/tamir-graziany/","","","","","","","Review hospital roster record and department mapping before import.","","","",""
"reviewIssue","reviewIssue:0106d019d4fa6c44ec","canonicalDoctor:ichilov:doctor-cdb599284f6c6f80","doctor-cdb599284f6c6f80","hospitalRosterOnly","ichilov","מרכז רפואי ת""א סוראסקי","תמרה קוליץ","https://www.tasmc.org.il/doctorssearch/dr/tamara-kolitz/","","","","","","","Review hospital roster record and department mapping before import.","","","",""
"reviewIssue","reviewIssue:4faba9726a0e481607","canonicalDoctor:jerusalem-mental-health-kfar-shaul-eitanim:doctor-f27e70f8d3edf495","doctor-f27e70f8d3edf495","hospitalRosterOnly","jerusalem-mental-health-kfar-shaul-eitanim","מרכז לבה""נ ירושלים (כפר שאול ואיתנים)","פרופ' דונלד כהן","https://psjer.org.il/%d7%a4%d7%a8%d7%95%d7%a4-%d7%93%d7%95%d7%a0%d7%9c%d7%93-%d7%9b%d7%94%d7%9f/","","","","","","","Review hospital roster record and department mapping before import.","","","",""
"reviewIssue","reviewIssue:cf1a697adcb8f3eb02","canonicalDoctor:jerusalem-mental-health-kfar-shaul-eitanim:doctor-1cb3704c53356696","doctor-1cb3704c53356696","hospitalRosterOnly","jerusalem-mental-health-kfar-shaul-eitanim","jerusalem-mental-health-kfar-shaul-eitanim","פרופ' דונלד כהן","https://psjer.org.il/%d7%a4%d7%a8%d7%95%d7%a4-%d7%93%d7%95%d7%a0%d7%9c%d7%93-%d7%9b%d7%94%d7%9f/","","","","","","","Review hospital roster record and department mapping before import.","","","",""
"reviewIssue","reviewIssue:23b7b0fb87daec7069","canonicalDoctor:jerusalem-mental-health-kfar-shaul-eitanim:doctor-0119ade44bebe702","doctor-0119ade44bebe702","hospitalRosterOnly; suspiciousName","jerusalem-mental-health-kfar-shaul-eitanim","מרכז לבה""נ ירושלים (כפר שאול ואיתנים)","Prof. Yoav Kohn","https://psjer.org.il/prof-yoav-kohn/","","","","","","","Review hospital roster record and department mapping before import.","","","",""
"reviewIssue","reviewIssue:bf2594bb4fe5954e6e","canonicalDoctor:jerusalem-mental-health-kfar-shaul-eitanim:doctor-7494c276c7360dc4","doctor-7494c276c7360dc4","hospitalRosterOnly; suspiciousName","jerusalem-mental-health-kfar-shaul-eitanim","jerusalem-mental-health-kfar-shaul-eitanim","Prof. Yoav Kohn","https://psjer.org.il/prof-yoav-kohn/","","","","","","","Review hospital roster record and department mapping before import.","","","",""
"reviewIssue","reviewIssue:89811ad8c9451ffbef","doctorDepartmentLink:17bd64aa68b29b8ac0","doctor-1c20b6986dae1e62","matchConfidenceReviewNeeded; ambiguityReason","kaplan","מרכז רפואי קפלן","ד""ר אודי קצנל","https://hospitals.clalit.co.il/kaplan/he/med_units/ent/Pages/dr_udi_katzenell.aspx","","","reviewNeeded","multipleMasterDeptHospitalRows","","https://hospitals.clalit.co.il/kaplan/he/med_units/ent/Pages/default.aspx","Confirm doctor-department mapping.","","","",""
"reviewIssue","reviewIssue:efa008b47930cf8dfc","doctorDepartmentLink:3216b2289b8f10b548","doctor-5bc85516b2484579","matchConfidenceReviewNeeded; ambiguityReason","kaplan","מרכז רפואי קפלן","ד""ר אודי קצנל","","","","reviewNeeded","multipleMasterDeptHospitalRows","","https://hospitals.clalit.co.il/kaplan/he/gen_info/kaplan_news/Pages/outstanding-doctors.aspx","Confirm doctor-department mapping.","","","",""
"reviewIssue","reviewIssue:20c496e0b31afcef0e","canonicalDoctor:kaplan:doctor-1c20b6986dae1e62","doctor-1c20b6986dae1e62","profileCoverageLow","kaplan","מרכז רפואי קפלן","ד""ר אודי קצנל","https://hospitals.clalit.co.il/kaplan/he/med_units/ent/Pages/dr_udi_katzenell.aspx","","","","","","","Review hospital roster record and department mapping before import.","","","",""
"reviewIssue","reviewIssue:de3d84d504c05a7257","canonicalDoctor:kaplan:doctor-5bc85516b2484579","doctor-5bc85516b2484579","profileCoverageLow; listOnlyMostly; missingProfileUrl","kaplan","מרכז רפואי קפלן","ד""ר אודי קצנל","","","","","","","","Review hospital roster record and department mapping before import.","","","",""
"reviewIssue","reviewIssue:3a6467b6fa4999aae0","doctorDepartmentLink:b2375e4f4a52e7c6ca","doctor-9d4a37cb59433e37","matchConfidenceReviewNeeded; ambiguityReason","kaplan","מרכז רפואי קפלן","ד""ר ברק בר זכאי","","","","reviewNeeded","multipleMasterDeptHospitalRows","","https://hospitals.clalit.co.il/kaplan/he/gen_info/kaplan_news/Pages/outstanding-doctors.aspx","Confirm doctor-department mapping.","","","",""
"reviewIssue","reviewIssue:d939d16cfc6abaeabf","canonicalDoctor:kaplan:doctor-9d4a37cb59433e37","doctor-9d4a37cb59433e37","profileCoverageLow; listOnlyMostly; missingProfileUrl","kaplan","מרכז רפואי קפלן","ד""ר ברק בר זכאי","","","","","","","","Review hospital roster record and department mapping before import.","","","",""
"reviewIssue","reviewIssue:9ed2aded38340ce4c4","doctorDepartmentLink:e307af68fbffb084e5","doctor-057b1c1ce648f84a","matchConfidenceReviewNeeded; ambiguityReason","kaplan","מרכז רפואי קפלן","ד""ר דניאל אלבירט","","","","reviewNeeded","multipleMasterDeptHospitalRows","","https://hospitals.clalit.co.il/kaplan/he/gen_info/kaplan_news/Pages/outstanding-doctors.aspx","Confirm doctor-department mapping.","","","",""
"reviewIssue","reviewIssue:013cd07ef0ddde08d9","canonicalDoctor:kaplan:doctor-057b1c1ce648f84a","doctor-057b1c1ce648f84a","profileCoverageLow; listOnlyMostly; missingProfileUrl","kaplan","מרכז רפואי קפלן","ד""ר דניאל אלבירט","","","","","","","","Review hospital roster record and department mapping before import.","","","",""
"reviewIssue","reviewIssue:1a711a440ea5301d67","doctorDepartmentLink:45a65f7a752ad9687c","doctor-bd8cf613343a3a2e","matchConfidenceReviewNeeded; ambiguityReason","kaplan","מרכז רפואי קפלן","ד""ר יעל שפירא גליץ","https://hospitals.clalit.co.il/kaplan/he/med_units/ent/Pages/yael_shapira.aspx","","","reviewNeeded","multipleMasterDeptHospitalRows","","https://hospitals.clalit.co.il/kaplan/he/med_units/ent/Pages/default.aspx","Confirm doctor-department mapping.","","","",""
"reviewIssue","reviewIssue:c6e3350dfde52f5ac1","canonicalDoctor:kaplan:doctor-bd8cf613343a3a2e","doctor-bd8cf613343a3a2e","profileCoverageLow","kaplan","מרכז רפואי קפלן","ד""ר יעל שפירא גליץ","https://hospitals.clalit.co.il/kaplan/he/med_units/ent/Pages/yael_shapira.aspx","","","","","","","Review hospital roster record and department mapping before import.","","","",""
"reviewIssue","reviewIssue:01d1c1d821b4672af4","doctorDepartmentLink:8a0e679ef5b696084c","doctor-2b1f0cab75f12d4a","matchConfidenceReviewNeeded; ambiguityReason","kaplan","מרכז רפואי קפלן","ד""ר יצחק פוריה","https://hospitals.clalit.co.il/kaplan/he/med_units/ent/Pages/dr_poriya.aspx","","","reviewNeeded","multipleMasterDeptHospitalRows","","https://hospitals.clalit.co.il/kaplan/he/med_units/ent/Pages/default.aspx","Confirm doctor-department mapping.","","","",""
"reviewIssue","reviewIssue:15bf4dacd1794205b3","canonicalDoctor:kaplan:doctor-2b1f0cab75f12d4a","doctor-2b1f0cab75f12d4a","profileCoverageLow","kaplan","מרכז רפואי קפלן","ד""ר יצחק פוריה","https://hospitals.clalit.co.il/kaplan/he/med_units/ent/Pages/dr_poriya.aspx","","","","","","","Review hospital roster record and department mapping before import.","","","",""
"reviewIssue","reviewIssue:7744a0a88198148719","doctorDepartmentLink:8af929dd18da01b6cf","doctor-7bf51e21f7186c46","matchConfidenceReviewNeeded; ambiguityReason","kaplan","מרכז רפואי קפלן","ד""ר מאיר ורמן","","","","reviewNeeded","multipleMasterDeptHospitalRows","","https://hospitals.clalit.co.il/kaplan/he/gen_info/kaplan_news/Pages/outstanding-doctors.aspx","Confirm doctor-department mapping.","","","",""
"reviewIssue","reviewIssue:4326604fb481031b8c","doctorDepartmentLink:cabc031f8ea1743d09","doctor-ecff8cae3b464634","matchConfidenceReviewNeeded; ambiguityReason","kaplan","מרכז רפואי קפלן","ד""ר מאיר ורמן","https://hospitals.clalit.co.il/kaplan/he/med_units/ent/Pages/dr_meir_warman.aspx","","","reviewNeeded","multipleMasterDeptHospitalRows","","https://hospitals.clalit.co.il/kaplan/he/med_units/ent/Pages/default.aspx","Confirm doctor-department mapping.","","","",""
"reviewIssue","reviewIssue:b7847c222ae0e756bd","canonicalDoctor:kaplan:doctor-ecff8cae3b464634","doctor-ecff8cae3b464634","profileCoverageLow","kaplan","מרכז רפואי קפלן","ד""ר מאיר ורמן","https://hospitals.clalit.co.il/kaplan/he/med_units/ent/Pages/dr_meir_warman.aspx","","","","","","","Review hospital roster record and department mapping before import.","","","",""
"reviewIssue","reviewIssue:1bd1bed6047e335db6","canonicalDoctor:kaplan:doctor-7bf51e21f7186c46","doctor-7bf51e21f7186c46","profileCoverageLow; listOnlyMostly; missingProfileUrl","kaplan","מרכז רפואי קפלן","ד""ר מאיר ורמן","","","","","","","","Review hospital roster record and department mapping before import.","","","",""
"reviewIssue","reviewIssue:599dedfee54fc2e9be","doctorDepartmentLink:24d580eb299ebc3ee6","doctor-84ddc571b57294b4","matchConfidenceReviewNeeded; ambiguityReason","kaplan","מרכז רפואי קפלן","ד""ר קרן מחלב-גורי","","","","reviewNeeded","multipleMasterDeptHospitalRows","","https://hospitals.clalit.co.il/kaplan/he/gen_info/kaplan_news/Pages/outstanding-doctors.aspx","Confirm doctor-department mapping.","","","",""
"reviewIssue","reviewIssue:f9f73c1fe2ca62f595","canonicalDoctor:kaplan:doctor-84ddc571b57294b4","doctor-84ddc571b57294b4","profileCoverageLow; listOnlyMostly; missingProfileUrl","kaplan","מרכז רפואי קפלן","ד""ר קרן מחלב-גורי","","","","","","","","Review hospital roster record and department mapping before import.","","","",""
"reviewIssue","reviewIssue:6980e53bd87658e386","doctorDepartmentLink:3b2d7301b5f776e229","doctor-176b37905aaab64f","matchConfidenceReviewNeeded; ambiguityReason","kaplan","מרכז רפואי קפלן","ד""ר שרי טל","","","","reviewNeeded","multipleMasterDeptHospitalRows","","https://hospitals.clalit.co.il/kaplan/he/gen_info/kaplan_news/Pages/outstanding-doctors.aspx","Confirm doctor-department mapping.","","","",""
"reviewIssue","reviewIssue:9607575cac52efa8a6","canonicalDoctor:kaplan:doctor-176b37905aaab64f","doctor-176b37905aaab64f","profileCoverageLow; listOnlyMostly; missingProfileUrl","kaplan","מרכז רפואי קפלן","ד""ר שרי טל","","","","","","","","Review hospital roster record and department mapping before import.","","","",""
"reviewIssue","reviewIssue:1423d9a5ab788a9460","doctorDepartmentLink:0ed246bda51189985a","doctor-684d37e6085221c0","matchConfidenceReviewNeeded; ambiguityReason","kaplan","מרכז רפואי קפלן","פרופ' אלה עברון","","","","reviewNeeded","multipleMasterDeptHospitalRows","","https://hospitals.clalit.co.il/kaplan/he/gen_info/kaplan_news/Pages/outstanding-doctors.aspx","Confirm doctor-department mapping.","","","",""
"reviewIssue","reviewIssue:70df4a99f209d46742","canonicalDoctor:kaplan:doctor-684d37e6085221c0","doctor-684d37e6085221c0","profileCoverageLow; listOnlyMostly; missingProfileUrl","kaplan","מרכז רפואי קפלן","פרופ' אלה עברון","","","","","","","","Review hospital roster record and department mapping before import.","","","",""
"reviewIssue","reviewIssue:d67a686a3fd7171823","doctorDepartmentLink:c4be709d691c83fafd","doctor-fc68849b05ea356e","matchConfidenceReviewNeeded; ambiguityReason","kaplan","מרכז רפואי קפלן","פרופ' אריה מרקוביץ'","","","","reviewNeeded","multipleMasterDeptHospitalRows","","https://hospitals.clalit.co.il/kaplan/he/gen_info/kaplan_news/Pages/outstanding-doctors.aspx","Confirm doctor-department mapping.","","","",""
"reviewIssue","reviewIssue:da195e0f21125abd3b","canonicalDoctor:kaplan:doctor-fc68849b05ea356e","doctor-fc68849b05ea356e","profileCoverageLow; listOnlyMostly; missingProfileUrl","kaplan","מרכז רפואי קפלן","פרופ' אריה מרקוביץ'","","","","","","","","Review hospital roster record and department mapping before import.","","","",""
"reviewIssue","reviewIssue:c627db84d5bbf739ed","doctorDepartmentLink:3c66dfac6cd06e6fa6","doctor-030871f1726cd683","matchConfidenceReviewNeeded; ambiguityReason","kaplan","מרכז רפואי קפלן","פרופ' דנה אגוזי","","","","reviewNeeded","multipleMasterDeptHospitalRows","","https://hospitals.clalit.co.il/kaplan/he/gen_info/kaplan_news/Pages/outstanding-doctors.aspx","Confirm doctor-department mapping.","","","",""
"reviewIssue","reviewIssue:578d00a62b8f8ba509","canonicalDoctor:kaplan:doctor-030871f1726cd683","doctor-030871f1726cd683","profileCoverageLow; listOnlyMostly; missingProfileUrl","kaplan","מרכז רפואי קפלן","פרופ' דנה אגוזי","","","","","","","","Review hospital roster record and department mapping before import.","","","",""
"reviewIssue","reviewIssue:dc06d3897ad84cf814","doctorDepartmentLink:6290b618062df943b9","doctor-051c645a10e587d3","matchConfidenceReviewNeeded; ambiguityReason","kaplan","מרכז רפואי קפלן","פרופ' יונתן להב","https://hospitals.clalit.co.il/kaplan/he/med_units/ent/Pages/dr_yonatan_lahav.aspx","","","reviewNeeded","multipleMasterDeptHospitalRows","","https://hospitals.clalit.co.il/kaplan/he/med_units/ent/Pages/default.aspx","Confirm doctor-department mapping.","","","",""
"reviewIssue","reviewIssue:c3d3c67c8fa15c2831","doctorDepartmentLink:294d20941295506cf4","doctor-b7bf636619da78c4","matchConfidenceReviewNeeded; ambiguityReason","kaplan","מרכז רפואי קפלן","פרופ' יונתן להב","","","","reviewNeeded","multipleMasterDeptHospitalRows","","https://hospitals.clalit.co.il/kaplan/he/gen_info/kaplan_news/Pages/outstanding-doctors.aspx","Confirm doctor-department mapping.","","","",""
"reviewIssue","reviewIssue:6fb3bf9ff80230d075","canonicalDoctor:kaplan:doctor-051c645a10e587d3","doctor-051c645a10e587d3","profileCoverageLow","kaplan","מרכז רפואי קפלן","פרופ' יונתן להב","https://hospitals.clalit.co.il/kaplan/he/med_units/ent/Pages/dr_yonatan_lahav.aspx","","","","","","","Review hospital roster record and department mapping before import.","","","",""
"reviewIssue","reviewIssue:bb69216e52e70dfe8e","canonicalDoctor:kaplan:doctor-b7bf636619da78c4","doctor-b7bf636619da78c4","profileCoverageLow; listOnlyMostly; missingProfileUrl","kaplan","מרכז רפואי קפלן","פרופ' יונתן להב","","","","","","","","Review hospital roster record and department mapping before import.","","","",""
"reviewIssue","reviewIssue:38faf30f15b0a8f531","doctorDepartmentLink:89841d8288d1838a15","doctor-ca8d741149c1684f","matchConfidenceReviewNeeded; ambiguityReason","kaplan","מרכז רפואי קפלן","פרופ' עמית אסא","","","","reviewNeeded","multipleMasterDeptHospitalRows","","https://hospitals.clalit.co.il/kaplan/he/gen_info/kaplan_news/Pages/outstanding-doctors.aspx","Confirm doctor-department mapping.","","","",""
"reviewIssue","reviewIssue:1d8eb601c67a5e0b1d","canonicalDoctor:kaplan:doctor-ca8d741149c1684f","doctor-ca8d741149c1684f","profileCoverageLow; listOnlyMostly; missingProfileUrl","kaplan","מרכז רפואי קפלן","פרופ' עמית אסא","","","","","","","","Review hospital roster record and department mapping before import.","","","",""
"reviewIssue","reviewIssue:c516df8cbed3def3cf","canonicalDoctor:kaplan:doctor-99cd727701bdb5fc","doctor-99cd727701bdb5fc","profileCoverageLow","kaplan","מרכז רפואי קפלן","פרופ' עמית נחום","https://hospitals.clalit.co.il/kaplan/he/med_units/children/Pages/amitnahum.aspx","","","","","","","Review hospital roster record and department mapping before import.","","","",""
"reviewIssue","reviewIssue:64ad98c1689ebfed68","doctorDepartmentLink:693e95caf4c57e8a1a","doctor-f8613385fcb27259","matchConfidenceReviewNeeded; ambiguityReason","laniado","ביה""ח לניאדו","ד""ר אביה רוזנטל","","","","reviewNeeded","multipleMasterDeptHospitalRows","","https://www.laniado.org.il/","Confirm doctor-department mapping.","","","",""
"reviewIssue","reviewIssue:63a980765b2fd6e190","canonicalDoctor:laniado:doctor-f8613385fcb27259","doctor-f8613385fcb27259","profileCoverageLow; listOnlyMostly; missingProfileUrl","laniado","ביה""ח לניאדו","ד""ר אביה רוזנטל","","","","","","","","Review hospital roster record and department mapping before import.","","","",""
"reviewIssue","reviewIssue:56b5fbdc34a6eaa601","canonicalDoctor:laniado:doctor-ca96b7bd6e7f8b48","doctor-ca96b7bd6e7f8b48","profileCoverageLow","laniado","ביה""ח לניאדו","ד""ר אינה דובין","https://www.laniado.org.il/doctor/%d7%93%d7%a8-%d7%90%d7%99%d7%a0%d7%94-%d7%93%d7%95%d7%91%d7%99%d7%9f/","","","","","","","Review hospital roster record and department mapping before import.","","","",""
"reviewIssue","reviewIssue:91b8112f46bbf73ff3","canonicalDoctor:laniado:doctor-3b0f743825d96edd","doctor-3b0f743825d96edd","profileCoverageLow","laniado","ביה""ח לניאדו","ד""ר אליזבטה ניסים","https://www.laniado.org.il/doctor/%d7%93%d7%a8-%d7%90%d7%9c%d7%99%d7%96%d7%91%d7%98%d7%94-%d7%a0%d7%99%d7%a1%d7%99%d7%9d/","","","","","","","Review hospital roster record and department mapping before import.","","","",""
"reviewIssue","reviewIssue:33f944597b59ed5508","canonicalDoctor:laniado:doctor-deecf6c98f1ca30a","doctor-deecf6c98f1ca30a","profileCoverageLow","laniado","ביה""ח לניאדו","ד""ר אמיר וינטראוב","https://www.laniado.org.il/doctor/%d7%93%d7%a8-%d7%90%d7%9e%d7%99%d7%a8-%d7%95%d7%99%d7%a0%d7%98%d7%a8%d7%90%d7%95%d7%91/","","","","","","","Review hospital roster record and department mapping before import.","","","",""
"reviewIssue","reviewIssue:2438bad4b7c687e11f","doctorDepartmentLink:62127af71c61fb5618","doctor-52a98745efa54883","matchConfidenceReviewNeeded; ambiguityReason","laniado","ביה""ח לניאדו","ד""ר בן שדה","","","","reviewNeeded","multipleMasterDeptHospitalRows","","https://www.laniado.org.il/","Confirm doctor-department mapping.","","","",""
"reviewIssue","reviewIssue:e4b016ab8c2e779bf5","canonicalDoctor:laniado:doctor-52a98745efa54883","doctor-52a98745efa54883","profileCoverageLow; listOnlyMostly; missingProfileUrl","laniado","ביה""ח לניאדו","ד""ר בן שדה","","","","","","","","Review hospital roster record and department mapping before import.","","","",""
"reviewIssue","reviewIssue:0295601fd61cad052e","doctorDepartmentLink:439c28a1ed950947ed","doctor-e06fd43c56dddc3d","matchConfidenceReviewNeeded; ambiguityReason","laniado","ביה""ח לניאדו","ד""ר הילה הוכלר","","","","reviewNeeded","multipleMasterDeptHospitalRows","","https://www.laniado.org.il/","Confirm doctor-department mapping.","","","",""
"reviewIssue","reviewIssue:54162d0396d4274505","canonicalDoctor:laniado:doctor-e06fd43c56dddc3d","doctor-e06fd43c56dddc3d","profileCoverageLow; listOnlyMostly; missingProfileUrl","laniado","ביה""ח לניאדו","ד""ר הילה הוכלר","","","","","","","","Review hospital roster record and department mapping before import.","","","",""
"reviewIssue","reviewIssue:7c0550d22e1a246046","canonicalDoctor:laniado:doctor-32d9a8c3152c5221","doctor-32d9a8c3152c5221","profileCoverageLow","laniado","ביה""ח לניאדו","ד""ר יעל יקל","https://www.laniado.org.il/doctor/%d7%93%d7%a8-%d7%99%d7%a2%d7%9c-%d7%99%d7%a7%d7%9c/","","","","","","","Review hospital roster record and department mapping before import.","","","",""
"reviewIssue","reviewIssue:e8107f4973f56e7fd9","canonicalDoctor:laniado:doctor-6227b2304916261e","doctor-6227b2304916261e","profileCoverageLow","laniado","ביה""ח לניאדו","ד""ר מיכאל בן אקון","https://www.laniado.org.il/doctor/%d7%93%d7%a8-%d7%9e%d7%99%d7%9b%d7%90%d7%9c-%d7%91%d7%9f-%d7%90%d7%a7%d7%95%d7%9f/","","","","","","","Review hospital roster record and department mapping before import.","","","",""
"reviewIssue","reviewIssue:ef4d44983e80b3b7af","doctorDepartmentLink:a4a9ef9a9bdbccc7f4","doctor-23b8892f8d6291b4","matchConfidenceReviewNeeded; ambiguityReason","laniado","ביה""ח לניאדו","ד""ר מיכאל בן אקון. הסיור כלל סקירה מקיפה של פעילות אגף הילדים","","","","reviewNeeded","multipleMasterDeptHospitalRows","","https://www.laniado.org.il/","Confirm doctor-department mapping.","","","",""
"reviewIssue","reviewIssue:f1000190dadb0f8e73","canonicalDoctor:laniado:doctor-23b8892f8d6291b4","doctor-23b8892f8d6291b4","profileCoverageLow; listOnlyMostly; missingProfileUrl; suspiciousName; overlongName; possibleProseExtraction","laniado","ביה""ח לניאדו","ד""ר מיכאל בן אקון. הסיור כלל סקירה מקיפה של פעילות אגף הילדים","","","","","","","","Review hospital roster record and department mapping before import.","","","",""
"reviewIssue","reviewIssue:8007102803801133aa","canonicalDoctor:laniado:doctor-77f12ea9e6b0ad6e","doctor-77f12ea9e6b0ad6e","profileCoverageLow","laniado","ביה""ח לניאדו","ד""ר קלוד פיקאר","https://www.laniado.org.il/doctor/%d7%93%d7%a8-%d7%a7%d7%9c%d7%95%d7%93-%d7%a4%d7%99%d7%a7%d7%90%d7%a8/","","","","","","","Review hospital roster record and department mapping before import.","","","",""
"reviewIssue","reviewIssue:7114d442144a17b216","doctorDepartmentLink:153c5b2ad170bf3a4e","doctor-b1c6abd4c28db542","matchConfidenceReviewNeeded; ambiguityReason","laniado","ביה""ח לניאדו","ד""ר שדה","","","","reviewNeeded","multipleMasterDeptHospitalRows","","https://www.laniado.org.il/","Confirm doctor-department mapping.","","","",""
"reviewIssue","reviewIssue:1f58e3d5f805413860","canonicalDoctor:laniado:doctor-b1c6abd4c28db542","doctor-b1c6abd4c28db542","profileCoverageLow; listOnlyMostly; missingProfileUrl","laniado","ביה""ח לניאדו","ד""ר שדה","","","","","","","","Review hospital roster record and department mapping before import.","","","",""
"reviewIssue","reviewIssue:d006aee1db3495efe7","doctorDepartmentLink:52a7a26a9812a06896","doctor-0c1dcae4c627d58f","matchConfidenceReviewNeeded; ambiguityReason","laniado","ביה""ח לניאדו","פרופ' צבי שמעוני","","","","reviewNeeded","multipleMasterDeptHospitalRows","","https://www.laniado.org.il/","Confirm doctor-department mapping.","","","",""
"reviewIssue","reviewIssue:e0dbb00f51b92c20b4","canonicalDoctor:laniado:doctor-0c1dcae4c627d58f","doctor-0c1dcae4c627d58f","profileCoverageLow; listOnlyMostly; missingProfileUrl","laniado","ביה""ח לניאדו","פרופ' צבי שמעוני","","","","","","","","Review hospital roster record and department mapping before import.","","","",""
"reviewIssue","reviewIssue:892fbb36e18e72bc47","canonicalDoctor:leumit-health-fund:doctor-b5c1a69acee6092f","doctor-b5c1a69acee6092f","profileCoverageLow; listOnlyMostly; missingProfileUrl","leumit-health-fund","leumit-health-fund","ד""ר אביאל חנקין","","","","","","","","Review hospital roster record and department mapping before import.","","","",""
"reviewIssue","reviewIssue:56d0c5fd8e824d56c7","canonicalDoctor:leumit-health-fund:doctor-0d0ecccb2e8d33fb","doctor-0d0ecccb2e8d33fb","profileCoverageLow; listOnlyMostly; missingProfileUrl","leumit-health-fund","leumit-health-fund","ד""ר אבראהים בכרי","","","","","","","","Review hospital roster record and department mapping before import.","","","",""
"reviewIssue","reviewIssue:6dc9e96510ee695be1","canonicalDoctor:leumit-health-fund:doctor-75e263ac8159162b","doctor-75e263ac8159162b","profileCoverageLow; listOnlyMostly; missingProfileUrl","leumit-health-fund","leumit-health-fund","ד״ר אורן עינן","","","","","","","","Review hospital roster record and department mapping before import.","","","",""
"reviewIssue","reviewIssue:e5b8d16a227a8e526c","canonicalDoctor:leumit-health-fund:doctor-b392888edfc313e1","doctor-b392888edfc313e1","profileCoverageLow; listOnlyMostly; missingProfileUrl","leumit-health-fund","leumit-health-fund","ד""ר אילן גרין","","","","","","","","Review hospital roster record and department mapping before import.","","","",""
"reviewIssue","reviewIssue:71e72fc3f0b7c1e636","canonicalDoctor:leumit-health-fund:doctor-b032881bfa89b18f","doctor-b032881bfa89b18f","profileCoverageLow; listOnlyMostly; missingProfileUrl","leumit-health-fund","leumit-health-fund","ד""ר אמירה גנים","","","","","","","","Review hospital roster record and department mapping before import.","","","",""
"reviewIssue","reviewIssue:698cc22198f0e1d5d7","canonicalDoctor:leumit-health-fund:doctor-17eb8da5add3ad9f","doctor-17eb8da5add3ad9f","profileCoverageLow; listOnlyMostly; missingProfileUrl","leumit-health-fund","leumit-health-fund","ד""ר גל בירן","","","","","","","","Review hospital roster record and department mapping before import.","","","",""
"reviewIssue","reviewIssue:2d8a312c2355f19177","canonicalDoctor:leumit-health-fund:doctor-7a908d79a95b2a60","doctor-7a908d79a95b2a60","profileCoverageLow; listOnlyMostly; missingProfileUrl","leumit-health-fund","leumit-health-fund","ד""ר דניאל הרש","","","","","","","","Review hospital roster record and department mapping before import.","","","",""
"reviewIssue","reviewIssue:9579538922f3fc71f4","canonicalDoctor:leumit-health-fund:doctor-8bc8c1bbb3579829","doctor-8bc8c1bbb3579829","profileCoverageLow; listOnlyMostly; missingProfileUrl","leumit-health-fund","leumit-health-fund","ד""ר הילה ראצ'ה ניקסון","","","","","","","","Review hospital roster record and department mapping before import.","","","",""
"reviewIssue","reviewIssue:de913845e942e9bcb8","canonicalDoctor:leumit-health-fund:doctor-5d45b38dd2a6066f","doctor-5d45b38dd2a6066f","profileCoverageLow; listOnlyMostly; missingProfileUrl","leumit-health-fund","leumit-health-fund","ד""ר וואיל סוויטאת","","","","","","","","Review hospital roster record and department mapping before import.","","","",""
"reviewIssue","reviewIssue:6423d3acc85e13c91a","canonicalDoctor:leumit-health-fund:doctor-5addd2a723553e7d","doctor-5addd2a723553e7d","profileCoverageLow; listOnlyMostly; missingProfileUrl","leumit-health-fund","leumit-health-fund","ד""ר חמוד מבאסם","","","","","","","","Review hospital roster record and department mapping before import.","","","",""
"reviewIssue","reviewIssue:055fa2ae289a367ea4","canonicalDoctor:leumit-health-fund:doctor-afb2a29456ef19c2","doctor-afb2a29456ef19c2","profileCoverageLow; listOnlyMostly; missingProfileUrl","leumit-health-fund","leumit-health-fund","ד""ר מוחמד ענאתי","","","","","","","","Review hospital roster record and department mapping before import.","","","",""
"reviewIssue","reviewIssue:c3764175f266ae5536","canonicalDoctor:leumit-health-fund:doctor-bb46b8359195b157","doctor-bb46b8359195b157","profileCoverageLow; listOnlyMostly; missingProfileUrl; suspiciousName; possibleProseExtraction","leumit-health-fund","leumit-health-fund","ד""ר מועד מחמוד- מדריך ברפואת המשפחה ובוגר המחלקה","","","","","","","","Review hospital roster record and department mapping before import.","","","",""
"reviewIssue","reviewIssue:fdbef3fb37c6d1b3f8","canonicalDoctor:leumit-health-fund:doctor-c2656a385b9dd22f","doctor-c2656a385b9dd22f","profileCoverageLow; listOnlyMostly; missingProfileUrl","leumit-health-fund","leumit-health-fund","ד""ר נדיה הוואש","","","","","","","","Review hospital roster record and department mapping before import.","","","",""
"reviewIssue","reviewIssue:3c7345b4fa24ef0554","canonicalDoctor:leumit-health-fund:doctor-6487b0ca4364a99d","doctor-6487b0ca4364a99d","profileCoverageLow; listOnlyMostly; missingProfileUrl","leumit-health-fund","leumit-health-fund","ד""ר נחמה אנג'ל","","","","","","","","Review hospital roster record and department mapping before import.","","","",""
"reviewIssue","reviewIssue:9085cdabeaee7ac30b","canonicalDoctor:leumit-health-fund:doctor-6e572487b0a3f2e0","doctor-6e572487b0a3f2e0","profileCoverageLow; listOnlyMostly; missingProfileUrl","leumit-health-fund","leumit-health-fund","ד""ר סלמאן אבו סאלח","","","","","","","","Review hospital roster record and department mapping before import.","","","",""
"reviewIssue","reviewIssue:3647665b13ee64654d","canonicalDoctor:leumit-health-fund:doctor-91fe2584bbf5cfe4","doctor-91fe2584bbf5cfe4","profileCoverageLow; listOnlyMostly; missingProfileUrl","leumit-health-fund","leumit-health-fund","ד""ר עלאא שלאעטה","","","","","","","","Review hospital roster record and department mapping before import.","","","",""
"reviewIssue","reviewIssue:deade458b33673c093","canonicalDoctor:leumit-health-fund:doctor-c90020fa0c695ed4","doctor-c90020fa0c695ed4","profileCoverageLow; listOnlyMostly; missingProfileUrl","leumit-health-fund","leumit-health-fund","ד""ר פואד כלדאוי","","","","","","","","Review hospital roster record and department mapping before import.","","","",""
"reviewIssue","reviewIssue:f31a0c4ff3d395636d","canonicalDoctor:leumit-health-fund:doctor-3fbe075b27a1ea68","doctor-3fbe075b27a1ea68","profileCoverageLow; listOnlyMostly; missingProfileUrl","leumit-health-fund","leumit-health-fund","ד""ר רואן סבאח","","","","","","","","Review hospital roster record and department mapping before import.","","","",""
"reviewIssue","reviewIssue:0de3ade99ce02e70fe","canonicalDoctor:leumit-health-fund:doctor-cc9cb699086a7bc1","doctor-cc9cb699086a7bc1","profileCoverageLow; listOnlyMostly; missingProfileUrl","leumit-health-fund","leumit-health-fund","ד""ר שריף מוחמד","","","","","","","","Review hospital roster record and department mapping before import.","","","",""
"reviewIssue","reviewIssue:b3df41dfb4d8bbe1da","canonicalDoctor:leumit-health-fund:doctor-445545c370350caa","doctor-445545c370350caa","profileCoverageLow; listOnlyMostly; missingProfileUrl","leumit-health-fund","leumit-health-fund","פרופ' אלי קיטאי שגם ניהל והוביל אותה עד שנת","","","","","","","","Review hospital roster record and department mapping before import.","","","",""
"reviewIssue","reviewIssue:94ebc11fbb11b6701d","canonicalDoctor:maale-hacarmel:doctor-177068df52010573","doctor-177068df52010573","hospitalRosterOnly; profileCoverageLow; listOnlyMostly; missingProfileUrl","maale-hacarmel","maale-hacarmel","ד""ר איל פרוכטר","","","","","","","","Review hospital roster record and department mapping before import.","","","",""
"reviewIssue","reviewIssue:1613fd222db2c732b7","canonicalDoctor:maayanei-hayeshua:doctor-e9da5905d593f5eb","doctor-e9da5905d593f5eb","suspiciousName","maayanei-hayeshua","ביה""ח מעיני הישועה","ד""ר בוריס אורקין מנהל יחידת כירורגיה ילדים ד""ר בוריס אורקין","https://www.mymc.co.il/doctors/boris-orkin/","","","","","","","Review hospital roster record and department mapping before import.","","","",""
"reviewIssue","reviewIssue:6f18eb3d01de38bc3a","canonicalDoctor:maayanei-hayeshua:doctor-5b8393f03ef24365","doctor-5b8393f03ef24365","suspiciousName; possibleProseExtraction","maayanei-hayeshua","ביה""ח מעיני הישועה","ד""ר גרסטנהבר פביאן מנהל המחלקה כירורגית ד""ר גרסטנהבר פביאן","https://www.mymc.co.il/doctors/dr-fabian/","","","","","","","Review hospital roster record and department mapping before import.","","","",""
"reviewIssue","reviewIssue:44bc219c3859d2335f","canonicalDoctor:maayanei-hayeshua:doctor-a1f986340d67c352","doctor-a1f986340d67c352","suspiciousName; overlongName","maayanei-hayeshua","ביה""ח מעיני הישועה","ד""ר דוד אלמלך רופא מומחה לקרדיולוגיית ילדים ד""ר דוד אלימלך הינו רופא מומח","https://www.mymc.co.il/doctors/dr-david-elimelech/","","","","","","","Review hospital roster record and department mapping before import.","","","",""
"reviewIssue","reviewIssue:66705eb0e3c8294c41","canonicalDoctor:maayanei-hayeshua:doctor-2f29a911da584022","doctor-2f29a911da584022","suspiciousName","maayanei-hayeshua","ביה""ח מעיני הישועה","ד""ר מיכאל בלכר רופא מומחה בכירורגיה כללית ד""ר מיכאל בלכר","https://www.mymc.co.il/doctors/michael-blecher/","","","","","","","Review hospital roster record and department mapping before import.","","","",""
"reviewIssue","reviewIssue:89822941a218e76655","canonicalDoctor:maayanei-hayeshua:doctor-37e3966055862cd5","doctor-37e3966055862cd5","suspiciousName","maayanei-hayeshua","ביה""ח מעיני הישועה","ד""ר משה קולר מנהל אגף כירורגיה ד""ר משה קולר","https://www.mymc.co.il/doctors/moshe-koler/","","","","","","","Review hospital roster record and department mapping before import.","","","",""
"reviewIssue","reviewIssue:8f3ea6446d9af59763","canonicalDoctor:maayanei-hayeshua:doctor-f4d52934ff7a294c","doctor-f4d52934ff7a294c","suspiciousName","maayanei-hayeshua","ביה""ח מעיני הישועה","ד""ר עינת להב נפרולוגית ילדים ד""ר עינב להב","https://www.mymc.co.il/doctors/dr-einav-lahav/","","","","","","","Review hospital roster record and department mapping before import.","","","",""
"reviewIssue","reviewIssue:72f32aaafe4a5501a2","canonicalDoctor:maayanei-hayeshua:doctor-a9cf2947e40bd426","doctor-a9cf2947e40bd426","suspiciousName","maayanei-hayeshua","ביה""ח מעיני הישועה","ד""ר רפאל גרי רופא בכיר בנפרולוגיה ד""ר רפאל גרי","https://www.mymc.co.il/doctors/dr-raphael-geri/","","","","","","","Review hospital roster record and department mapping before import.","","","",""
"reviewIssue","reviewIssue:25def573f62a852924","canonicalDoctor:maayanei-hayeshua:doctor-730dad45ede41fc2","doctor-730dad45ede41fc2","suspiciousName; overlongName","maayanei-hayeshua","ביה""ח מעיני הישועה","ד""ר שי מרון אלדר רופא מומחה לטיפול ניתוחי בהשמנת יתר ד""ר שי מרון אלדר","https://www.mymc.co.il/doctors/%d7%93%d7%a8-%d7%a9%d7%99-%d7%9e%d7%a8%d7%95%d7%9f-%d7%90%d7%9c%d7%93%d7%a8/","","","","","","","Review hospital roster record and department mapping before import.","","","",""
"reviewIssue","reviewIssue:b4593849b3098fbfbe","canonicalDoctor:maayanei-hayeshua:doctor-12e9baa8259ebeb5","doctor-12e9baa8259ebeb5","suspiciousName","maayanei-hayeshua","ביה""ח מעיני הישועה","ד""ר שמחה רוזנבלט רופא מומחה לקרדיולוגיה ד""ר שמחה רוזנבלט","https://www.mymc.co.il/doctors/%d7%93%d7%a8-%d7%a9%d7%9e%d7%97%d7%94-%d7%a8%d7%95%d7%96%d7%a0%d7%91%d7%9c%d7%98/","","","","","","","Review hospital roster record and department mapping before import.","","","",""
"reviewIssue","reviewIssue:cd441e1f4b5341921f","doctorDepartmentLink:490a79e442ab48b32a","doctor-827053ee3b7fc3c7","matchConfidenceReviewNeeded; ambiguityReason","maayanei-hayeshua","ביה""ח מעיני הישועה","פרופ' אלי סומך","https://www.mymc.co.il/doctors/eli-somech/","","","reviewNeeded","multipleMasterDeptHospitalRows","","https://www.mymc.co.il/","Confirm doctor-department mapping.","","","",""
"reviewIssue","reviewIssue:833ea0f34ebb56f590","canonicalDoctor:maayanei-hayeshua:doctor-827053ee3b7fc3c7","doctor-827053ee3b7fc3c7","rawHtmlStripped","maayanei-hayeshua","ביה""ח מעיני הישועה","פרופ' אלי סומך","https://www.mymc.co.il/doctors/eli-somech/","","","","","","","Review hospital roster record and department mapping before import.","","","",""
"reviewIssue","reviewIssue:e8c3a6fae7537eba83","doctorDepartmentLink:8783c54f4806324d91","doctor-0503a6762054a272","matchConfidenceReviewNeeded; ambiguityReason","maayanei-hayeshua","ביה""ח מעיני הישועה","פרופ' אריאל מני","https://www.mymc.co.il/doctors/prof-mani/","","","reviewNeeded","multipleMasterDeptHospitalRows","","https://www.mymc.co.il/","Confirm doctor-department mapping.","","","",""
"reviewIssue","reviewIssue:d07b78a1fe8fed4a40","canonicalDoctor:maayanei-hayeshua:doctor-0503a6762054a272","doctor-0503a6762054a272","rawHtmlStripped","maayanei-hayeshua","ביה""ח מעיני הישועה","פרופ' אריאל מני","https://www.mymc.co.il/doctors/prof-mani/","","","","","","","Review hospital roster record and department mapping before import.","","","",""
"reviewIssue","reviewIssue:491f608492600031ac","canonicalDoctor:maayanei-hayeshua:doctor-eef1e080ee66db90","doctor-eef1e080ee66db90","suspiciousName; overlongName; possibleProseExtraction","maayanei-hayeshua","ביה""ח מעיני הישועה","פרופ' יעקב אמיר מנהל היחידה למחלות זיהומיות ילדים פרופ' יעקב אמיר","https://www.mymc.co.il/doctors/professor-yaakov-amir/","","","","","","","Review hospital roster record and department mapping before import.","","","",""
"reviewIssue","reviewIssue:7e6bf04d665bb70706","canonicalDoctor:maayanei-hayeshua:doctor-1622a0cea99a9185","doctor-1622a0cea99a9185","rawHtmlStripped","maayanei-hayeshua","ביה""ח מעיני הישועה","פרופ' ישראל שטראוס","https://www.mymc.co.il/doctors/israel-straus/","","","","","","","Review hospital roster record and department mapping before import.","","","",""
"reviewIssue","reviewIssue:7349576db9bfc97351","canonicalDoctor:maayanei-hayeshua:doctor-7a4c54e417357bc6","doctor-7a4c54e417357bc6","suspiciousName; possibleProseExtraction","maayanei-hayeshua","ביה""ח מעיני הישועה","פרופ' תומר אבני מנהל המחלקה הפנימית","https://www.mymc.co.il/doctors/tomer-avni/","","","","","","","Review hospital roster record and department mapping before import.","","","",""
"reviewIssue","reviewIssue:ffc0fe4e9460158a38","doctorDepartmentLink:83de6fb4a3bd71e168","doctor-23b35560780765f4","matchConfidenceReviewNeeded; ambiguityReason","meir","מרכז רפואי מאיר","ד""ר אמיר עבדל קאדר","https://hospitals.clalit.co.il/meir/he/med/eyes/Pages/amirabed.aspx","","","reviewNeeded","multipleMasterDeptHospitalRows","","https://hospitals.clalit.co.il/meir/he/about/Pages/team.aspx","Confirm doctor-department mapping.","","","",""
"reviewIssue","reviewIssue:bc809505b01943a968","doctorDepartmentLink:cf462899ef5d9602e6","doctor-a3fb2d6c4e08868a","matchConfidenceReviewNeeded; ambiguityReason","meir","מרכז רפואי מאיר","ד""ר גיא טופז","https://hospitals.clalit.co.il/meir/he/about/Pages/Teams/%D7%93%D7%A8-%D7%92%D7%99%D7%90-%D7%98%D7%95%D7%A4%D7%96.aspx","","","reviewNeeded","multipleMasterDeptHospitalRows","","https://hospitals.clalit.co.il/meir/he/about/Pages/team.aspx","Confirm doctor-department mapping.","","","",""
"reviewIssue","reviewIssue:21c4a0132000c23902","doctorDepartmentLink:294a8e040a1451978c","doctor-91615935f85afc42","matchConfidenceReviewNeeded; ambiguityReason","meir","מרכז רפואי מאיר","ד""ר ירדנה משיח","https://hospitals.clalit.co.il/meir/he/med/gyne/ivf/Pages/yardena.aspx","","","reviewNeeded","multipleMasterDeptHospitalRows","","https://hospitals.clalit.co.il/meir/he/about/Pages/team.aspx","Confirm doctor-department mapping.","","","",""
"reviewIssue","reviewIssue:47f1df48916e8cc82b","doctorDepartmentLink:d4460d85f08e1e4e50","doctor-7301865ed248039f","matchConfidenceReviewNeeded; ambiguityReason","meir","מרכז רפואי מאיר","ד""ר נרימאן כבהא","https://hospitals.clalit.co.il/meir/he/about/Pages/Teams/%D7%93%D7%A8-%D7%A0%D7%A8%D7%99%D7%9E%D7%9F-%D7%9B%D7%91%D7%94%D7%90.aspx","","","reviewNeeded","multipleMasterDeptHospitalRows","","https://hospitals.clalit.co.il/meir/he/about/Pages/team.aspx","Confirm doctor-department mapping.","","","",""
"reviewIssue","reviewIssue:8d32ec16a82c82132e","doctorDepartmentLink:bca7e384656afdfe36","doctor-63fa963ede76c680","matchConfidenceReviewNeeded; ambiguityReason","meir","מרכז רפואי מאיר","ד""ר רועי אלון","https://hospitals.clalit.co.il/meir/he/med/eyes/Pages/ralon.aspx","","","reviewNeeded","multipleMasterDeptHospitalRows","","https://hospitals.clalit.co.il/meir/he/about/Pages/team.aspx","Confirm doctor-department mapping.","","","",""
"reviewIssue","reviewIssue:7d6a7e091e608ce28e","canonicalDoctor:nazareth-scottish:doctor-b4e4d5b8df1d7f55","doctor-b4e4d5b8df1d7f55","profileCoverageLow; listOnlyMostly; missingProfileUrl","nazareth-scottish","nazareth-scottish","ד""ר אורלי ברנדס- קליין","","","","","","","","Review hospital roster record and department mapping before import.","","","",""
"reviewIssue","reviewIssue:45c176280b14f51073","canonicalDoctor:nazareth-scottish:doctor-d0f294688b1ad992","doctor-d0f294688b1ad992","profileCoverageLow; listOnlyMostly; missingProfileUrl","nazareth-scottish","nazareth-scottish","ד""ר גליל חילו","","","","","","","","Review hospital roster record and department mapping before import.","","","",""
"reviewIssue","reviewIssue:88ebdd3781d61e98f7","canonicalDoctor:nazareth-scottish:doctor-32404b8f53a4fc0b","doctor-32404b8f53a4fc0b","profileCoverageLow; listOnlyMostly; missingProfileUrl","nazareth-scottish","nazareth-scottish","ד""ר גמאל עונאללה","","","","","","","","Review hospital roster record and department mapping before import.","","","",""
"reviewIssue","reviewIssue:e4f126c19693746113","canonicalDoctor:nazareth-scottish:doctor-9bf70e0b62b9b43f","doctor-9bf70e0b62b9b43f","profileCoverageLow; listOnlyMostly; missingProfileUrl","nazareth-scottish","nazareth-scottish","ד""ר זאהי יוסף","","","","","","","","Review hospital roster record and department mapping before import.","","","",""
"reviewIssue","reviewIssue:460e40c5d2c8f1ae10","canonicalDoctor:nazareth-scottish:doctor-bb1250456bdfd957","doctor-bb1250456bdfd957","profileCoverageLow; listOnlyMostly; missingProfileUrl","nazareth-scottish","nazareth-scottish","ד""ר יעקוב זכריאן","","","","","","","","Review hospital roster record and department mapping before import.","","","",""
"reviewIssue","reviewIssue:e018d7f8e9663b0963","canonicalDoctor:nazareth-scottish:doctor-c91010d789d71a91","doctor-c91010d789d71a91","profileCoverageLow; listOnlyMostly; missingProfileUrl","nazareth-scottish","nazareth-scottish","ד""ר מונא אגבאריה","","","","","","","","Review hospital roster record and department mapping before import.","","","",""
"reviewIssue","reviewIssue:55680d2b05359f9980","canonicalDoctor:nazareth-scottish:doctor-78a5bcd80f1300dd","doctor-78a5bcd80f1300dd","profileCoverageLow; listOnlyMostly; missingProfileUrl","nazareth-scottish","nazareth-scottish","ד""ר מוקבל שלח","","","","","","","","Review hospital roster record and department mapping before import.","","","",""
"reviewIssue","reviewIssue:a15a17a6f31914dc18","canonicalDoctor:nazareth-scottish:doctor-0c9462fd5bbf54f4","doctor-0c9462fd5bbf54f4","profileCoverageLow; listOnlyMostly; missingProfileUrl","nazareth-scottish","nazareth-scottish","ד""ר נג'יב נסראללה","","","","","","","","Review hospital roster record and department mapping before import.","","","",""
"reviewIssue","reviewIssue:450996daa89974d619","canonicalDoctor:nazareth-scottish:doctor-ffa63f8106e2a0e1","doctor-ffa63f8106e2a0e1","profileCoverageLow; listOnlyMostly; missingProfileUrl","nazareth-scottish","nazareth-scottish","ד""ר נורא חיסן","","","","","","","","Review hospital roster record and department mapping before import.","","","",""
"reviewIssue","reviewIssue:e7f0288e317fe22279","canonicalDoctor:nazareth-scottish:doctor-beb74663f78f0ea5","doctor-beb74663f78f0ea5","profileCoverageLow; listOnlyMostly; missingProfileUrl","nazareth-scottish","nazareth-scottish","ד""ר ניבאל ח'מאיסי","","","","","","","","Review hospital roster record and department mapping before import.","","","",""
"reviewIssue","reviewIssue:34464f4cc2c1f74d9a","canonicalDoctor:nazareth-scottish:doctor-23d03106b90e1367","doctor-23d03106b90e1367","profileCoverageLow; listOnlyMostly; missingProfileUrl","nazareth-scottish","nazareth-scottish","ד""ר ניבאל עואד חמאיסי","","","","","","","","Review hospital roster record and department mapping before import.","","","",""
"reviewIssue","reviewIssue:2fbeb97a98a01ea7f8","canonicalDoctor:nazareth-scottish:doctor-b4d11238646ead4c","doctor-b4d11238646ead4c","profileCoverageLow; listOnlyMostly; missingProfileUrl","nazareth-scottish","nazareth-scottish","ד""ר סוהאד מחאמיד","","","","","","","","Review hospital roster record and department mapping before import.","","","",""
"reviewIssue","reviewIssue:90c443a86e243da37a","canonicalDoctor:nazareth-scottish:doctor-1394867b6fe64ad1","doctor-1394867b6fe64ad1","profileCoverageLow; listOnlyMostly; missingProfileUrl","nazareth-scottish","nazareth-scottish","ד""ר סוזן מיכאיל מוסטפא","","","","","","","","Review hospital roster record and department mapping before import.","","","",""
"reviewIssue","reviewIssue:0d5d97f9a36976090d","canonicalDoctor:nazareth-scottish:doctor-f7fc1b51c6c471fb","doctor-f7fc1b51c6c471fb","profileCoverageLow; listOnlyMostly; missingProfileUrl","nazareth-scottish","nazareth-scottish","ד""ר עאמר ספורי","","","","","","","","Review hospital roster record and department mapping before import.","","","",""
"reviewIssue","reviewIssue:e7aad3b6dc0f22bb92","canonicalDoctor:nazareth-scottish:doctor-a367a096ca37c1f4","doctor-a367a096ca37c1f4","profileCoverageLow; listOnlyMostly; missingProfileUrl","nazareth-scottish","nazareth-scottish","ד""ר עלי מפרע","","","","","","","","Review hospital roster record and department mapping before import.","","","",""
"reviewIssue","reviewIssue:cfcb948bcb1e44f4e3","canonicalDoctor:nazareth-scottish:doctor-dbe6f8dd79a425c1","doctor-dbe6f8dd79a425c1","profileCoverageLow; listOnlyMostly; missingProfileUrl","nazareth-scottish","nazareth-scottish","ד""ר פאדי זועבי","","","","","","","","Review hospital roster record and department mapping before import.","","","",""
"reviewIssue","reviewIssue:9590ab217465b9c291","canonicalDoctor:nazareth-scottish:doctor-e38154cb38570ef6","doctor-e38154cb38570ef6","profileCoverageLow; listOnlyMostly; missingProfileUrl","nazareth-scottish","nazareth-scottish","ד""ר פאדל אבו סביה","","","","","","","","Review hospital roster record and department mapping before import.","","","",""
"reviewIssue","reviewIssue:d44017fde5f937d93c","canonicalDoctor:nazareth-scottish:doctor-f3d5de4adbb07042","doctor-f3d5de4adbb07042","profileCoverageLow; listOnlyMostly; missingProfileUrl","nazareth-scottish","nazareth-scottish","ד""ר פארס אל קיש","","","","","","","","Review hospital roster record and department mapping before import.","","","",""
"reviewIssue","reviewIssue:413d3ad2029b15a6aa","canonicalDoctor:nazareth-scottish:doctor-060c5cb45dd0e965","doctor-060c5cb45dd0e965","profileCoverageLow; listOnlyMostly; missingProfileUrl","nazareth-scottish","nazareth-scottish","ד""ר שאדי בדעאן","","","","","","","","Review hospital roster record and department mapping before import.","","","",""
"reviewIssue","reviewIssue:a92ce48251a2f02449","canonicalDoctor:nazareth-scottish:doctor-e1f803c277101d3c","doctor-e1f803c277101d3c","profileCoverageLow; listOnlyMostly; missingProfileUrl","nazareth-scottish","nazareth-scottish","פרופ' שמעון מרטיק","","","","","","","","Review hospital roster record and department mapping before import.","","","",""
"reviewIssue","reviewIssue:fe4d166df9f200ba40","canonicalDoctor:poria:doctor-a4c992f81befbd0c","doctor-a4c992f81befbd0c","listOnlyMostly","poria","poria","ד""ר אדיב ניקולא","https://www.poria.health.gov.il/?CategoryID=2554&ArticleID=6374","","","","","","","Review hospital roster record and department mapping before import.","","","",""
"reviewIssue","reviewIssue:5330c3b8c2504986ef","canonicalDoctor:poria:doctor-e1b99f4b3f4016e9","doctor-e1b99f4b3f4016e9","profileCoverageLow; listOnlyMostly; missingProfileUrl; suspiciousName; possibleProseExtraction","poria","poria","ד""ר אמיתי אוברמןאחות אחראית","","","","","","","","Review hospital roster record and department mapping before import.","","","",""
"reviewIssue","reviewIssue:d324fc25c73ba646c2","canonicalDoctor:poria:doctor-1f21d8ad5b047331","doctor-1f21d8ad5b047331","suspiciousName; possibleProseExtraction","poria","poria","ד""ר אמיתי אוברמןאחות אחראית","https://www.poria.org.il/?CategoryID=2722","","","","","","","Review hospital roster record and department mapping before import.","","","",""
"reviewIssue","reviewIssue:fa673bc99f50a69b1e","canonicalDoctor:poria:doctor-e42a7eb125d843d3","doctor-e42a7eb125d843d3","listOnlyMostly","poria","poria","ד""ר יורי פרליץ","http://www.poria.health.gov.il/?CategoryID=2123&ArticleID=3117","","","","","","","Review hospital roster record and department mapping before import.","","","",""
"reviewIssue","reviewIssue:965c937ef135346a05","canonicalDoctor:rabin:doctor-2208de54346e1357","doctor-2208de54346e1357","hospitalRosterOnly","rabin","ביה""ח השרון מרכז רפואי רבין","ד""ר אביתר נשר","https://hospitals.clalit.co.il/rabin/he/departments-and-clinics/organ-transplantation/Pages/dr_e_nesher.aspx","","","","","","","Review hospital roster record and department mapping before import.","","","",""
"reviewIssue","reviewIssue:8ed9f82c225751b4b5","canonicalDoctor:rabin:doctor-13097a626bf2c5ca","doctor-13097a626bf2c5ca","hospitalRosterOnly","rabin","ביה""ח השרון מרכז רפואי רבין","ד""ר אוהד שושני","https://hospitals.clalit.co.il/rabin/he/departments-and-clinics/urology/Pages/sexual_function_and_fertility.aspx","","","","","","","Review hospital roster record and department mapping before import.","","","",""
"reviewIssue","reviewIssue:6602bc3690fbbeed7c","canonicalDoctor:rabin:doctor-a06bbf760bb48a42","doctor-a06bbf760bb48a42","hospitalRosterOnly","rabin","ביה""ח השרון מרכז רפואי רבין","ד""ר און רוזן","https://hospitals.clalit.co.il/rabin/he/departments-and-clinics/nashimbeilinson/Pages/dr_o_rozen.aspx","","","","","","","Review hospital roster record and department mapping before import.","","","",""
"reviewIssue","reviewIssue:cd98ac5518030661e5","canonicalDoctor:rabin:doctor-2d235569add77925","doctor-2d235569add77925","hospitalRosterOnly","rabin","ביה""ח השרון מרכז רפואי רבין","ד""ר אורלי סנה ארביב","https://hospitals.clalit.co.il/rabin/he/departments-and-clinics/liver/Pages/dr_o_sne_arviv.aspx","","","","","","","Review hospital roster record and department mapping before import.","","","",""
"reviewIssue","reviewIssue:03b54c279b527c8f44","canonicalDoctor:rabin:doctor-0635732fe28d16c9","doctor-0635732fe28d16c9","hospitalRosterOnly","rabin","ביה""ח השרון מרכז רפואי רבין","ד""ר איתי גבאי","https://hospitals.clalit.co.il/rabin/he/departments-and-clinics/ophthalmology/Pages/dr_i_gabbay.aspx","","","","","","","Review hospital roster record and department mapping before import.","","","",""
"reviewIssue","reviewIssue:e0143b4dae0134fdcf","canonicalDoctor:rabin:doctor-92273e04115ed302","doctor-92273e04115ed302","hospitalRosterOnly","rabin","ביה""ח השרון מרכז רפואי רבין","ד""ר אסנת שטרייכמן","https://hospitals.clalit.co.il/rabin/he/departments-and-clinics/pulmonary/Pages/dr_o_shtraichman.aspx","","","","","","","Review hospital roster record and department mapping before import.","","","",""
"reviewIssue","reviewIssue:35be57734dce284703","canonicalDoctor:rabin:doctor-5d13e93dbb035a13","doctor-5d13e93dbb035a13","hospitalRosterOnly","rabin","ביה""ח השרון מרכז רפואי רבין","ד""ר אסף יששכר","https://hospitals.clalit.co.il/rabin/he/departments-and-clinics/liver/Pages/dr_a_isaschar.aspx","","","","","","","Review hospital roster record and department mapping before import.","","","",""
"reviewIssue","reviewIssue:c2e323c431c3194601","canonicalDoctor:rabin:doctor-fd19469e265efcaf","doctor-fd19469e265efcaf","hospitalRosterOnly","rabin","ביה""ח השרון מרכז רפואי רבין","ד""ר בן בן אברהם","https://hospitals.clalit.co.il/rabin/he/departments-and-clinics/cardiology/Pages/dr_b_ben_avraham.aspx","","","","","","","Review hospital roster record and department mapping before import.","","","",""
"reviewIssue","reviewIssue:338ddcbb43358f5835","canonicalDoctor:rabin:doctor-7ab4eba20a100fdc","doctor-7ab4eba20a100fdc","hospitalRosterOnly","rabin","ביה""ח השרון מרכז רפואי רבין","ד""ר גל אבישי","https://hospitals.clalit.co.il/rabin/he/departments-and-clinics/oral-and-maxillofacial-surgery/Pages/dr_g_avishay.aspx","","","","","","","Review hospital roster record and department mapping before import.","","","",""
"reviewIssue","reviewIssue:e4dd8992f6c870e448","canonicalDoctor:rabin:doctor-51a80c467763eb84","doctor-51a80c467763eb84","hospitalRosterOnly","rabin","ביה""ח השרון מרכז רפואי רבין","ד""ר גלית סיבק","https://hospitals.clalit.co.il/rabin/he/departments-and-clinics/vascular-surgery/Pages/dr_g_sivak.aspx","","","","","","","Review hospital roster record and department mapping before import.","","","",""
"reviewIssue","reviewIssue:937d3949ba8cec5013","canonicalDoctor:rabin:doctor-bb9052e2cb2ddc98","doctor-bb9052e2cb2ddc98","hospitalRosterOnly","rabin","ביה""ח השרון מרכז רפואי רבין","ד""ר גרגורי גולובצ'ינר","https://hospitals.clalit.co.il/rabin/he/departments-and-clinics/cardiology/Pages/dr_g_golobziner.aspx","","","","","","","Review hospital roster record and department mapping before import.","","","",""
"reviewIssue","reviewIssue:c69e1ee706a6daedb2","canonicalDoctor:rabin:doctor-8261d92649271de4","doctor-8261d92649271de4","hospitalRosterOnly","rabin","ביה""ח השרון מרכז רפואי רבין","ד""ר דוד בן מאיר","https://hospitals.clalit.co.il/rabin/he/departments-and-clinics/urology/Pages/pediatric_urology.aspx","","","","","","","Review hospital roster record and department mapping before import.","","","",""
"reviewIssue","reviewIssue:ec247a75e93fb626d1","canonicalDoctor:rabin:doctor-26911b9d472abb6d","doctor-26911b9d472abb6d","hospitalRosterOnly","rabin","ביה""ח השרון מרכז רפואי רבין","ד""ר דורית אשר","https://hospitals.clalit.co.il/rabin/he/departments-and-clinics/nashimbeilinson/Pages/dr_d_asher.aspx","","","","","","","Review hospital roster record and department mapping before import.","","","",""
"reviewIssue","reviewIssue:6c7016c4324fe7e4ef","canonicalDoctor:rabin:doctor-b4f18f2011acf726","doctor-b4f18f2011acf726","hospitalRosterOnly","rabin","ביה""ח השרון מרכז רפואי רבין","ד""ר דניאל ריינהורן","https://hospitals.clalit.co.il/rabin/he/departments-and-clinics/dvidoff-center/Pages/dr_d_reinhorn.aspx","","","","","","","Review hospital roster record and department mapping before import.","","","",""
"reviewIssue","reviewIssue:e1cf702e51e1a80ce6","canonicalDoctor:rabin:doctor-a67ab45441af0391","doctor-a67ab45441af0391","hospitalRosterOnly","rabin","ביה""ח השרון מרכז רפואי רבין","ד""ר דרור לוינר","https://hospitals.clalit.co.il/rabin/he/departments-and-clinics/cardiothoracic-surgery/Pages/dr_d_leviner.aspx","","","","","","","Review hospital roster record and department mapping before import.","","","",""
"reviewIssue","reviewIssue:8ed87c011c444ccac8","canonicalDoctor:rabin:doctor-4fb994e2009d4cf0","doctor-4fb994e2009d4cf0","hospitalRosterOnly","rabin","ביה""ח השרון מרכז רפואי רבין","ד""ר דרור רוזנגרטן","https://hospitals.clalit.co.il/rabin/he/departments-and-clinics/pulmonary/Pages/dr_d_rosengarten.aspx","","","","","","","Review hospital roster record and department mapping before import.","","","",""
"reviewIssue","reviewIssue:70ae69c524537e5a82","canonicalDoctor:rabin:doctor-19fcaa23e7824b6e","doctor-19fcaa23e7824b6e","hospitalRosterOnly; suspiciousName","rabin","ביה""ח השרון מרכז רפואי רבין","ד""ר הנרי סמואלי וד""ר סוזן סמואלי תרמו","https://hospitals.clalit.co.il/rabin/he/news/news_2026/Pages/the_biggest_donation.aspx","","","","","","","Review hospital roster record and department mapping before import.","","","",""
"reviewIssue","reviewIssue:430b5eda36872666aa","canonicalDoctor:rabin:doctor-edc7ad9a92a0e5db","doctor-edc7ad9a92a0e5db","hospitalRosterOnly","rabin","ביה""ח השרון מרכז רפואי רבין","ד""ר חנה גילת","https://hospitals.clalit.co.il/rabin/he/departments-and-clinics/otolaryngology-head-and-neck-surgery/Pages/dr_h_gilat.aspx","","","","","","","Review hospital roster record and department mapping before import.","","","",""
"reviewIssue","reviewIssue:a76be43965e00d6e21","canonicalDoctor:rabin:doctor-25deedf82ee5fb61","doctor-25deedf82ee5fb61","hospitalRosterOnly","rabin","ביה""ח השרון מרכז רפואי רבין","ד""ר טל שגב","https://hospitals.clalit.co.il/rabin/he/departments-and-clinics/vascular-surgery/Pages/dr_t_segev.aspx","","","","","","","Review hospital roster record and department mapping before import.","","","",""
"reviewIssue","reviewIssue:e2e894c007cd7532de","canonicalDoctor:rabin:doctor-2f8235171446682a","doctor-2f8235171446682a","hospitalRosterOnly","rabin","ביה""ח השרון מרכז רפואי רבין","ד""ר יובל יניב","https://hospitals.clalit.co.il/rabin/he/departments-and-clinics/nashimbeilinson/Pages/dr_y_yaniv.aspx","","","","","","","Review hospital roster record and department mapping before import.","","","",""
"reviewIssue","reviewIssue:f1b6314016b93bb3c9","canonicalDoctor:rabin:doctor-b9232e99a17a5ae8","doctor-b9232e99a17a5ae8","hospitalRosterOnly","rabin","ביה""ח השרון מרכז רפואי רבין","ד""ר יפעת שניר","https://hospitals.clalit.co.il/rabin/he/departments-and-clinics/gastroenterology/Pages/dr_y_snir.aspx","","","","","","","Review hospital roster record and department mapping before import.","","","",""
"reviewIssue","reviewIssue:ed062cb0984669361f","canonicalDoctor:rabin:doctor-fcbb828676751762","doctor-fcbb828676751762","hospitalRosterOnly","rabin","ביה""ח השרון מרכז רפואי רבין","ד""ר מוחמד כתאנה","https://hospitals.clalit.co.il/rabin/he/departments-and-clinics/orthopedics/Pages/dr_m_kittani.aspx","","","","","","","Review hospital roster record and department mapping before import.","","","",""
"reviewIssue","reviewIssue:4477340f4132414aa2","canonicalDoctor:rabin:doctor-e9dbd5ed65cc6993","doctor-e9dbd5ed65cc6993","hospitalRosterOnly","rabin","ביה""ח השרון מרכז רפואי רבין","ד""ר מיכל כהן","https://hospitals.clalit.co.il/rabin/he/departments-and-clinics/liver/Pages/dr_mi_cohen.aspx","","","","","","","Review hospital roster record and department mapping before import.","","","",""
"reviewIssue","reviewIssue:badbc38daf5e024c57","canonicalDoctor:rabin:doctor-923fa94eed04c314","doctor-923fa94eed04c314","hospitalRosterOnly","rabin","ביה""ח השרון מרכז רפואי רבין","ד""ר נטע לב","https://hospitals.clalit.co.il/rabin/he/departments-and-clinics/nephrology-and-hypertension/Pages/dr_n_lev.aspx","","","","","","","Review hospital roster record and department mapping before import.","","","",""
"reviewIssue","reviewIssue:e70094f90d65ae37a6","canonicalDoctor:rabin:doctor-49517f60ff2c2be0","doctor-49517f60ff2c2be0","hospitalRosterOnly","rabin","ביה""ח השרון מרכז רפואי רבין","ד""ר סלבה ברד","https://hospitals.clalit.co.il/rabin/he/departments-and-clinics/surgery/Pages/dr_b_slava.aspx","","","","","","","Review hospital roster record and department mapping before import.","","","",""
"reviewIssue","reviewIssue:6d866999006b43e26b","canonicalDoctor:rabin:doctor-8a5c102750e5ba80","doctor-8a5c102750e5ba80","hospitalRosterOnly","rabin","ביה""ח השרון מרכז רפואי רבין","ד""ר עינבל ברוך","https://hospitals.clalit.co.il/rabin/he/departments-and-clinics/cardiothoracic-surgery/Pages/dr_i_baruch.aspx","","","","","","","Review hospital roster record and department mapping before import.","","","",""
"reviewIssue","reviewIssue:c3374e10b98127396f","canonicalDoctor:rabin:doctor-12c1d24ea9d08a12","doctor-12c1d24ea9d08a12","hospitalRosterOnly","rabin","ביה""ח השרון מרכז רפואי רבין","ד""ר רוני חן","https://hospitals.clalit.co.il/rabin/he/departments-and-clinics/nashimbeilinson/Pages/dr_r-chen.aspx","","","","","","","Review hospital roster record and department mapping before import.","","","",""
"reviewIssue","reviewIssue:656b9e5815f25644fb","canonicalDoctor:rabin:doctor-67b0f77a138762ba","doctor-67b0f77a138762ba","hospitalRosterOnly","rabin","ביה""ח השרון מרכז רפואי רבין","ד""ר רותי רחמימוב","https://hospitals.clalit.co.il/rabin/he/departments-and-clinics/nephrology-and-hypertension/Pages/dr_r_rahamimov.aspx","","","","","","","Review hospital roster record and department mapping before import.","","","",""
"reviewIssue","reviewIssue:063f6da9721165d8bd","canonicalDoctor:rabin:doctor-4c6751cf6d3f1095","doctor-4c6751cf6d3f1095","hospitalRosterOnly","rabin","ביה""ח השרון מרכז רפואי רבין","ד""ר רני ברנע","https://hospitals.clalit.co.il/rabin/he/departments-and-clinics/neurology/Pages/dr_rani_barnea.aspx","","","","","","","Review hospital roster record and department mapping before import.","","","",""
"reviewIssue","reviewIssue:c2304896a8579425db","canonicalDoctor:rabin:doctor-be550b6b3b23d947","doctor-be550b6b3b23d947","hospitalRosterOnly","rabin","ביה""ח השרון מרכז רפואי רבין","ד""ר שחר אהרוני","https://hospitals.clalit.co.il/rabin/he/departments-and-clinics/urology/Pages/functional_urology.aspx","","","","","","","Review hospital roster record and department mapping before import.","","","",""
"reviewIssue","reviewIssue:34fe40967e19571b25","canonicalDoctor:rabin:doctor-5ac711499bcb1a58","doctor-5ac711499bcb1a58","hospitalRosterOnly","rabin","ביה""ח השרון מרכז רפואי רבין","ד""ר שירית כזום-בייזר","https://hospitals.clalit.co.il/rabin/he/departments-and-clinics/cardiology/Pages/dr_s_kazum_Beiser.aspx","","","","","","","Review hospital roster record and department mapping before import.","","","",""
"reviewIssue","reviewIssue:393250636ab79b4de1","canonicalDoctor:rabin:doctor-dfe9671dd857b5c4","doctor-dfe9671dd857b5c4","hospitalRosterOnly","rabin","ביה""ח השרון מרכז רפואי רבין","פרופ' איתן אוריאל","https://hospitals.clalit.co.il/rabin/he/departments-and-clinics/neurology/Pages/prof_e_auriel.aspx","","","","","","","Review hospital roster record and department mapping before import.","","","",""
"reviewIssue","reviewIssue:873d69c22eed433941","canonicalDoctor:rabin:doctor-d40084d26965a82c","doctor-d40084d26965a82c","hospitalRosterOnly","rabin","ביה""ח השרון מרכז רפואי רבין","פרופ' גל מרקל","https://hospitals.clalit.co.il/rabin/he/departments-and-clinics/dvidoff-center/Pages/prof_g_markel.aspx","","","","","","","Review hospital roster record and department mapping before import.","","","",""
"reviewIssue","reviewIssue:3f289f51fdd77cfb86","canonicalDoctor:rabin:doctor-92c789f003fdb627","doctor-92c789f003fdb627","hospitalRosterOnly","rabin","ביה""ח השרון מרכז רפואי רבין","פרופ' דוד ליפשיץ","https://hospitals.clalit.co.il/rabin/he/departments-and-clinics/urology/Pages/endourology_and_stones.aspx","","","","","","","Review hospital roster record and department mapping before import.","","","",""
"reviewIssue","reviewIssue:18d213ec6cca60e99c","canonicalDoctor:rabin:doctor-cb9385962bd550b4","doctor-cb9385962bd550b4","hospitalRosterOnly","rabin","ביה""ח השרון מרכז רפואי רבין","פרופ' דן געתון","https://hospitals.clalit.co.il/rabin/he/departments-and-clinics/ophthalmology/Pages/prof_d_gaton.aspx","","","","","","","Review hospital roster record and department mapping before import.","","","",""
"reviewIssue","reviewIssue:6d5446bf7847faa8db","canonicalDoctor:rabin:doctor-1d6950eb46daa4a9","doctor-1d6950eb46daa4a9","hospitalRosterOnly","rabin","ביה""ח השרון מרכז רפואי רבין","פרופ' ערן שדות","https://hospitals.clalit.co.il/rabin/he/departments-and-clinics/surgery/Pages/dr_e_sadot.aspx","","","","","","","Review hospital roster record and department mapping before import.","","","",""
"reviewIssue","reviewIssue:44413581d1cdef787c","canonicalDoctor:rabin:doctor-3ab16a85f482fca2","doctor-3ab16a85f482fca2","hospitalRosterOnly","rabin","ביה""ח השרון מרכז רפואי רבין","פרופ' שי גולן","https://hospitals.clalit.co.il/rabin/he/departments-and-clinics/urology/Pages/urological_oncology.aspx","","","","","","","Review hospital roster record and department mapping before import.","","","",""
"reviewIssue","reviewIssue:688ffd56a5f0798bf0","canonicalDoctor:saint-vincent:doctor-bfcca47ca855fb5e","doctor-bfcca47ca855fb5e","profileCoverageLow; listOnlyMostly; missingProfileUrl","saint-vincent","saint-vincent","ד""ר אחמד זרקאוי","","","","","","","","Review hospital roster record and department mapping before import.","","","",""
"reviewIssue","reviewIssue:984f8305c8e362d7d1","canonicalDoctor:saint-vincent:doctor-cb20806d724cda8f","doctor-cb20806d724cda8f","profileCoverageLow; listOnlyMostly; missingProfileUrl","saint-vincent","saint-vincent","ד""ר איאד ג'השאן","","","","","","","","Review hospital roster record and department mapping before import.","","","",""
"reviewIssue","reviewIssue:a5a51ca88aca534091","canonicalDoctor:saint-vincent:doctor-feedcd810351453b","doctor-feedcd810351453b","profileCoverageLow; listOnlyMostly; missingProfileUrl","saint-vincent","saint-vincent","ד""ר איימן חסאדיה","","","","","","","","Review hospital roster record and department mapping before import.","","","",""
"reviewIssue","reviewIssue:6d56ef10be4ffabd0f","canonicalDoctor:saint-vincent:doctor-a050e828ec397bfa","doctor-a050e828ec397bfa","profileCoverageLow; listOnlyMostly; missingProfileUrl","saint-vincent","saint-vincent","ד""ר אליאס עואד","","","","","","","","Review hospital roster record and department mapping before import.","","","",""
"reviewIssue","reviewIssue:1d922af0ab0c37c157","canonicalDoctor:saint-vincent:doctor-20dfabeb59f330a1","doctor-20dfabeb59f330a1","profileCoverageLow; listOnlyMostly; missingProfileUrl","saint-vincent","saint-vincent","ד""ר אמירה סראחנה- המטולוגיה ואונקולוגיה ילדים","","","","","","","","Review hospital roster record and department mapping before import.","","","",""
"reviewIssue","reviewIssue:421e5b9c2334735f68","canonicalDoctor:saint-vincent:doctor-41fbe6884cbe3d6d","doctor-41fbe6884cbe3d6d","profileCoverageLow; listOnlyMostly; missingProfileUrl","saint-vincent","saint-vincent","ד""ר אקילא נאסר","","","","","","","","Review hospital roster record and department mapping before import.","","","",""
"reviewIssue","reviewIssue:5474a811e9d60a8fec","canonicalDoctor:saint-vincent:doctor-5568d00808441fd5","doctor-5568d00808441fd5","profileCoverageLow; listOnlyMostly; missingProfileUrl","saint-vincent","saint-vincent","ד""ר אראם ותד","","","","","","","","Review hospital roster record and department mapping before import.","","","",""
"reviewIssue","reviewIssue:dc10df30dc21a79e54","canonicalDoctor:saint-vincent:doctor-6de150197a90aed3","doctor-6de150197a90aed3","profileCoverageLow; listOnlyMostly; missingProfileUrl","saint-vincent","saint-vincent","ד""ר ביסאן חלומי","","","","","","","","Review hospital roster record and department mapping before import.","","","",""
"reviewIssue","reviewIssue:0d224b7654d720b9f6","canonicalDoctor:saint-vincent:doctor-f906e2191618004b","doctor-f906e2191618004b","profileCoverageLow; listOnlyMostly; missingProfileUrl","saint-vincent","saint-vincent","ד""ר ג'ומאנה סלאמה","","","","","","","","Review hospital roster record and department mapping before import.","","","",""
"reviewIssue","reviewIssue:9ccd2029261bdff5d6","canonicalDoctor:saint-vincent:doctor-b2d3de3534360c8a","doctor-b2d3de3534360c8a","profileCoverageLow; listOnlyMostly; missingProfileUrl","saint-vincent","saint-vincent","ד""ר ג'נאן אחמד","","","","","","","","Review hospital roster record and department mapping before import.","","","",""
"reviewIssue","reviewIssue:36bfc5ff84eb651e9f","canonicalDoctor:saint-vincent:doctor-f448cbdee73901c9","doctor-f448cbdee73901c9","profileCoverageLow; listOnlyMostly; missingProfileUrl","saint-vincent","saint-vincent","ד""ר גודנה חאג'-סלמאן","","","","","","","","Review hospital roster record and department mapping before import.","","","",""
"reviewIssue","reviewIssue:e547079fc229d2a1ef","canonicalDoctor:saint-vincent:doctor-04d684e58744673a","doctor-04d684e58744673a","profileCoverageLow; listOnlyMostly; missingProfileUrl","saint-vincent","saint-vincent","ד""ר גמיל אנדראויס","","","","","","","","Review hospital roster record and department mapping before import.","","","",""
"reviewIssue","reviewIssue:04fd2f2c85fa5ced7d","canonicalDoctor:saint-vincent:doctor-5cfe5c01245cd95d","doctor-5cfe5c01245cd95d","profileCoverageLow; listOnlyMostly; missingProfileUrl","saint-vincent","saint-vincent","ד""ר דיב רחאל","","","","","","","","Review hospital roster record and department mapping before import.","","","",""
"reviewIssue","reviewIssue:75ec47e797a05bcd6a","canonicalDoctor:saint-vincent:doctor-55b15c9aa3577aab","doctor-55b15c9aa3577aab","profileCoverageLow; listOnlyMostly; missingProfileUrl","saint-vincent","saint-vincent","ד""ר ואיל גרוס","","","","","","","","Review hospital roster record and department mapping before import.","","","",""
"reviewIssue","reviewIssue:bf2add3974cb16ae64","canonicalDoctor:saint-vincent:doctor-0146abf2dbe10dfa","doctor-0146abf2dbe10dfa","profileCoverageLow; listOnlyMostly; missingProfileUrl","saint-vincent","saint-vincent","ד""ר ויסאם שקור","","","","","","","","Review hospital roster record and department mapping before import.","","","",""
"reviewIssue","reviewIssue:7f6c7e6f0bf6935537","canonicalDoctor:saint-vincent:doctor-2920f235ce417efb","doctor-2920f235ce417efb","profileCoverageLow; listOnlyMostly; missingProfileUrl","saint-vincent","saint-vincent","ד""ר ח'ואלה ח'ורי","","","","","","","","Review hospital roster record and department mapping before import.","","","",""
"reviewIssue","reviewIssue:a5eef16ed444b811e6","canonicalDoctor:saint-vincent:doctor-7f4ebf3fda9b9622","doctor-7f4ebf3fda9b9622","profileCoverageLow; listOnlyMostly; missingProfileUrl","saint-vincent","saint-vincent","ד""ר יוסף מוסא","","","","","","","","Review hospital roster record and department mapping before import.","","","",""
"reviewIssue","reviewIssue:ffc2f13317587b73ac","canonicalDoctor:saint-vincent:doctor-35df413cf87a5b9a","doctor-35df413cf87a5b9a","profileCoverageLow; listOnlyMostly; missingProfileUrl","saint-vincent","saint-vincent","ד""ר כמאל אמטאנס","","","","","","","","Review hospital roster record and department mapping before import.","","","",""
"reviewIssue","reviewIssue:888aa795af7fbee0f9","canonicalDoctor:saint-vincent:doctor-b2533ac61238f943","doctor-b2533ac61238f943","profileCoverageLow; listOnlyMostly; missingProfileUrl","saint-vincent","saint-vincent","ד""ר לואי עומרי","","","","","","","","Review hospital roster record and department mapping before import.","","","",""
"reviewIssue","reviewIssue:d80f17e13d40d97a81","canonicalDoctor:saint-vincent:doctor-5a63cd74f30d4d41","doctor-5a63cd74f30d4d41","profileCoverageLow; listOnlyMostly; missingProfileUrl","saint-vincent","saint-vincent","ד""ר מג'ד סוסאן","","","","","","","","Review hospital roster record and department mapping before import.","","","",""
"reviewIssue","reviewIssue:c0974bc998f02d8189","canonicalDoctor:saint-vincent:doctor-29bb9ce8aded681e","doctor-29bb9ce8aded681e","profileCoverageLow; listOnlyMostly; missingProfileUrl","saint-vincent","saint-vincent","ד""ר מג'דולין גנאים","","","","","","","","Review hospital roster record and department mapping before import.","","","",""
"reviewIssue","reviewIssue:b5fb921aa770655d3d","canonicalDoctor:saint-vincent:doctor-6493865a91bafd6b","doctor-6493865a91bafd6b","profileCoverageLow; listOnlyMostly; missingProfileUrl","saint-vincent","saint-vincent","ד""ר מוחמד ח'לאילה","","","","","","","","Review hospital roster record and department mapping before import.","","","",""
"reviewIssue","reviewIssue:dbd708399e86910098","canonicalDoctor:saint-vincent:doctor-aabb82177bbebda4","doctor-aabb82177bbebda4","profileCoverageLow; listOnlyMostly; missingProfileUrl","saint-vincent","saint-vincent","ד""ר מיסא חמדאן","","","","","","","","Review hospital roster record and department mapping before import.","","","",""
"reviewIssue","reviewIssue:7bb79f273dd21867da","canonicalDoctor:saint-vincent:doctor-9012144e5a709e30","doctor-9012144e5a709e30","profileCoverageLow; listOnlyMostly; missingProfileUrl","saint-vincent","saint-vincent","ד""ר מרואן חכים","","","","","","","","Review hospital roster record and department mapping before import.","","","",""
"reviewIssue","reviewIssue:174891e9da0caadf31","canonicalDoctor:saint-vincent:doctor-a75d03642ffd0f51","doctor-a75d03642ffd0f51","profileCoverageLow; listOnlyMostly; missingProfileUrl","saint-vincent","saint-vincent","ד""ר נזיה ג'השאן","","","","","","","","Review hospital roster record and department mapping before import.","","","",""
"reviewIssue","reviewIssue:35fc518bdb6313b896","canonicalDoctor:saint-vincent:doctor-ff4ae32fc2c56bc9","doctor-ff4ae32fc2c56bc9","profileCoverageLow; listOnlyMostly; missingProfileUrl","saint-vincent","saint-vincent","ד""ר נזיה עאסלי","","","","","","","","Review hospital roster record and department mapping before import.","","","",""
"reviewIssue","reviewIssue:c46737da39a02e6188","canonicalDoctor:saint-vincent:doctor-81aeaefb0105a968","doctor-81aeaefb0105a968","profileCoverageLow; listOnlyMostly; missingProfileUrl; suspiciousName; possibleProseExtraction","saint-vincent","saint-vincent","ד""ר נילי אטרש מנהלת היחידה למניעת זיהומים","","","","","","","","Review hospital roster record and department mapping before import.","","","",""
"reviewIssue","reviewIssue:8fd44fd8d6882bd19e","canonicalDoctor:saint-vincent:doctor-fb5c9a8308be60f4","doctor-fb5c9a8308be60f4","profileCoverageLow; listOnlyMostly; missingProfileUrl","saint-vincent","saint-vincent","ד""ר נסרין דאוד-זרייק","","","","","","","","Review hospital roster record and department mapping before import.","","","",""
"reviewIssue","reviewIssue:9d717f90c30601dd1e","canonicalDoctor:saint-vincent:doctor-effcdcde4140d5ac","doctor-effcdcde4140d5ac","profileCoverageLow; listOnlyMostly; missingProfileUrl","saint-vincent","saint-vincent","ד""ר עלאא אבו שרקי","","","","","","","","Review hospital roster record and department mapping before import.","","","",""
"reviewIssue","reviewIssue:a227828d1ba6bcd932","canonicalDoctor:saint-vincent:doctor-d0ddeb42ec764392","doctor-d0ddeb42ec764392","profileCoverageLow; listOnlyMostly; missingProfileUrl","saint-vincent","saint-vincent","ד""ר ראיסה גוצל","","","","","","","","Review hospital roster record and department mapping before import.","","","",""
"reviewIssue","reviewIssue:ce7a71b98d7af029d6","canonicalDoctor:saint-vincent:doctor-f382057a1ce8aec2","doctor-f382057a1ce8aec2","profileCoverageLow; listOnlyMostly; missingProfileUrl","saint-vincent","saint-vincent","ד""ר רואד קרואני","","","","","","","","Review hospital roster record and department mapping before import.","","","",""
"reviewIssue","reviewIssue:2ccbebc5729b160c1f","canonicalDoctor:saint-vincent:doctor-af6c4cabb541ddaf","doctor-af6c4cabb541ddaf","profileCoverageLow; listOnlyMostly; missingProfileUrl","saint-vincent","saint-vincent","ד""ר רובא אבו אחמד","","","","","","","","Review hospital roster record and department mapping before import.","","","",""
"reviewIssue","reviewIssue:e5bae442759acb66c5","canonicalDoctor:saint-vincent:doctor-f87bd2a4cf188439","doctor-f87bd2a4cf188439","profileCoverageLow; listOnlyMostly; missingProfileUrl","saint-vincent","saint-vincent","ד""ר רוקיה סרחאן","","","","","","","","Review hospital roster record and department mapping before import.","","","",""
"reviewIssue","reviewIssue:9ef7cab2dfd792ae00","canonicalDoctor:saint-vincent:doctor-e9555886f442ad70","doctor-e9555886f442ad70","profileCoverageLow; listOnlyMostly; missingProfileUrl","saint-vincent","saint-vincent","ד""ר רנין גובראן- עזאם","","","","","","","","Review hospital roster record and department mapping before import.","","","",""
"reviewIssue","reviewIssue:7c8fa917223b78728c","canonicalDoctor:saint-vincent:doctor-450399d9032b646f","doctor-450399d9032b646f","profileCoverageLow; listOnlyMostly; missingProfileUrl","saint-vincent","saint-vincent","ד""ר רשא חליליה- אלרגולוגיה ואימונולוגיה קלינית","","","","","","","","Review hospital roster record and department mapping before import.","","","",""
"reviewIssue","reviewIssue:5a006358dc396c2788","doctorDepartmentLink:7aced8d0d6759ac11b","doctor-1b1097ae17177b78","matchConfidenceReviewNeeded; ambiguityReason","saint-vincent","saint-vincent","פרופ' נאיל אליאסמנהל בית החולים","https://saint-vincent-hospital.org/%d7%a8%d7%95%d7%a4%d7%90%d7%99%d7%9d/%d7%93%d7%a8-%d7%a0%d7%90%d7%99%d7%9c-%d7%90%d7%9c%d7%99%d7%90%d7%a1/","","","reviewNeeded","multipleMasterDeptHospitalRows","","https://saint-vincent-hospital.org/%d7%a8%d7%95%d7%a4%d7%90%d7%99%d7%9d/","Confirm doctor-department mapping.","","","",""
"reviewIssue","reviewIssue:17418d392d46ea228d","canonicalDoctor:saint-vincent:doctor-1b1097ae17177b78","doctor-1b1097ae17177b78","profileCoverageLow","saint-vincent","saint-vincent","פרופ' נאיל אליאסמנהל בית החולים","https://saint-vincent-hospital.org/%d7%a8%d7%95%d7%a4%d7%90%d7%99%d7%9d/%d7%93%d7%a8-%d7%a0%d7%90%d7%99%d7%9c-%d7%90%d7%9c%d7%99%d7%90%d7%a1/","","","","","","","Review hospital roster record and department mapping before import.","","","",""
"reviewIssue","reviewIssue:48c675c2a5780ed337","canonicalDoctor:schneider:doctor-85c97fa54076e095","doctor-85c97fa54076e095","profileCoverageLow; listOnlyMostly; missingProfileUrl","schneider","schneider","ד""ר איתי ברגר","","","","","","","","Review hospital roster record and department mapping before import.","","","",""
"reviewIssue","reviewIssue:ab8025d398c71a24be","canonicalDoctor:schneider:doctor-0177edb38b425ef3","doctor-0177edb38b425ef3","profileCoverageLow; listOnlyMostly; missingProfileUrl","schneider","schneider","ד""ר יהונתן פסטרנק","","","","","","","","Review hospital roster record and department mapping before import.","","","",""
"reviewIssue","reviewIssue:00564146dcc17e7050","canonicalDoctor:schneider:doctor-964b5f09ed632f07","doctor-964b5f09ed632f07","profileCoverageLow; listOnlyMostly; missingProfileUrl","schneider","schneider","ד""ר יואל לוינסקי ד''ר נופר מרכוס","","","","","","","","Review hospital roster record and department mapping before import.","","","",""
"reviewIssue","reviewIssue:e6be0c66c62ca99730","canonicalDoctor:schneider:doctor-1aabcba5f808b7f3","doctor-1aabcba5f808b7f3","profileCoverageLow; listOnlyMostly; missingProfileUrl","schneider","schneider","ד""ר לוטם גולדברג","","","","","","","","Review hospital roster record and department mapping before import.","","","",""
"reviewIssue","reviewIssue:b824cce0de7b631ec1","canonicalDoctor:schneider:doctor-2d1124b1c6193832","doctor-2d1124b1c6193832","profileCoverageLow; listOnlyMostly; missingProfileUrl","schneider","schneider","ד""ר ליעד אבנרי","","","","","","","","Review hospital roster record and department mapping before import.","","","",""
"reviewIssue","reviewIssue:2902e6a1f0a313b91d","canonicalDoctor:schneider:doctor-81a96e83f479d228","doctor-81a96e83f479d228","profileCoverageLow; listOnlyMostly; missingProfileUrl","schneider","schneider","ד""ר לנה ציון","","","","","","","","Review hospital roster record and department mapping before import.","","","",""
"reviewIssue","reviewIssue:5008d9ed3b557fee26","canonicalDoctor:schneider:doctor-ef36825ea539dd40","doctor-ef36825ea539dd40","profileCoverageLow","schneider","schneider","ד""ר מירב מור","https://www.schneider.org.il/?CategoryID=1136&ArticleID=4128","","","","","","","Review hospital roster record and department mapping before import.","","","",""
"reviewIssue","reviewIssue:a81badcf35ff9a4677","canonicalDoctor:schneider:doctor-861f091af453752b","doctor-861f091af453752b","profileCoverageLow","schneider","schneider","ד""ר ניר סמואל","https://www.schneider.org.il/?CategoryID=1404&ArticleID=51","","","","","","","Review hospital roster record and department mapping before import.","","","",""
"reviewIssue","reviewIssue:1fedd1c7a566eb584f","canonicalDoctor:schneider:doctor-db9c9a9c9f8eeae0","doctor-db9c9a9c9f8eeae0","profileCoverageLow; listOnlyMostly; missingProfileUrl","schneider","schneider","ד""ר נמרוד זקס","","","","","","","","Review hospital roster record and department mapping before import.","","","",""
"reviewIssue","reviewIssue:bb74f3252fd178e637","canonicalDoctor:schneider:doctor-9423620571c065d0","doctor-9423620571c065d0","profileCoverageLow","schneider","schneider","ד""ר ערן משיח","https://www.schneider.org.il/?CategoryID=1136&ArticleID=4130","","","","","","","Review hospital roster record and department mapping before import.","","","",""
"reviewIssue","reviewIssue:84409ede7bad5ec820","canonicalDoctor:schneider:doctor-20254b8ff77ec29c","doctor-20254b8ff77ec29c","profileCoverageLow; listOnlyMostly; missingProfileUrl","schneider","schneider","ד""ר ערן רום","","","","","","","","Review hospital roster record and department mapping before import.","","","",""
"reviewIssue","reviewIssue:fede2fb82321b11467","canonicalDoctor:schneider:doctor-095f9d0348a9941a","doctor-095f9d0348a9941a","profileCoverageLow","schneider","schneider","ד""ר רון ברנט","https://www.schneider.org.il/?CategoryID=1136&ArticleID=4124","","","","","","","Review hospital roster record and department mapping before import.","","","",""
"reviewIssue","reviewIssue:0bfdbacd98099e9056","canonicalDoctor:schneider:doctor-e158cea5bd7cb54d","doctor-e158cea5bd7cb54d","profileCoverageLow; listOnlyMostly; missingProfileUrl","schneider","schneider","ד""ר רחלי גביש","","","","","","","","Review hospital roster record and department mapping before import.","","","",""
"reviewIssue","reviewIssue:1bd4b132ef24baf7b0","canonicalDoctor:schneider:doctor-f9840d88018f232c","doctor-f9840d88018f232c","profileCoverageLow; listOnlyMostly; missingProfileUrl","schneider","schneider","ד""ר שירי רובין","","","","","","","","Review hospital roster record and department mapping before import.","","","",""
"reviewIssue","reviewIssue:298e2004d68bf4597f","canonicalDoctor:schneider:doctor-72eec2c355585c52","doctor-72eec2c355585c52","profileCoverageLow; listOnlyMostly; missingProfileUrl","schneider","schneider","פרופ' אפרים בילבסקי","","","","","","","","Review hospital roster record and department mapping before import.","","","",""
"reviewIssue","reviewIssue:c7d5b1edcabee55c2e","canonicalDoctor:schneider:doctor-14f9e01b64eef9a1","doctor-14f9e01b64eef9a1","profileCoverageLow; listOnlyMostly; missingProfileUrl","schneider","schneider","פרופ' גילת לבני","","","","","","","","Review hospital roster record and department mapping before import.","","","",""
"reviewIssue","reviewIssue:9502e6ecd90fdca322","canonicalDoctor:schneider:doctor-36097a87e98b582f","doctor-36097a87e98b582f","profileCoverageLow; listOnlyMostly; missingProfileUrl","schneider","schneider","פרופ' גילת לבני רופאים בכירים","","","","","","","","Review hospital roster record and department mapping before import.","","","",""
"reviewIssue","reviewIssue:caab4d3c6ab9a85121","canonicalDoctor:schneider:doctor-a51eb42657b30c5c","doctor-a51eb42657b30c5c","profileCoverageLow; listOnlyMostly; missingProfileUrl","schneider","schneider","פרופ' דריו פרייס","","","","","","","","Review hospital roster record and department mapping before import.","","","",""
"reviewIssue","reviewIssue:0f20eca0a431935b13","canonicalDoctor:schneider:doctor-d1db581eaad1a090","doctor-d1db581eaad1a090","profileCoverageLow; listOnlyMostly; missingProfileUrl","schneider","schneider","פרופ' עודד שוירמן","","","","","","","","Review hospital roster record and department mapping before import.","","","",""
"reviewIssue","reviewIssue:9b0a1b73b30e6d7676","canonicalDoctor:schneider:doctor-22ab5f7585872a0c","doctor-22ab5f7585872a0c","profileCoverageLow; listOnlyMostly; missingProfileUrl","schneider","schneider","פרופ' עירית קראוזה","","","","","","","","Review hospital roster record and department mapping before import.","","","",""
"reviewIssue","reviewIssue:9cdbd71517c418163e","canonicalDoctor:shalvata:doctor-ff338c340e975f3b","doctor-ff338c340e975f3b","hospitalRosterOnly; possibleOutOfScopeRole; traineeOrStudentRole","shalvata","shalvata","ד""ר דפנה שפט","https://hospitals.clalit.co.il/shalvata/he/about_us/Pages/daphna-shefet.aspx","","","","","","","Review whether this person belongs in a residency department roster.","","","",""
"reviewIssue","reviewIssue:3b759612324c3619e9","canonicalDoctor:shalvata:doctor-5d9a79744dcccedd","doctor-5d9a79744dcccedd","hospitalRosterOnly; possibleOutOfScopeRole; traineeOrStudentRole","shalvata","shalvata","ד""ר ישראל קריגר","https://hospitals.clalit.co.il/shalvata/he/about_us/Pages/kriger.aspx","","","","","","","Review whether this person belongs in a residency department roster.","","","",""
"reviewIssue","reviewIssue:9bdff24f58bc13ca0c","canonicalDoctor:shalvata:doctor-11ec2da70f76871e","doctor-11ec2da70f76871e","hospitalRosterOnly; possibleOutOfScopeRole; traineeOrStudentRole","shalvata","shalvata","פרופ' שלמה מנדלוביץ","https://hospitals.clalit.co.il/shalvata/he/about_us/Pages/mend.aspx","","","","","","","Review whether this person belongs in a residency department roster.","","","",""
"reviewIssue","reviewIssue:9acdb8c6ff3816be7c","canonicalDoctor:shamir:doctor-7939c8e0110d7a6d","doctor-7939c8e0110d7a6d","profileCoverageLow","shamir","מרכז רפואי יצחק שמיר","ד""ר בר יפתח","https://www.shamir.org/%D7%A8%D7%A9%D7%99%D7%9E%D7%95%D7%AA-%D7%9B%D7%9C%D7%9C%D7%99%D7%95%D7%AA/%D7%A8%D7%A9%D7%99%D7%9E%D7%AA-%D7%A2%D7%95%D7%91%D7%93%D7%99%D7%9D/bariftach/","","","","","","","Review hospital roster record and department mapping before import.","","","",""
"reviewIssue","reviewIssue:1022d15b68ff35b3bc","canonicalDoctor:shamir:doctor-8d969540f8e66697","doctor-8d969540f8e66697","profileCoverageLow; suspiciousName; possibleProseExtraction","shamir","מרכז רפואי יצחק שמיר","ד""ר בר יפתח אחות אחראית במחלקה האורתופדית גב' מורד איטל","https://www.shamir.org/%D7%A8%D7%A9%D7%99%D7%9E%D7%95%D7%AA-%D7%9B%D7%9C%D7%9C%D7%99%D7%95%D7%AA/%D7%A8%D7%A9%D7%99%D7%9E%D7%AA-%D7%A2%D7%95%D7%91%D7%93%D7%99%D7%9D/moradeitle/","","","","","","","Review hospital roster record and department mapping before import.","","","",""
"reviewIssue","reviewIssue:e1dccfde6e11eec10f","doctorDepartmentLink:7cbc089903a75aeed5","doctor-baffa8e9569bd3fd","matchConfidenceReviewNeeded; ambiguityReason","shamir","מרכז רפואי יצחק שמיר","ד""ר דבורה שטרסבורגר מנהלת המעבדה ביחידה להפריה חוץ גופית במרכז הרפואי שמיר","https://www.shamir.org/%D7%A8%D7%A9%D7%99%D7%9E%D7%95%D7%AA-%D7%9B%D7%9C%D7%9C%D7%99%D7%95%D7%AA/%D7%A8%D7%A9%D7%99%D7%9E%D7%AA-%D7%97%D7%93%D7%A9%D7%95%D7%AA/airevolution/","","","reviewNeeded","multipleMasterDeptHospitalRows","","https://www.shamir.org/","Confirm doctor-department mapping.","","","",""
"reviewIssue","reviewIssue:0951cb9500dfde6cdc","canonicalDoctor:shamir:doctor-baffa8e9569bd3fd","doctor-baffa8e9569bd3fd","profileCoverageLow; suspiciousName; overlongName; possibleProseExtraction","shamir","מרכז רפואי יצחק שמיר","ד""ר דבורה שטרסבורגר מנהלת המעבדה ביחידה להפריה חוץ גופית במרכז הרפואי שמיר","https://www.shamir.org/%D7%A8%D7%A9%D7%99%D7%9E%D7%95%D7%AA-%D7%9B%D7%9C%D7%9C%D7%99%D7%95%D7%AA/%D7%A8%D7%A9%D7%99%D7%9E%D7%AA-%D7%97%D7%93%D7%A9%D7%95%D7%AA/airevolution/","","","","","","","Review hospital roster record and department mapping before import.","","","",""
"reviewIssue","reviewIssue:7d0f3f464924db10f8","canonicalDoctor:shamir:doctor-2effedfb6a2af312","doctor-2effedfb6a2af312","profileCoverageLow; listOnlyMostly; missingProfileUrl","shamir","מרכז רפואי יצחק שמיר","ד""ר דניאל פוקס","","","","","","","","Review hospital roster record and department mapping before import.","","","",""
"reviewIssue","reviewIssue:8376c3db503ac8787c","canonicalDoctor:shamir:doctor-e7e88976df73c59d","doctor-e7e88976df73c59d","profileCoverageLow; listOnlyMostly; missingProfileUrl","shamir","מרכז רפואי יצחק שמיר","ד""ר יעל להט","","","","","","","","Review hospital roster record and department mapping before import.","","","",""
"reviewIssue","reviewIssue:b7db83a4f03744e53e","canonicalDoctor:shamir:doctor-03b757c954c8e353","doctor-03b757c954c8e353","profileCoverageLow; listOnlyMostly; missingProfileUrl","shamir","מרכז רפואי יצחק שמיר","ד""ר מלי קלר","","","","","","","","Review hospital roster record and department mapping before import.","","","",""
"reviewIssue","reviewIssue:63b6da44a58d024be1","canonicalDoctor:shamir:doctor-fb87919b1e787c1b","doctor-fb87919b1e787c1b","profileCoverageLow; listOnlyMostly; missingProfileUrl","shamir","מרכז רפואי יצחק שמיר","ד""ר רונית קורן","","","","","","","","Review hospital roster record and department mapping before import.","","","",""
"reviewIssue","reviewIssue:e427657ed1ff4b5a78","canonicalDoctor:shamir:doctor-42eb774368cb4140","doctor-42eb774368cb4140","profileCoverageLow; listOnlyMostly; missingProfileUrl; suspiciousName; overlongName","shamir","מרכז רפואי יצחק שמיר","ד""ר רונית קורן והמרפאה לזיהומים בהריון באחריות ד""ר רונית זיידנשטיין. במרפאות אלה מטופלות נשים ה","","","","","","","","Review hospital roster record and department mapping before import.","","","",""
"reviewIssue","reviewIssue:018cea28391c9e744e","canonicalDoctor:shamir:doctor-f2c5ed1bc9cc2e5c","doctor-f2c5ed1bc9cc2e5c","profileCoverageLow","shamir","מרכז רפואי יצחק שמיר","ד""ר רייזלר גד","https://www.shamir.org/%D7%A8%D7%A9%D7%99%D7%9E%D7%95%D7%AA-%D7%9B%D7%9C%D7%9C%D7%99%D7%95%D7%AA/%D7%A8%D7%A9%D7%99%D7%9E%D7%AA-%D7%A2%D7%95%D7%91%D7%93%D7%99%D7%9D/%D7%93%D7%A8-%D7%A8%D7%99%D7%99%D7%96%D7%9C%D7%A8-%D7%92%D7%93/","","","","","","","Review hospital roster record and department mapping before import.","","","",""
"reviewIssue","reviewIssue:207770dd4945bfcbce","canonicalDoctor:shamir:doctor-2d24387099c4fae3","doctor-2d24387099c4fae3","profileCoverageLow","shamir","מרכז רפואי יצחק שמיר","פרופ' מיכל קובו","https://www.shamir.org/%D7%A8%D7%A9%D7%99%D7%9E%D7%95%D7%AA-%D7%9B%D7%9C%D7%9C%D7%99%D7%95%D7%AA/%D7%A8%D7%A9%D7%99%D7%9E%D7%AA-%D7%A2%D7%95%D7%91%D7%93%D7%99%D7%9D/michal-kobo/","","","","","","","Review hospital roster record and department mapping before import.","","","",""
"reviewIssue","reviewIssue:197c58f7f5ce05cbd5","canonicalDoctor:shamir:doctor-7d849b0c62f5dac4","doctor-7d849b0c62f5dac4","profileCoverageLow","shamir","מרכז רפואי יצחק שמיר","פרופ' קובי סתיו","https://www.shamir.org/clinics/gynecology/noiroorology/","","","","","","","Review hospital roster record and department mapping before import.","","","",""
"reviewIssue","reviewIssue:a1d1f534ed80efd743","canonicalDoctor:yoseftal:doctor-146fdc59871f32c0","doctor-146fdc59871f32c0","hospitalRosterOnly; profileCoverageLow; listOnlyMostly; missingProfileUrl","yoseftal","yoseftal","ד""ר אברהם רלו","","","","","","","","Review hospital roster record and department mapping before import.","","","",""
"reviewIssue","reviewIssue:637d11ea7b1a0314b7","canonicalDoctor:yoseftal:doctor-78f7d53262a60c67","doctor-78f7d53262a60c67","hospitalRosterOnly; profileCoverageLow; listOnlyMostly; missingProfileUrl; suspiciousName; overlongName","yoseftal","yoseftal","ד""ר איתי בן ציוןבית חולים שיבא-תל השומרמומחה לרפואת עיניים ילדים. ניתוחי קטרקט","","","","","","","","Review hospital roster record and department mapping before import.","","","",""
"reviewIssue","reviewIssue:ee179c63805628f6de","canonicalDoctor:yoseftal:doctor-6de19617878638a1","doctor-6de19617878638a1","hospitalRosterOnly; profileCoverageLow; listOnlyMostly; missingProfileUrl","yoseftal","yoseftal","ד""ר ארנון קרניבית חולים איכילובמנהל מרפאה","","","","","","","","Review hospital roster record and department mapping before import.","","","",""
"reviewIssue","reviewIssue:757e67da674fc03f70","canonicalDoctor:yoseftal:doctor-eb2c2f598f3d56ae","doctor-eb2c2f598f3d56ae","hospitalRosterOnly; profileCoverageLow; listOnlyMostly; missingProfileUrl","yoseftal","yoseftal","ד""ר אשור יפה","","","","","","","","Review hospital roster record and department mapping before import.","","","",""
"reviewIssue","reviewIssue:0e67cd43bafae78151","canonicalDoctor:yoseftal:doctor-84d132565405a030","doctor-84d132565405a030","hospitalRosterOnly; profileCoverageLow; listOnlyMostly; missingProfileUrl","yoseftal","yoseftal","ד""ר בחרך לב","","","","","","","","Review hospital roster record and department mapping before import.","","","",""
"reviewIssue","reviewIssue:9dae8b11d82f9cd704","canonicalDoctor:yoseftal:doctor-87b584da56cb9e1c","doctor-87b584da56cb9e1c","hospitalRosterOnly; profileCoverageLow; listOnlyMostly; missingProfileUrl","yoseftal","yoseftal","ד""ר גרבצב איליה","","","","","","","","Review hospital roster record and department mapping before import.","","","",""
"reviewIssue","reviewIssue:16d210f10b0dc36a1f","canonicalDoctor:yoseftal:doctor-a4f896c0724a24d3","doctor-a4f896c0724a24d3","hospitalRosterOnly; profileCoverageLow; listOnlyMostly; missingProfileUrl; suspiciousName; overlongName; possibleProseExtraction","yoseftal","yoseftal","ד""ר דימיטרי שייניסבית חולים בלינסון-רביןרופא בכיר במחלקה אורתופדיה","","","","","","","","Review hospital roster record and department mapping before import.","","","",""
"reviewIssue","reviewIssue:f0ba5f3937d943e84c","canonicalDoctor:yoseftal:doctor-9d93435ac9d9ca91","doctor-9d93435ac9d9ca91","hospitalRosterOnly; profileCoverageLow; listOnlyMostly; missingProfileUrl","yoseftal","yoseftal","ד""ר דנילושקין יבגני","","","","","","","","Review hospital roster record and department mapping before import.","","","",""
"reviewIssue","reviewIssue:899bed8f29256e3e00","canonicalDoctor:yoseftal:doctor-93088934172cd0fa","doctor-93088934172cd0fa","hospitalRosterOnly; profileCoverageLow; listOnlyMostly; missingProfileUrl","yoseftal","yoseftal","ד""ר יארונובסקי אלכסנדר","","","","","","","","Review hospital roster record and department mapping before import.","","","",""
"reviewIssue","reviewIssue:ae27d196199bcd4761","canonicalDoctor:yoseftal:doctor-fb5b81072b341d1a","doctor-fb5b81072b341d1a","hospitalRosterOnly; profileCoverageLow; listOnlyMostly; missingProfileUrl","yoseftal","yoseftal","ד""ר מזור אמיר","","","","","","","","Review hospital roster record and department mapping before import.","","","",""
"reviewIssue","reviewIssue:9cfafdc5c24cc050f1","canonicalDoctor:yoseftal:doctor-38eb5862344c463f","doctor-38eb5862344c463f","hospitalRosterOnly; profileCoverageLow; listOnlyMostly; missingProfileUrl","yoseftal","yoseftal","ד""ר נוגריאן אלבר","","","","","","","","Review hospital roster record and department mapping before import.","","","",""
"reviewIssue","reviewIssue:6954461b09c8a81039","canonicalDoctor:yoseftal:doctor-2589cfc5cf548b93","doctor-2589cfc5cf548b93","hospitalRosterOnly; profileCoverageLow; listOnlyMostly; missingProfileUrl; overlongName","yoseftal","yoseftal","ד""ר עמוס נאמןבית חולים אסף הרופאאורולוג בכיר מנתח מומחה לאורולוגיה ואורולוגית ילדים","","","","","","","","Review hospital roster record and department mapping before import.","","","",""
"reviewIssue","reviewIssue:a7aceadd3e75dcab7e","canonicalDoctor:yoseftal:doctor-e458d06c93aed4bb","doctor-e458d06c93aed4bb","hospitalRosterOnly; profileCoverageLow; listOnlyMostly; missingProfileUrl","yoseftal","yoseftal","ד""ר קובס ילנה","","","","","","","","Review hospital roster record and department mapping before import.","","","",""
"reviewIssue","reviewIssue:f5b9c0df3c57442e2f","canonicalDoctor:yoseftal:doctor-94f9d89ef975100d","doctor-94f9d89ef975100d","hospitalRosterOnly; profileCoverageLow; listOnlyMostly; missingProfileUrl","yoseftal","yoseftal","ד""ר ריטה ארליךבית חולים בלינסון-רביןמומחית ברפואת עיניים","","","","","","","","Review hospital roster record and department mapping before import.","","","",""
"reviewIssue","reviewIssue:ba17e047489afa73d0","canonicalDoctor:yoseftal:doctor-c67e07b1593eb163","doctor-c67e07b1593eb163","hospitalRosterOnly; profileCoverageLow; listOnlyMostly; missingProfileUrl","yoseftal","yoseftal","ד""ר שושנה קבוט","","","","","","","","Review hospital roster record and department mapping before import.","","","",""
"reviewIssue","reviewIssue:78ff63ee49f1f74bed","canonicalDoctor:yoseftal:doctor-56d1b78ac27311a3","doctor-56d1b78ac27311a3","hospitalRosterOnly; profileCoverageLow; listOnlyMostly; missingProfileUrl","yoseftal","yoseftal","ד""ר שיפרין ויטלי","","","","","","","","Review hospital roster record and department mapping before import.","","","",""
"reviewIssue","reviewIssue:66b0ccd2c26b1f2128","canonicalDoctor:yoseftal:doctor-a2ca5b3b94826d67","doctor-a2ca5b3b94826d67","hospitalRosterOnly; profileCoverageLow; listOnlyMostly; missingProfileUrl","yoseftal","yoseftal","פרופסור אלכסנדר פיש","","","","","","","","Review hospital roster record and department mapping before import.","","","",""
"reviewIssue","reviewIssue:8f3a5b675e2e963091","canonicalDoctor:yoseftal:doctor-0492ce3bca53b042","doctor-0492ce3bca53b042","hospitalRosterOnly; profileCoverageLow; listOnlyMostly; missingProfileUrl","yoseftal","yoseftal","פרופסור ארנון כהןמרפאות","","","","","","","","Review hospital roster record and department mapping before import.","","","",""
